solid OpenSCAD_Model
  facet normal -1 0 0
    outer loop
      vertex -38 29 3
      vertex -38 29 12.200000000000003
      vertex -38 34 3
    endloop
  endfacet
  facet normal 0 -1 0
    outer loop
      vertex -38 29 3
      vertex -33 29 3
      vertex -33 29 12.200000000000003
    endloop
  endfacet
  facet normal 1 0 0
    outer loop
      vertex -33 29 3
      vertex -33 34 3
      vertex -33 34 12.200000000000003
    endloop
  endfacet
  facet normal 0 1 0
    outer loop
      vertex -38 34 3
      vertex -38 34 12.200000000000003
      vertex -33 34 3
    endloop
  endfacet
  facet normal -1 0 0
    outer loop
      vertex -38 34 3
      vertex -38 29 12.200000000000003
      vertex -38 34 12.200000000000003
    endloop
  endfacet
  facet normal 0 -1 0
    outer loop
      vertex -38 29 3
      vertex -33 29 12.200000000000003
      vertex -38 29 12.200000000000003
    endloop
  endfacet
  facet normal 1 0 0
    outer loop
      vertex -33 29 3
      vertex -33 34 12.200000000000003
      vertex -33 29 12.200000000000003
    endloop
  endfacet
  facet normal 0 1 0
    outer loop
      vertex -33 34 3
      vertex -38 34 12.200000000000003
      vertex -33 34 12.200000000000003
    endloop
  endfacet
  facet normal 0 0 1
    outer loop
      vertex -38 29 12.200000000000003
      vertex -33 29 12.200000000000003
      vertex -38 34 12.200000000000003
    endloop
  endfacet
  facet normal 0 0 1
    outer loop
      vertex -38 34 12.200000000000003
      vertex -33 29 12.200000000000003
      vertex -33 34 12.200000000000003
    endloop
  endfacet
  facet normal -1 0 0
    outer loop
      vertex -38 57 3
      vertex -38 57 24.2
      vertex -38 62 3
    endloop
  endfacet
  facet normal 0 -1 0
    outer loop
      vertex -38 57 3
      vertex -33 57 3
      vertex -33 57 24.2
    endloop
  endfacet
  facet normal 0 1 0
    outer loop
      vertex -38 62 3
      vertex -38 62 24.2
      vertex -33 62 3
    endloop
  endfacet
  facet normal 1 0 0
    outer loop
      vertex -33 57 3
      vertex -33 62 3
      vertex -33 62 24.2
    endloop
  endfacet
  facet normal -1 0 0
    outer loop
      vertex -38 62 3
      vertex -38 57 24.2
      vertex -38 62 24.2
    endloop
  endfacet
  facet normal 0 -1 0
    outer loop
      vertex -38 57 3
      vertex -33 57 24.2
      vertex -38 57 24.2
    endloop
  endfacet
  facet normal 0 1 0
    outer loop
      vertex -33 62 3
      vertex -38 62 24.2
      vertex -33 62 24.2
    endloop
  endfacet
  facet normal 1 0 0
    outer loop
      vertex -33 57 3
      vertex -33 62 24.2
      vertex -33 57 24.2
    endloop
  endfacet
  facet normal 0 0 1
    outer loop
      vertex -38 57 24.2
      vertex -33 57 24.2
      vertex -38 62 24.2
    endloop
  endfacet
  facet normal 0 0 1
    outer loop
      vertex -38 62 24.2
      vertex -33 57 24.2
      vertex -33 62 24.2
    endloop
  endfacet
  facet normal -1 0 0
    outer loop
      vertex -38 83 3
      vertex -38 83 27
      vertex -38 88 3
    endloop
  endfacet
  facet normal 0 -1 0
    outer loop
      vertex -38 83 3
      vertex -33 83 3
      vertex -33 83 27
    endloop
  endfacet
  facet normal 0 1 0
    outer loop
      vertex -38 88 3
      vertex -38 88 27
      vertex -33 88 3
    endloop
  endfacet
  facet normal 1 0 0
    outer loop
      vertex -33 83 3
      vertex -33 88 3
      vertex -33 88 27
    endloop
  endfacet
  facet normal -1 0 0
    outer loop
      vertex -38 88 3
      vertex -38 83 27
      vertex -38 88 27
    endloop
  endfacet
  facet normal 0 -1 0
    outer loop
      vertex -38 83 3
      vertex -33 83 27
      vertex -38 83 27
    endloop
  endfacet
  facet normal 0 1 0
    outer loop
      vertex -33 88 3
      vertex -38 88 27
      vertex -33 88 27
    endloop
  endfacet
  facet normal 1 0 0
    outer loop
      vertex -33 83 3
      vertex -33 88 27
      vertex -33 83 27
    endloop
  endfacet
  facet normal 0 0 1
    outer loop
      vertex -38 83 27
      vertex -33 83 27
      vertex -38 88 27
    endloop
  endfacet
  facet normal 0 0 1
    outer loop
      vertex -38 88 27
      vertex -33 83 27
      vertex -33 88 27
    endloop
  endfacet
  facet normal -0.9039892934235105 -0.42755509279584325 0
    outer loop
      vertex -42.33588994294405 -24.12017110735178 0
      vertex -42.33588994294405 -24.12017110735178 3
      vertex -43.99324153363705 -20.615995578467846 3
    endloop
  endfacet
  facet normal -0.8577286095092086 -0.5141027450125115 0
    outer loop
      vertex -42.33588994294405 -24.12017110735178 0
      vertex -40.34304968267679 -27.445024207234383 0
      vertex -42.33588994294405 -24.12017110735178 3
    endloop
  endfacet
  facet normal -0.8032075313968616 -0.595699304605402 0
    outer loop
      vertex -40.34304968267679 -27.445024207234383 0
      vertex -38.033912904560566 -30.55853472650051 0
      vertex -40.34304968267679 -27.445024207234383 3
    endloop
  endfacet
  facet normal -0.7409511252495091 -0.6715589549633645 0
    outer loop
      vertex -38.033912904560566 -30.55853472650051 0
      vertex -35.43071785569191 -33.43071785569191 0
      vertex -38.033912904560566 -30.55853472650051 3
    endloop
  endfacet
  facet normal -0.8577286095092086 -0.5141027450125115 1.909397743899256e-17
    outer loop
      vertex -42.33588994294405 -24.12017110735178 3
      vertex -40.34304968267679 -27.445024207234383 0
      vertex -40.34304968267679 -27.445024207234383 3
    endloop
  endfacet
  facet normal -0.8032075313968616 -0.595699304605402 0
    outer loop
      vertex -38.033912904560566 -30.55853472650051 0
      vertex -38.033912904560566 -30.55853472650051 3
      vertex -40.34304968267679 -27.445024207234383 3
    endloop
  endfacet
  facet normal -0.9415440651278848 -0.33688985354631473 0
    outer loop
      vertex -45.29914326220751 -16.966244749724865 0
      vertex -43.99324153363705 -20.615995578467846 0
      vertex -45.29914326220751 -16.966244749724865 3
    endloop
  endfacet
  facet normal -0.9700312530798457 -0.24298018036116556 -9.546988726425054e-18
    outer loop
      vertex -45.29914326220751 -16.966244749724865 0
      vertex -46.24101857841015 -13.206067718565464 3
      vertex -46.24101857841015 -13.206067718565464 0
    endloop
  endfacet
  facet normal -0.9039892934235105 -0.42755509279584325 -2.864096616453058e-17
    outer loop
      vertex -42.33588994294405 -24.12017110735178 0
      vertex -43.99324153363705 -20.615995578467846 3
      vertex -43.99324153363705 -20.615995578467846 0
    endloop
  endfacet
  facet normal -0.9891765099769373 -0.14673047437341075 0
    outer loop
      vertex -46.24101857841015 -13.206067718565464 0
      vertex -46.24101857841015 -13.206067718565464 3
      vertex -46.80979670584202 -9.371677041053772 3
    endloop
  endfacet
  facet normal -0.9700312530798457 -0.24298018036116556 0
    outer loop
      vertex -45.29914326220751 -16.966244749724865 0
      vertex -45.29914326220751 -16.966244749724865 3
      vertex -46.24101857841015 -13.206067718565464 3
    endloop
  endfacet
  facet normal -0.9415440651278848 -0.33688985354631473 0
    outer loop
      vertex -43.99324153363705 -20.615995578467846 0
      vertex -43.99324153363705 -20.615995578467846 3
      vertex -45.29914326220751 -16.966244749724865 3
    endloop
  endfacet
  facet normal -0.9891765099769373 -0.14673047437341075 1.9093977447066455e-17
    outer loop
      vertex -46.24101857841015 -13.206067718565464 0
      vertex -46.80979670584202 -9.371677041053772 3
      vertex -46.80979670584202 -9.371677041053772 0
    endloop
  endfacet
  facet normal -0.9987954562329081 -0.049067673762845 0
    outer loop
      vertex -46.80979670584202 -9.371677041053772 0
      vertex -47 -5.5 3
      vertex -47 -5.5 0
    endloop
  endfacet
  facet normal -0.9987954562329081 -0.049067673762845 0
    outer loop
      vertex -46.80979670584202 -9.371677041053772 0
      vertex -46.80979670584202 -9.371677041053772 3
      vertex -47 -5.5 3
    endloop
  endfacet
  facet normal 0 0 1
    outer loop
      vertex -38.033912904560566 -30.55853472650051 3
      vertex -35.43071785569191 -33.43071785569191 3
      vertex -38 29 3
    endloop
  endfacet
  facet normal -0.6715589549633645 -0.7409511252495091 9.546988734959418e-18
    outer loop
      vertex -32.55853472650051 -36.033912904560566 0
      vertex -35.43071785569191 -33.43071785569191 3
      vertex -35.43071785569191 -33.43071785569191 0
    endloop
  endfacet
  facet normal -0.6715589549633645 -0.7409511252495091 0
    outer loop
      vertex -32.55853472650051 -36.033912904560566 0
      vertex -32.55853472650051 -36.033912904560566 3
      vertex -35.43071785569191 -33.43071785569191 3
    endloop
  endfacet
  facet normal 0 0 -1
    outer loop
      vertex -32.55853472650051 -36.033912904560566 0
      vertex -35.43071785569191 -33.43071785569191 0
      vertex -32.63851289729034 -29.62428903045161 0
    endloop
  endfacet
  facet normal 0 0 -1
    outer loop
      vertex -35.43071785569191 -33.43071785569191 0
      vertex -32.684591125351034 -29.313654849054593 0
      vertex -32.63851289729034 -29.62428903045161 0
    endloop
  endfacet
  facet normal 0 0 -1
    outer loop
      vertex -35.43071785569191 -33.43071785569191 0
      vertex -32.7 -29 0
      vertex -32.684591125351034 -29.313654849054593 0
    endloop
  endfacet
  facet normal 0 0 -1
    outer loop
      vertex -32.55853472650051 -36.033912904560566 0
      vertex -32.32214804591474 -30.508469557843192 0
      vertex -32.16070275936814 -30.777824745662727 0
    endloop
  endfacet
  facet normal 0 0 -1
    outer loop
      vertex -32.55853472650051 -36.033912904560566 0
      vertex -32.16070275936814 -30.777824745662727 0
      vertex -31.973633450760758 -31.030058509323666 0
    endloop
  endfacet
  facet normal 0 0 -1
    outer loop
      vertex -32.55853472650051 -36.033912904560566 0
      vertex -32.562209074343066 -29.92891096721428 0
      vertex -32.45641450403612 -30.224586983568287 0
    endloop
  endfacet
  facet normal 0 0 -1
    outer loop
      vertex -32.55853472650051 -36.033912904560566 0
      vertex -32.63851289729034 -29.62428903045161 0
      vertex -32.562209074343066 -29.92891096721428 0
    endloop
  endfacet
  facet normal 0 0 -1
    outer loop
      vertex -32.55853472650051 -36.033912904560566 0
      vertex -32.45641450403612 -30.224586983568287 0
      vertex -32.32214804591474 -30.508469557843192 0
    endloop
  endfacet
  facet normal -0.7409511252495091 -0.6715589549633645 9.546988734959418e-18
    outer loop
      vertex -38.033912904560566 -30.55853472650051 3
      vertex -35.43071785569191 -33.43071785569191 0
      vertex -35.43071785569191 -33.43071785569191 3
    endloop
  endfacet
  facet normal 0 0 -1
    outer loop
      vertex -32.55853472650051 -36.033912904560566 0
      vertex -29.813654849054593 -32.184591125351034 0
      vertex -29.445024207234383 -38.34304968267679 0
    endloop
  endfacet
  facet normal -0.595699304605402 -0.8032075313968616 0
    outer loop
      vertex -32.55853472650051 -36.033912904560566 0
      vertex -29.445024207234383 -38.34304968267679 0
      vertex -32.55853472650051 -36.033912904560566 3
    endloop
  endfacet
  facet normal 0 0 -1
    outer loop
      vertex -29.445024207234383 -38.34304968267679 0
      vertex -29.813654849054593 -32.184591125351034 0
      vertex -29.5 -32.2 0
    endloop
  endfacet
  facet normal 0 0 -1
    outer loop
      vertex -29.445024207234383 -38.34304968267679 0
      vertex -29.5 -32.2 0
      vertex -29.186345150945407 -32.184591125351034 0
    endloop
  endfacet
  facet normal 0 0 -1
    outer loop
      vertex -29.445024207234383 -38.34304968267679 0
      vertex -29.186345150945407 -32.184591125351034 0
      vertex -28.87571096954839 -32.13851289729034 0
    endloop
  endfacet
  facet normal 0 0 -1
    outer loop
      vertex -29.445024207234383 -38.34304968267679 0
      vertex -28.87571096954839 -32.13851289729034 0
      vertex -28.57108903278572 -32.062209074343066 0
    endloop
  endfacet
  facet normal 0 0 -1
    outer loop
      vertex -29.445024207234383 -38.34304968267679 0
      vertex -28.57108903278572 -32.062209074343066 0
      vertex -26.12017110735178 -40.33588994294405 0
    endloop
  endfacet
  facet normal 0 0 -1
    outer loop
      vertex -26.12017110735178 -40.33588994294405 0
      vertex -28.57108903278572 -32.062209074343066 0
      vertex -28.275413016431713 -31.95641450403612 0
    endloop
  endfacet
  facet normal 0 0 -1
    outer loop
      vertex -26.12017110735178 -40.33588994294405 0
      vertex -28.275413016431713 -31.95641450403612 0
      vertex -27.991530442156808 -31.822148045914737 0
    endloop
  endfacet
  facet normal 0 0 -1
    outer loop
      vertex -26.12017110735178 -40.33588994294405 0
      vertex -27.991530442156808 -31.822148045914737 0
      vertex -27.722175254337273 -31.660702759368146 0
    endloop
  endfacet
  facet normal -0.5141027450125115 -0.8577286095092086 0
    outer loop
      vertex -29.445024207234383 -38.34304968267679 0
      vertex -26.12017110735178 -40.33588994294405 0
      vertex -29.445024207234383 -38.34304968267679 3
    endloop
  endfacet
  facet normal -0.595699304605402 -0.8032075313968616 0
    outer loop
      vertex -32.55853472650051 -36.033912904560566 3
      vertex -29.445024207234383 -38.34304968267679 0
      vertex -29.445024207234383 -38.34304968267679 3
    endloop
  endfacet
  facet normal 0 0 1
    outer loop
      vertex -32.55853472650051 -36.033912904560566 3
      vertex -29.445024207234383 -38.34304968267679 3
      vertex -29.666629138560253 -30.691814035342734 3
    endloop
  endfacet
  facet normal 0 0 1
    outer loop
      vertex -29.445024207234383 -38.34304968267679 3
      vertex -26.12017110735178 -40.33588994294405 3
      vertex -28.849438164979347 -30.570595205269186 3
    endloop
  endfacet
  facet normal 0 0 1
    outer loop
      vertex -26.12017110735178 -40.33588994294405 3
      vertex -28.698625547395803 -30.499266149392202 3
      vertex -28.849438164979347 -30.570595205269186 3
    endloop
  endfacet
  facet normal 0 0 -1
    outer loop
      vertex -32.55853472650051 -36.033912904560566 0
      vertex -31.973633450760758 -31.030058509323666 0
      vertex -31.76274169979695 -31.26274169979695 0
    endloop
  endfacet
  facet normal 0 0 -1
    outer loop
      vertex -32.55853472650051 -36.033912904560566 0
      vertex -31.76274169979695 -31.26274169979695 0
      vertex -31.530058509323666 -31.473633450760758 0
    endloop
  endfacet
  facet normal 0 0 -1
    outer loop
      vertex -32.55853472650051 -36.033912904560566 0
      vertex -31.530058509323666 -31.473633450760758 0
      vertex -31.277824745662727 -31.660702759368146 0
    endloop
  endfacet
  facet normal 0 0 -1
    outer loop
      vertex -32.55853472650051 -36.033912904560566 0
      vertex -31.277824745662727 -31.660702759368146 0
      vertex -31.008469557843192 -31.822148045914737 0
    endloop
  endfacet
  facet normal 0 0 -1
    outer loop
      vertex -32.55853472650051 -36.033912904560566 0
      vertex -31.008469557843192 -31.822148045914737 0
      vertex -30.724586983568287 -31.95641450403612 0
    endloop
  endfacet
  facet normal 0 0 -1
    outer loop
      vertex -32.55853472650051 -36.033912904560566 0
      vertex -30.724586983568287 -31.95641450403612 0
      vertex -30.42891096721428 -32.062209074343066 0
    endloop
  endfacet
  facet normal 0 0 -1
    outer loop
      vertex -32.55853472650051 -36.033912904560566 0
      vertex -30.42891096721428 -32.062209074343066 0
      vertex -30.12428903045161 -32.13851289729034 0
    endloop
  endfacet
  facet normal 0 0 -1
    outer loop
      vertex -32.55853472650051 -36.033912904560566 0
      vertex -30.12428903045161 -32.13851289729034 0
      vertex -29.813654849054593 -32.184591125351034 0
    endloop
  endfacet
  facet normal 0 0 1
    outer loop
      vertex -32.55853472650051 -36.033912904560566 3
      vertex -31.070595205269186 -29.650561835020653 3
      vertex -31.126798570744754 -29.493483951332585 3
    endloop
  endfacet
  facet normal 0 0 1
    outer loop
      vertex -32.55853472650051 -36.033912904560566 3
      vertex -31.2 -29 3
      vertex -31.191814035342734 -28.833370861439747 3
    endloop
  endfacet
  facet normal 0 0 1
    outer loop
      vertex -32.55853472650051 -36.033912904560566 3
      vertex -31.191814035342734 -29.166629138560253 3
      vertex -31.2 -29 3
    endloop
  endfacet
  facet normal 0 0 1
    outer loop
      vertex -32.55853472650051 -36.033912904560566 3
      vertex -31.126798570744754 -29.493483951332585 3
      vertex -31.167334976685492 -29.33165354742742 3
    endloop
  endfacet
  facet normal 0 0 1
    outer loop
      vertex -32.55853472650051 -36.033912904560566 3
      vertex -31.167334976685492 -29.33165354742742 3
      vertex -31.191814035342734 -29.166629138560253 3
    endloop
  endfacet
  facet normal 0 0 1
    outer loop
      vertex -32.55853472650051 -36.033912904560566 3
      vertex -31.191814035342734 -28.833370861439747 3
      vertex -31.167334976685492 -28.66834645257258 3
    endloop
  endfacet
  facet normal 0 0 1
    outer loop
      vertex -32.55853472650051 -36.033912904560566 3
      vertex -30.150561835020653 -30.570595205269186 3
      vertex -30.301374452604197 -30.499266149392202 3
    endloop
  endfacet
  facet normal 0 0 1
    outer loop
      vertex -32.55853472650051 -36.033912904560566 3
      vertex -30.814117770716653 -30.078468583078198 3
      vertex -30.913498340914327 -29.944469396133325 3
    endloop
  endfacet
  facet normal 0 0 1
    outer loop
      vertex -32.55853472650051 -36.033912904560566 3
      vertex -30.999266149392202 -29.801374452604197 3
      vertex -31.070595205269186 -29.650561835020653 3
    endloop
  endfacet
  facet normal 0 0 1
    outer loop
      vertex -32.55853472650051 -36.033912904560566 3
      vertex -30.913498340914327 -29.944469396133325 3
      vertex -30.999266149392202 -29.801374452604197 3
    endloop
  endfacet
  facet normal 0 0 1
    outer loop
      vertex -32.55853472650051 -36.033912904560566 3
      vertex -30.702081528017132 -30.202081528017132 3
      vertex -30.814117770716653 -30.078468583078198 3
    endloop
  endfacet
  facet normal 0 0 1
    outer loop
      vertex -32.55853472650051 -36.033912904560566 3
      vertex -30.578468583078198 -30.314117770716653 3
      vertex -30.702081528017132 -30.202081528017132 3
    endloop
  endfacet
  facet normal 0 0 1
    outer loop
      vertex -32.55853472650051 -36.033912904560566 3
      vertex -30.444469396133325 -30.413498340914327 3
      vertex -30.578468583078198 -30.314117770716653 3
    endloop
  endfacet
  facet normal 0 0 1
    outer loop
      vertex -32.55853472650051 -36.033912904560566 3
      vertex -30.301374452604197 -30.499266149392202 3
      vertex -30.444469396133325 -30.413498340914327 3
    endloop
  endfacet
  facet normal 0 0 1
    outer loop
      vertex -32.55853472650051 -36.033912904560566 3
      vertex -29.993483951332585 -30.626798570744754 3
      vertex -30.150561835020653 -30.570595205269186 3
    endloop
  endfacet
  facet normal 0 0 1
    outer loop
      vertex -32.55853472650051 -36.033912904560566 3
      vertex -29.83165354742742 -30.667334976685492 3
      vertex -29.993483951332585 -30.626798570744754 3
    endloop
  endfacet
  facet normal 0 0 1
    outer loop
      vertex -32.55853472650051 -36.033912904560566 3
      vertex -29.666629138560253 -30.691814035342734 3
      vertex -29.83165354742742 -30.667334976685492 3
    endloop
  endfacet
  facet normal 0 0 1
    outer loop
      vertex -29.445024207234383 -38.34304968267679 3
      vertex -29.5 -30.7 3
      vertex -29.666629138560253 -30.691814035342734 3
    endloop
  endfacet
  facet normal 0 0 1
    outer loop
      vertex -29.445024207234383 -38.34304968267679 3
      vertex -29.333370861439747 -30.691814035342734 3
      vertex -29.5 -30.7 3
    endloop
  endfacet
  facet normal 0 0 1
    outer loop
      vertex -29.445024207234383 -38.34304968267679 3
      vertex -29.16834645257258 -30.667334976685492 3
      vertex -29.333370861439747 -30.691814035342734 3
    endloop
  endfacet
  facet normal 0 0 1
    outer loop
      vertex -29.445024207234383 -38.34304968267679 3
      vertex -29.006516048667415 -30.626798570744754 3
      vertex -29.16834645257258 -30.667334976685492 3
    endloop
  endfacet
  facet normal 0 0 1
    outer loop
      vertex -29.445024207234383 -38.34304968267679 3
      vertex -28.849438164979347 -30.570595205269186 3
      vertex -29.006516048667415 -30.626798570744754 3
    endloop
  endfacet
  facet normal 0 0 1
    outer loop
      vertex -26.12017110735178 -40.33588994294405 3
      vertex -28.555530603866675 -30.413498340914327 3
      vertex -28.698625547395803 -30.499266149392202 3
    endloop
  endfacet
  facet normal 0 0 1
    outer loop
      vertex -26.12017110735178 -40.33588994294405 3
      vertex -28.421531416921802 -30.314117770716653 3
      vertex -28.555530603866675 -30.413498340914327 3
    endloop
  endfacet
  facet normal 0 0 1
    outer loop
      vertex -26.12017110735178 -40.33588994294405 3
      vertex -28.297918471982868 -30.202081528017132 3
      vertex -28.421531416921802 -30.314117770716653 3
    endloop
  endfacet
  facet normal 0 0 1
    outer loop
      vertex -26.12017110735178 -40.33588994294405 3
      vertex -28.185882229283347 -30.078468583078198 3
      vertex -28.297918471982868 -30.202081528017132 3
    endloop
  endfacet
  facet normal 0 0 1
    outer loop
      vertex -26.12017110735178 -40.33588994294405 3
      vertex -28.086501659085673 -29.944469396133325 3
      vertex -28.185882229283347 -30.078468583078198 3
    endloop
  endfacet
  facet normal 0 0 1
    outer loop
      vertex -26.12017110735178 -40.33588994294405 3
      vertex -28.000733850607798 -29.801374452604197 3
      vertex -28.086501659085673 -29.944469396133325 3
    endloop
  endfacet
  facet normal 0 0 1
    outer loop
      vertex -26.12017110735178 -40.33588994294405 3
      vertex -27.929404794730814 -29.650561835020653 3
      vertex -28.000733850607798 -29.801374452604197 3
    endloop
  endfacet
  facet normal 0 0 1
    outer loop
      vertex -26.12017110735178 -40.33588994294405 3
      vertex -27.873201429255246 -29.493483951332585 3
      vertex -27.929404794730814 -29.650561835020653 3
    endloop
  endfacet
  facet normal 0 0 1
    outer loop
      vertex -26.12017110735178 -40.33588994294405 3
      vertex -27.832665023314508 -29.33165354742742 3
      vertex -27.873201429255246 -29.493483951332585 3
    endloop
  endfacet
  facet normal 0 0 1
    outer loop
      vertex -26.12017110735178 -40.33588994294405 3
      vertex -27.808185964657266 -29.166629138560253 3
      vertex -27.832665023314508 -29.33165354742742 3
    endloop
  endfacet
  facet normal 0 0 1
    outer loop
      vertex -32.55853472650051 -36.033912904560566 3
      vertex -38 29 3
      vertex -35.43071785569191 -33.43071785569191 3
    endloop
  endfacet
  facet normal 0 0 -1
    outer loop
      vertex -42.33588994294405 -24.12017110735178 0
      vertex -43.99324153363705 -20.615995578467846 0
      vertex -43.99324153363705 110.61599557846785 0
    endloop
  endfacet
  facet normal 0 0 1
    outer loop
      vertex -42.33588994294405 -24.12017110735178 3
      vertex -43.99324153363705 110.61599557846785 3
      vertex -43.99324153363705 -20.615995578467846 3
    endloop
  endfacet
  facet normal 0 0 -1
    outer loop
      vertex -42.33588994294405 -24.12017110735178 0
      vertex -42.33588994294405 114.12017110735178 0
      vertex -40.34304968267679 -27.445024207234383 0
    endloop
  endfacet
  facet normal 0 0 -1
    outer loop
      vertex -40.34304968267679 -27.445024207234383 0
      vertex -40.34304968267679 117.44502420723438 0
      vertex -38.033912904560566 -30.55853472650051 0
    endloop
  endfacet
  facet normal 0 0 -1
    outer loop
      vertex -38.033912904560566 -30.55853472650051 0
      vertex -38.033912904560566 120.55853472650051 0
      vertex -35.43071785569191 -33.43071785569191 0
    endloop
  endfacet
  facet normal 0 0 1
    outer loop
      vertex -42.33588994294405 -24.12017110735178 3
      vertex -40.34304968267679 -27.445024207234383 3
      vertex -42.33588994294405 114.12017110735178 3
    endloop
  endfacet
  facet normal 0 0 1
    outer loop
      vertex -40.34304968267679 -27.445024207234383 3
      vertex -38.033912904560566 -30.55853472650051 3
      vertex -40.34304968267679 117.44502420723438 3
    endloop
  endfacet
  facet normal 0 0 -1
    outer loop
      vertex -45.29914326220751 -16.966244749724865 0
      vertex -46.24101857841015 -13.206067718565464 0
      vertex -46.24101857841015 103.20606771856546 0
    endloop
  endfacet
  facet normal 0 0 -1
    outer loop
      vertex -46.24101857841015 -13.206067718565464 0
      vertex -46.80979670584202 -9.371677041053772 0
      vertex -46.80979670584202 99.37167704105377 0
    endloop
  endfacet
  facet normal 0 0 -1
    outer loop
      vertex -46.80979670584202 -9.371677041053772 0
      vertex -47 -5.5 0
      vertex -47 95.5 0
    endloop
  endfacet
  facet normal 0 0 -1
    outer loop
      vertex -45.29914326220751 -16.966244749724865 0
      vertex -45.29914326220751 106.96624474972486 0
      vertex -43.99324153363705 -20.615995578467846 0
    endloop
  endfacet
  facet normal 0 0 1
    outer loop
      vertex -45.29914326220751 -16.966244749724865 3
      vertex -46.24101857841015 103.20606771856546 3
      vertex -46.24101857841015 -13.206067718565464 3
    endloop
  endfacet
  facet normal 0 0 1
    outer loop
      vertex -46.24101857841015 -13.206067718565464 3
      vertex -46.80979670584202 99.37167704105377 3
      vertex -46.80979670584202 -9.371677041053772 3
    endloop
  endfacet
  facet normal 0 0 1
    outer loop
      vertex -46.80979670584202 -9.371677041053772 3
      vertex -47 95.5 3
      vertex -47 -5.5 3
    endloop
  endfacet
  facet normal 0 0 1
    outer loop
      vertex -45.29914326220751 -16.966244749724865 3
      vertex -43.99324153363705 -20.615995578467846 3
      vertex -45.29914326220751 106.96624474972486 3
    endloop
  endfacet
  facet normal -1 0 0
    outer loop
      vertex -47 -5.5 0
      vertex -47 -5.5 3
      vertex -47 95.5 3
    endloop
  endfacet
  facet normal 0 0 1
    outer loop
      vertex -38.033912904560566 -30.55853472650051 3
      vertex -38 29 3
      vertex -38.033912904560566 120.55853472650051 3
    endloop
  endfacet
  facet normal 0 0 1
    outer loop
      vertex -32.55853472650051 -36.033912904560566 3
      vertex -33 29 3
      vertex -38 29 3
    endloop
  endfacet
  facet normal 0 0 -1
    outer loop
      vertex -35.43071785569191 -33.43071785569191 0
      vertex -35.43071785569191 123.43071785569191 0
      vertex -32.7 -29 0
    endloop
  endfacet
  facet normal 0 0 -1
    outer loop
      vertex -35.43071785569191 123.43071785569191 0
      vertex -32.684591125351034 -28.686345150945407 0
      vertex -32.7 -29 0
    endloop
  endfacet
  facet normal 0 0 -1
    outer loop
      vertex -35.43071785569191 123.43071785569191 0
      vertex -32.63851289729034 -28.37571096954839 0
      vertex -32.684591125351034 -28.686345150945407 0
    endloop
  endfacet
  facet normal 0 0 -1
    outer loop
      vertex -35.43071785569191 123.43071785569191 0
      vertex -32.562209074343066 -28.07108903278572 0
      vertex -32.63851289729034 -28.37571096954839 0
    endloop
  endfacet
  facet normal 0 0 -1
    outer loop
      vertex -32.562209074343066 -28.07108903278572 0
      vertex -32.45641450403612 117.77541301643171 0
      vertex -32.45641450403612 -27.775413016431713 0
    endloop
  endfacet
  facet normal 0 0 -1
    outer loop
      vertex -32.45641450403612 117.77541301643171 0
      vertex -32.32214804591474 -27.491530442156808 0
      vertex -32.45641450403612 -27.775413016431713 0
    endloop
  endfacet
  facet normal 0 0 -1
    outer loop
      vertex -32.45641450403612 117.77541301643171 0
      vertex -32.16070275936814 -27.222175254337273 0
      vertex -32.32214804591474 -27.491530442156808 0
    endloop
  endfacet
  facet normal 0 0 -1
    outer loop
      vertex -32.45641450403612 117.77541301643171 0
      vertex -31.973633450760758 -26.969941490676334 0
      vertex -32.16070275936814 -27.222175254337273 0
    endloop
  endfacet
  facet normal 0 0 -1
    outer loop
      vertex -32.45641450403612 117.77541301643171 0
      vertex -31.76274169979695 -26.73725830020305 0
      vertex -31.973633450760758 -26.969941490676334 0
    endloop
  endfacet
  facet normal 0 0 -1
    outer loop
      vertex -32.45641450403612 117.77541301643171 0
      vertex -31.530058509323666 -26.526366549239242 0
      vertex -31.76274169979695 -26.73725830020305 0
    endloop
  endfacet
  facet normal 0 0 -1
    outer loop
      vertex -32.45641450403612 117.77541301643171 0
      vertex -31.277824745662727 -26.339297240631854 0
      vertex -31.530058509323666 -26.526366549239242 0
    endloop
  endfacet
  facet normal 0 0 -1
    outer loop
      vertex -31.008469557843192 -26.177851954085263 0
      vertex -31.277824745662727 -26.339297240631854 0
      vertex -32.45641450403612 117.77541301643171 0
    endloop
  endfacet
  facet normal 0 0 -1
    outer loop
      vertex -30.724586983568287 -26.04358549596388 0
      vertex -31.008469557843192 -26.177851954085263 0
      vertex -32.45641450403612 117.77541301643171 0
    endloop
  endfacet
  facet normal 0 0 -1
    outer loop
      vertex -32.32214804591474 117.4915304421568 0
      vertex -30.42891096721428 -25.93779092565693 0
      vertex -30.724586983568287 -26.04358549596388 0
    endloop
  endfacet
  facet normal 0 0 -1
    outer loop
      vertex -32.32214804591474 117.4915304421568 0
      vertex -30.12428903045161 -25.861487102709663 0
      vertex -30.42891096721428 -25.93779092565693 0
    endloop
  endfacet
  facet normal 0 0 -1
    outer loop
      vertex -32.32214804591474 117.4915304421568 0
      vertex -29.813654849054593 -25.81540887464897 0
      vertex -30.12428903045161 -25.861487102709663 0
    endloop
  endfacet
  facet normal 0 0 -1
    outer loop
      vertex -29.5 -25.8 0
      vertex -29.813654849054593 -25.81540887464897 0
      vertex -29.5 115.8 0
    endloop
  endfacet
  facet normal 0 0 -1
    outer loop
      vertex -29.186345150945407 115.81540887464897 0
      vertex -29.186345150945407 -25.81540887464897 0
      vertex -29.5 -25.8 0
    endloop
  endfacet
  facet normal 0 0 -1
    outer loop
      vertex -29.186345150945407 115.81540887464897 0
      vertex -28.87571096954839 -25.861487102709663 0
      vertex -29.186345150945407 -25.81540887464897 0
    endloop
  endfacet
  facet normal 0 0 -1
    outer loop
      vertex -29.186345150945407 115.81540887464897 0
      vertex -28.57108903278572 -25.93779092565693 0
      vertex -28.87571096954839 -25.861487102709663 0
    endloop
  endfacet
  facet normal 0 0 -1
    outer loop
      vertex -29.186345150945407 115.81540887464897 0
      vertex -28.275413016431713 -26.04358549596388 0
      vertex -28.57108903278572 -25.93779092565693 0
    endloop
  endfacet
  facet normal 0 0 -1
    outer loop
      vertex -29.186345150945407 115.81540887464897 0
      vertex -27.991530442156808 -26.177851954085263 0
      vertex -28.275413016431713 -26.04358549596388 0
    endloop
  endfacet
  facet normal 0 0 -1
    outer loop
      vertex -29.186345150945407 115.81540887464897 0
      vertex -27.469941490676334 -26.526366549239242 0
      vertex -27.722175254337273 -26.339297240631854 0
    endloop
  endfacet
  facet normal 0 0 -1
    outer loop
      vertex -29.186345150945407 115.81540887464897 0
      vertex -27.23725830020305 -26.73725830020305 0
      vertex -27.469941490676334 -26.526366549239242 0
    endloop
  endfacet
  facet normal 0 0 -1
    outer loop
      vertex -29.186345150945407 115.81540887464897 0
      vertex -27.722175254337273 -26.339297240631854 0
      vertex -27.991530442156808 -26.177851954085263 0
    endloop
  endfacet
  facet normal 0 0 -1
    outer loop
      vertex -29.186345150945407 115.81540887464897 0
      vertex -26.677851954085263 -27.491530442156808 0
      vertex -26.839297240631854 -27.222175254337273 0
    endloop
  endfacet
  facet normal 0 0 -1
    outer loop
      vertex -29.186345150945407 115.81540887464897 0
      vertex -27.026366549239242 -26.969941490676334 0
      vertex -27.23725830020305 -26.73725830020305 0
    endloop
  endfacet
  facet normal 0 0 -1
    outer loop
      vertex -29.186345150945407 115.81540887464897 0
      vertex -26.839297240631854 -27.222175254337273 0
      vertex -27.026366549239242 -26.969941490676334 0
    endloop
  endfacet
  facet normal 0 0 -1
    outer loop
      vertex -29.186345150945407 115.81540887464897 0
      vertex -26.54358549596388 -27.775413016431713 0
      vertex -26.677851954085263 -27.491530442156808 0
    endloop
  endfacet
  facet normal 0 0 -1
    outer loop
      vertex -29.186345150945407 115.81540887464897 0
      vertex -26.361487102709663 -28.37571096954839 0
      vertex -26.43779092565693 -28.07108903278572 0
    endloop
  endfacet
  facet normal 0 0 -1
    outer loop
      vertex -29.186345150945407 115.81540887464897 0
      vertex -26.43779092565693 -28.07108903278572 0
      vertex -26.54358549596388 -27.775413016431713 0
    endloop
  endfacet
  facet normal 0 0 1
    outer loop
      vertex -32.55853472650051 -36.033912904560566 3
      vertex -31.167334976685492 -28.66834645257258 3
      vertex -32.55853472650051 126.03391290456057 3
    endloop
  endfacet
  facet normal 0 0 1
    outer loop
      vertex -26.12017110735178 -40.33588994294405 3
      vertex -29.333370861439747 117.30818596465727 3
      vertex -27.8 -29 3
    endloop
  endfacet
  facet normal 0 0 1
    outer loop
      vertex -29.333370861439747 -27.308185964657266 3
      vertex -29.5 117.3 3
      vertex -29.5 -27.3 3
    endloop
  endfacet
  facet normal 0 0 1
    outer loop
      vertex -29.16834645257258 -27.332665023314508 3
      vertex -29.333370861439747 117.30818596465727 3
      vertex -29.333370861439747 -27.308185964657266 3
    endloop
  endfacet
  facet normal 0 0 1
    outer loop
      vertex -29.333370861439747 117.30818596465727 3
      vertex -29.16834645257258 -27.332665023314508 3
      vertex -29.006516048667415 -27.373201429255246 3
    endloop
  endfacet
  facet normal 0 0 1
    outer loop
      vertex -29.333370861439747 117.30818596465727 3
      vertex -29.006516048667415 -27.373201429255246 3
      vertex -28.849438164979347 -27.429404794730814 3
    endloop
  endfacet
  facet normal 0 0 1
    outer loop
      vertex -29.333370861439747 117.30818596465727 3
      vertex -28.849438164979347 -27.429404794730814 3
      vertex -28.698625547395803 -27.500733850607798 3
    endloop
  endfacet
  facet normal 0 0 1
    outer loop
      vertex -29.333370861439747 117.30818596465727 3
      vertex -28.698625547395803 -27.500733850607798 3
      vertex -28.555530603866675 -27.586501659085673 3
    endloop
  endfacet
  facet normal 0 0 1
    outer loop
      vertex -29.333370861439747 117.30818596465727 3
      vertex -28.555530603866675 -27.586501659085673 3
      vertex -28.421531416921802 -27.685882229283347 3
    endloop
  endfacet
  facet normal 0 0 1
    outer loop
      vertex -29.333370861439747 117.30818596465727 3
      vertex -28.421531416921802 -27.685882229283347 3
      vertex -28.297918471982868 -27.797918471982868 3
    endloop
  endfacet
  facet normal 0 0 1
    outer loop
      vertex -29.333370861439747 117.30818596465727 3
      vertex -28.297918471982868 -27.797918471982868 3
      vertex -28.185882229283347 -27.921531416921802 3
    endloop
  endfacet
  facet normal 0 0 1
    outer loop
      vertex -29.333370861439747 117.30818596465727 3
      vertex -28.185882229283347 -27.921531416921802 3
      vertex -28.086501659085673 -28.055530603866675 3
    endloop
  endfacet
  facet normal 0 0 1
    outer loop
      vertex -29.333370861439747 117.30818596465727 3
      vertex -28.086501659085673 -28.055530603866675 3
      vertex -28.000733850607798 -28.198625547395803 3
    endloop
  endfacet
  facet normal 0 0 1
    outer loop
      vertex -29.333370861439747 117.30818596465727 3
      vertex -28.000733850607798 -28.198625547395803 3
      vertex -27.929404794730814 -28.349438164979347 3
    endloop
  endfacet
  facet normal 0 0 1
    outer loop
      vertex -29.333370861439747 117.30818596465727 3
      vertex -27.929404794730814 -28.349438164979347 3
      vertex -27.873201429255246 -28.506516048667415 3
    endloop
  endfacet
  facet normal 0 0 1
    outer loop
      vertex -29.333370861439747 117.30818596465727 3
      vertex -27.873201429255246 -28.506516048667415 3
      vertex -27.832665023314508 -28.66834645257258 3
    endloop
  endfacet
  facet normal 0 0 1
    outer loop
      vertex -29.333370861439747 117.30818596465727 3
      vertex -27.808185964657266 -28.833370861439747 3
      vertex -27.8 -29 3
    endloop
  endfacet
  facet normal 0 0 1
    outer loop
      vertex -29.333370861439747 117.30818596465727 3
      vertex -27.832665023314508 -28.66834645257258 3
      vertex -27.808185964657266 -28.833370861439747 3
    endloop
  endfacet
  facet normal 0 0 1
    outer loop
      vertex -38 34 3
      vertex -33 34 3
      vertex -38 57 3
    endloop
  endfacet
  facet normal 0 0 1
    outer loop
      vertex -32.55853472650051 -36.033912904560566 3
      vertex -32.55853472650051 126.03391290456057 3
      vertex -33 29 3
    endloop
  endfacet
  facet normal 0 0 1
    outer loop
      vertex -32.55853472650051 126.03391290456057 3
      vertex -31.167334976685492 -28.66834645257258 3
      vertex -31.126798570744754 -28.506516048667415 3
    endloop
  endfacet
  facet normal 0 0 1
    outer loop
      vertex -32.55853472650051 126.03391290456057 3
      vertex -31.126798570744754 -28.506516048667415 3
      vertex -31.070595205269186 -28.349438164979347 3
    endloop
  endfacet
  facet normal 0 0 1
    outer loop
      vertex -32.55853472650051 126.03391290456057 3
      vertex -31.070595205269186 -28.349438164979347 3
      vertex -30.999266149392202 -28.198625547395803 3
    endloop
  endfacet
  facet normal 0 0 1
    outer loop
      vertex -32.55853472650051 126.03391290456057 3
      vertex -30.913498340914327 -28.055530603866675 3
      vertex -30.814117770716653 -27.921531416921802 3
    endloop
  endfacet
  facet normal 0 0 1
    outer loop
      vertex -32.55853472650051 126.03391290456057 3
      vertex -30.999266149392202 -28.198625547395803 3
      vertex -30.913498340914327 -28.055530603866675 3
    endloop
  endfacet
  facet normal 0 0 1
    outer loop
      vertex -32.55853472650051 126.03391290456057 3
      vertex -30.814117770716653 -27.921531416921802 3
      vertex -30.702081528017132 -27.797918471982868 3
    endloop
  endfacet
  facet normal 0 0 1
    outer loop
      vertex -32.55853472650051 126.03391290456057 3
      vertex -30.702081528017132 -27.797918471982868 3
      vertex -30.578468583078198 -27.685882229283347 3
    endloop
  endfacet
  facet normal 0 0 1
    outer loop
      vertex -32.55853472650051 126.03391290456057 3
      vertex -30.578468583078198 -27.685882229283347 3
      vertex -30.444469396133325 -27.586501659085673 3
    endloop
  endfacet
  facet normal 0 0 1
    outer loop
      vertex -32.55853472650051 126.03391290456057 3
      vertex -30.444469396133325 -27.586501659085673 3
      vertex -30.301374452604197 -27.500733850607798 3
    endloop
  endfacet
  facet normal 0 0 1
    outer loop
      vertex -32.55853472650051 126.03391290456057 3
      vertex -30.301374452604197 -27.500733850607798 3
      vertex -30.150561835020653 -27.429404794730814 3
    endloop
  endfacet
  facet normal 0 0 1
    outer loop
      vertex -32.55853472650051 126.03391290456057 3
      vertex -30.150561835020653 -27.429404794730814 3
      vertex -29.993483951332585 -27.373201429255246 3
    endloop
  endfacet
  facet normal 0 0 1
    outer loop
      vertex -32.55853472650051 126.03391290456057 3
      vertex -29.993483951332585 -27.373201429255246 3
      vertex -29.83165354742742 -27.332665023314508 3
    endloop
  endfacet
  facet normal 0 0 1
    outer loop
      vertex -32.55853472650051 126.03391290456057 3
      vertex -29.83165354742742 -27.332665023314508 3
      vertex -29.666629138560253 -27.308185964657266 3
    endloop
  endfacet
  facet normal 0 0 1
    outer loop
      vertex -32.55853472650051 126.03391290456057 3
      vertex -29.666629138560253 -27.308185964657266 3
      vertex -29.5 -27.3 3
    endloop
  endfacet
  facet normal -0.42755509279584325 -0.9039892934235105 0
    outer loop
      vertex -26.12017110735178 -40.33588994294405 0
      vertex -22.615995578467846 -41.99324153363705 0
      vertex -26.12017110735178 -40.33588994294405 3
    endloop
  endfacet
  facet normal 0 0 -1
    outer loop
      vertex -26.12017110735178 -40.33588994294405 0
      vertex -27.722175254337273 -31.660702759368146 0
      vertex -27.469941490676334 -31.473633450760758 0
    endloop
  endfacet
  facet normal 0 0 -1
    outer loop
      vertex -26.12017110735178 -40.33588994294405 0
      vertex -27.469941490676334 -31.473633450760758 0
      vertex -27.23725830020305 -31.26274169979695 0
    endloop
  endfacet
  facet normal 0 0 -1
    outer loop
      vertex -26.12017110735178 -40.33588994294405 0
      vertex -27.23725830020305 -31.26274169979695 0
      vertex -27.026366549239242 -31.030058509323666 0
    endloop
  endfacet
  facet normal 0 0 -1
    outer loop
      vertex -26.12017110735178 -40.33588994294405 0
      vertex -27.026366549239242 -31.030058509323666 0
      vertex -26.839297240631854 -30.777824745662727 0
    endloop
  endfacet
  facet normal 0 0 -1
    outer loop
      vertex -26.12017110735178 -40.33588994294405 0
      vertex -26.839297240631854 -30.777824745662727 0
      vertex -26.677851954085263 -30.508469557843192 0
    endloop
  endfacet
  facet normal -0.5141027450125115 -0.8577286095092086 1.909397743899256e-17
    outer loop
      vertex -29.445024207234383 -38.34304968267679 3
      vertex -26.12017110735178 -40.33588994294405 0
      vertex -26.12017110735178 -40.33588994294405 3
    endloop
  endfacet
  facet normal -0.42755509279584325 -0.9039892934235105 0
    outer loop
      vertex -22.615995578467846 -41.99324153363705 0
      vertex -22.615995578467846 -41.99324153363705 3
      vertex -26.12017110735178 -40.33588994294405 3
    endloop
  endfacet
  facet normal 0 0 -1
    outer loop
      vertex -26.12017110735178 -40.33588994294405 0
      vertex -26.677851954085263 -30.508469557843192 0
      vertex -26.54358549596388 -30.224586983568287 0
    endloop
  endfacet
  facet normal 0 0 -1
    outer loop
      vertex -26.12017110735178 -40.33588994294405 0
      vertex -26.54358549596388 -30.224586983568287 0
      vertex -26.43779092565693 -29.92891096721428 0
    endloop
  endfacet
  facet normal 0 0 -1
    outer loop
      vertex -26.12017110735178 -40.33588994294405 0
      vertex -26.43779092565693 -29.92891096721428 0
      vertex -26.361487102709663 -29.62428903045161 0
    endloop
  endfacet
  facet normal 0 0 -1
    outer loop
      vertex -26.12017110735178 -40.33588994294405 0
      vertex -26.361487102709663 -29.62428903045161 0
      vertex -26.31540887464897 -29.313654849054593 0
    endloop
  endfacet
  facet normal 0 0 -1
    outer loop
      vertex -26.12017110735178 -40.33588994294405 0
      vertex -26.31540887464897 -29.313654849054593 0
      vertex -26.3 -29 0
    endloop
  endfacet
  facet normal 0 0 1
    outer loop
      vertex -26.12017110735178 -40.33588994294405 3
      vertex -27.8 -29 3
      vertex -27.808185964657266 -29.166629138560253 3
    endloop
  endfacet
  facet normal -0.33688985354631473 -0.9415440651278848 0
    outer loop
      vertex -22.615995578467846 -41.99324153363705 0
      vertex -18.966244749724865 -43.29914326220751 0
      vertex -22.615995578467846 -41.99324153363705 3
    endloop
  endfacet
  facet normal -0.24298018036116556 -0.9700312530798457 0
    outer loop
      vertex -18.966244749724865 -43.29914326220751 0
      vertex -15.206067718565464 -44.24101857841015 0
      vertex -18.966244749724865 -43.29914326220751 3
    endloop
  endfacet
  facet normal -0.33688985354631473 -0.9415440651278848 0
    outer loop
      vertex -22.615995578467846 -41.99324153363705 3
      vertex -18.966244749724865 -43.29914326220751 0
      vertex -18.966244749724865 -43.29914326220751 3
    endloop
  endfacet
  facet normal -0.14673047437341075 -0.9891765099769373 0
    outer loop
      vertex -15.206067718565464 -44.24101857841015 0
      vertex -11.371677041053772 -44.80979670584202 0
      vertex -15.206067718565464 -44.24101857841015 3
    endloop
  endfacet
  facet normal -0.24298018036116556 -0.9700312530798457 -9.546988726425054e-18
    outer loop
      vertex -18.966244749724865 -43.29914326220751 3
      vertex -15.206067718565464 -44.24101857841015 0
      vertex -15.206067718565464 -44.24101857841015 3
    endloop
  endfacet
  facet normal -0.14673047437341075 -0.9891765099769373 1.9093977447066455e-17
    outer loop
      vertex -15.206067718565464 -44.24101857841015 3
      vertex -11.371677041053772 -44.80979670584202 0
      vertex -11.371677041053772 -44.80979670584202 3
    endloop
  endfacet
  facet normal -0.049067673762845 -0.9987954562329081 0
    outer loop
      vertex -11.371677041053772 -44.80979670584202 0
      vertex -7.5 -45 0
      vertex -11.371677041053772 -44.80979670584202 3
    endloop
  endfacet
  facet normal -0.049067673762845 -0.9987954562329081 0
    outer loop
      vertex -11.371677041053772 -44.80979670584202 3
      vertex -7.5 -45 0
      vertex -7.5 -45 3
    endloop
  endfacet
  facet normal 0 0 -1
    outer loop
      vertex -26.12017110735178 -40.33588994294405 0
      vertex -26.3 -29 0
      vertex -26.31540887464897 118.6863451509454 0
    endloop
  endfacet
  facet normal 0 0 -1
    outer loop
      vertex -26.12017110735178 -40.33588994294405 0
      vertex -26.12017110735178 130.33588994294405 0
      vertex -22.615995578467846 -41.99324153363705 0
    endloop
  endfacet
  facet normal 0 0 -1
    outer loop
      vertex -26.361487102709663 -28.37571096954839 0
      vertex -26.31540887464897 118.6863451509454 0
      vertex -26.31540887464897 -28.686345150945407 0
    endloop
  endfacet
  facet normal 0 0 -1
    outer loop
      vertex -26.31540887464897 -28.686345150945407 0
      vertex -26.31540887464897 118.6863451509454 0
      vertex -26.3 -29 0
    endloop
  endfacet
  facet normal 0 0 1
    outer loop
      vertex -26.12017110735178 -40.33588994294405 3
      vertex -22.615995578467846 -41.99324153363705 3
      vertex -26.12017110735178 130.33588994294405 3
    endloop
  endfacet
  facet normal 0 0 -1
    outer loop
      vertex -22.615995578467846 -41.99324153363705 0
      vertex -22.615995578467846 131.99324153363705 0
      vertex -18.966244749724865 -43.29914326220751 0
    endloop
  endfacet
  facet normal 0 0 -1
    outer loop
      vertex -18.966244749724865 -43.29914326220751 0
      vertex -18.966244749724865 133.2991432622075 0
      vertex -15.206067718565464 -44.24101857841015 0
    endloop
  endfacet
  facet normal 0 0 1
    outer loop
      vertex -22.615995578467846 -41.99324153363705 3
      vertex -18.966244749724865 -43.29914326220751 3
      vertex -22.615995578467846 131.99324153363705 3
    endloop
  endfacet
  facet normal 0 0 1
    outer loop
      vertex -18.966244749724865 -43.29914326220751 3
      vertex -15.206067718565464 -44.24101857841015 3
      vertex -18.966244749724865 133.2991432622075 3
    endloop
  endfacet
  facet normal 0 0 -1
    outer loop
      vertex -15.206067718565464 -44.24101857841015 0
      vertex -15.206067718565464 134.24101857841015 0
      vertex -11.371677041053772 -44.80979670584202 0
    endloop
  endfacet
  facet normal 0 0 1
    outer loop
      vertex -15.206067718565464 -44.24101857841015 3
      vertex -11.371677041053772 -44.80979670584202 3
      vertex -15.206067718565464 134.24101857841015 3
    endloop
  endfacet
  facet normal 0 0 -1
    outer loop
      vertex -11.371677041053772 -44.80979670584202 0
      vertex -11.371677041053772 134.80979670584202 0
      vertex -7.5 -45 0
    endloop
  endfacet
  facet normal 0 0 1
    outer loop
      vertex -11.371677041053772 -44.80979670584202 3
      vertex -7.5 -45 3
      vertex -11.371677041053772 134.80979670584202 3
    endloop
  endfacet
  facet normal 0 0 -1
    outer loop
      vertex -46.80979670584202 -9.371677041053772 0
      vertex -47 95.5 0
      vertex -46.80979670584202 99.37167704105377 0
    endloop
  endfacet
  facet normal -1 0 0
    outer loop
      vertex -47 -5.5 0
      vertex -47 95.5 3
      vertex -47 95.5 0
    endloop
  endfacet
  facet normal 0 0 -1
    outer loop
      vertex -46.24101857841015 -13.206067718565464 0
      vertex -46.80979670584202 99.37167704105377 0
      vertex -46.24101857841015 103.20606771856546 0
    endloop
  endfacet
  facet normal 0 0 -1
    outer loop
      vertex -45.29914326220751 -16.966244749724865 0
      vertex -46.24101857841015 103.20606771856546 0
      vertex -45.29914326220751 106.96624474972486 0
    endloop
  endfacet
  facet normal 0 0 -1
    outer loop
      vertex -43.99324153363705 -20.615995578467846 0
      vertex -45.29914326220751 106.96624474972486 0
      vertex -43.99324153363705 110.61599557846785 0
    endloop
  endfacet
  facet normal 0 0 -1
    outer loop
      vertex -42.33588994294405 -24.12017110735178 0
      vertex -43.99324153363705 110.61599557846785 0
      vertex -42.33588994294405 114.12017110735178 0
    endloop
  endfacet
  facet normal 0 0 1
    outer loop
      vertex -46.80979670584202 -9.371677041053772 3
      vertex -46.80979670584202 99.37167704105377 3
      vertex -47 95.5 3
    endloop
  endfacet
  facet normal 0 0 1
    outer loop
      vertex -46.24101857841015 -13.206067718565464 3
      vertex -46.24101857841015 103.20606771856546 3
      vertex -46.80979670584202 99.37167704105377 3
    endloop
  endfacet
  facet normal 0 0 1
    outer loop
      vertex -45.29914326220751 -16.966244749724865 3
      vertex -45.29914326220751 106.96624474972486 3
      vertex -46.24101857841015 103.20606771856546 3
    endloop
  endfacet
  facet normal 0 0 1
    outer loop
      vertex -43.99324153363705 -20.615995578467846 3
      vertex -43.99324153363705 110.61599557846785 3
      vertex -45.29914326220751 106.96624474972486 3
    endloop
  endfacet
  facet normal 0 0 1
    outer loop
      vertex -42.33588994294405 -24.12017110735178 3
      vertex -42.33588994294405 114.12017110735178 3
      vertex -43.99324153363705 110.61599557846785 3
    endloop
  endfacet
  facet normal 0 0 1
    outer loop
      vertex -38 29 3
      vertex -38 34 3
      vertex -38.033912904560566 120.55853472650051 3
    endloop
  endfacet
  facet normal 0 0 -1
    outer loop
      vertex -40.34304968267679 -27.445024207234383 0
      vertex -42.33588994294405 114.12017110735178 0
      vertex -40.34304968267679 117.44502420723438 0
    endloop
  endfacet
  facet normal 0 0 -1
    outer loop
      vertex -38.033912904560566 -30.55853472650051 0
      vertex -40.34304968267679 117.44502420723438 0
      vertex -38.033912904560566 120.55853472650051 0
    endloop
  endfacet
  facet normal 0 0 1
    outer loop
      vertex -40.34304968267679 -27.445024207234383 3
      vertex -40.34304968267679 117.44502420723438 3
      vertex -42.33588994294405 114.12017110735178 3
    endloop
  endfacet
  facet normal 0 0 1
    outer loop
      vertex -38.033912904560566 -30.55853472650051 3
      vertex -38.033912904560566 120.55853472650051 3
      vertex -40.34304968267679 117.44502420723438 3
    endloop
  endfacet
  facet normal 0 0 1
    outer loop
      vertex -38 34 3
      vertex -38 57 3
      vertex -38.033912904560566 120.55853472650051 3
    endloop
  endfacet
  facet normal 0 0 1
    outer loop
      vertex -38 57 3
      vertex -38 62 3
      vertex -38.033912904560566 120.55853472650051 3
    endloop
  endfacet
  facet normal 0 0 1
    outer loop
      vertex -38 62 3
      vertex -38 83 3
      vertex -38.033912904560566 120.55853472650051 3
    endloop
  endfacet
  facet normal 0 0 1
    outer loop
      vertex -33 34 3
      vertex -33 57 3
      vertex -38 57 3
    endloop
  endfacet
  facet normal 0 0 1
    outer loop
      vertex -33 29 3
      vertex -32.55853472650051 126.03391290456057 3
      vertex -33 34 3
    endloop
  endfacet
  facet normal 0 0 1
    outer loop
      vertex -26.12017110735178 -40.33588994294405 3
      vertex -29.16834645257258 117.3326650233145 3
      vertex -29.333370861439747 117.30818596465727 3
    endloop
  endfacet
  facet normal 0 0 1
    outer loop
      vertex -26.12017110735178 -40.33588994294405 3
      vertex -29.006516048667415 117.37320142925525 3
      vertex -29.16834645257258 117.3326650233145 3
    endloop
  endfacet
  facet normal 0 0 1
    outer loop
      vertex -26.12017110735178 -40.33588994294405 3
      vertex -28.849438164979347 117.42940479473081 3
      vertex -29.006516048667415 117.37320142925525 3
    endloop
  endfacet
  facet normal 0 0 1
    outer loop
      vertex -26.12017110735178 -40.33588994294405 3
      vertex -28.698625547395803 117.5007338506078 3
      vertex -28.849438164979347 117.42940479473081 3
    endloop
  endfacet
  facet normal 0 0 1
    outer loop
      vertex -26.12017110735178 -40.33588994294405 3
      vertex -28.555530603866675 117.58650165908567 3
      vertex -28.698625547395803 117.5007338506078 3
    endloop
  endfacet
  facet normal 0 0 1
    outer loop
      vertex -26.12017110735178 -40.33588994294405 3
      vertex -28.421531416921802 117.68588222928335 3
      vertex -28.555530603866675 117.58650165908567 3
    endloop
  endfacet
  facet normal 0 0 1
    outer loop
      vertex -26.12017110735178 -40.33588994294405 3
      vertex -28.297918471982868 117.79791847198287 3
      vertex -28.421531416921802 117.68588222928335 3
    endloop
  endfacet
  facet normal 0 0 1
    outer loop
      vertex -26.12017110735178 -40.33588994294405 3
      vertex -28.185882229283347 117.92153141692181 3
      vertex -28.297918471982868 117.79791847198287 3
    endloop
  endfacet
  facet normal 0 0 1
    outer loop
      vertex -26.12017110735178 -40.33588994294405 3
      vertex -28.086501659085673 118.05553060386667 3
      vertex -28.185882229283347 117.92153141692181 3
    endloop
  endfacet
  facet normal 0 0 1
    outer loop
      vertex -26.12017110735178 -40.33588994294405 3
      vertex -28.000733850607798 118.1986255473958 3
      vertex -28.086501659085673 118.05553060386667 3
    endloop
  endfacet
  facet normal 0 0 1
    outer loop
      vertex -26.12017110735178 -40.33588994294405 3
      vertex -27.929404794730814 118.34943816497935 3
      vertex -28.000733850607798 118.1986255473958 3
    endloop
  endfacet
  facet normal 0 0 1
    outer loop
      vertex -26.12017110735178 -40.33588994294405 3
      vertex -27.873201429255246 118.50651604866741 3
      vertex -27.929404794730814 118.34943816497935 3
    endloop
  endfacet
  facet normal 0 0 1
    outer loop
      vertex -26.12017110735178 -40.33588994294405 3
      vertex -27.832665023314508 118.66834645257258 3
      vertex -27.873201429255246 118.50651604866741 3
    endloop
  endfacet
  facet normal 0 0 1
    outer loop
      vertex -26.12017110735178 -40.33588994294405 3
      vertex -27.808185964657266 118.83337086143975 3
      vertex -27.832665023314508 118.66834645257258 3
    endloop
  endfacet
  facet normal 0 0 -1
    outer loop
      vertex -35.43071785569191 -33.43071785569191 0
      vertex -38.033912904560566 120.55853472650051 0
      vertex -35.43071785569191 123.43071785569191 0
    endloop
  endfacet
  facet normal 0 0 -1
    outer loop
      vertex -35.43071785569191 123.43071785569191 0
      vertex -32.45641450403612 117.77541301643171 0
      vertex -32.562209074343066 -28.07108903278572 0
    endloop
  endfacet
  facet normal 0 0 1
    outer loop
      vertex -38 62 3
      vertex -33 62 3
      vertex -38 83 3
    endloop
  endfacet
  facet normal 0 0 1
    outer loop
      vertex -38 83 3
      vertex -33 62 3
      vertex -33 83 3
    endloop
  endfacet
  facet normal 0 0 1
    outer loop
      vertex -33 34 3
      vertex -32.55853472650051 126.03391290456057 3
      vertex -33 57 3
    endloop
  endfacet
  facet normal 0 0 1
    outer loop
      vertex -33 57 3
      vertex -32.55853472650051 126.03391290456057 3
      vertex -33 62 3
    endloop
  endfacet
  facet normal 0 0 -1
    outer loop
      vertex -32.32214804591474 117.4915304421568 0
      vertex -30.724586983568287 -26.04358549596388 0
      vertex -32.45641450403612 117.77541301643171 0
    endloop
  endfacet
  facet normal 0 0 -1
    outer loop
      vertex -29.813654849054593 -25.81540887464897 0
      vertex -32.16070275936814 117.22217525433727 0
      vertex -31.973633450760758 116.96994149067633 0
    endloop
  endfacet
  facet normal 0 0 -1
    outer loop
      vertex -29.813654849054593 -25.81540887464897 0
      vertex -32.32214804591474 117.4915304421568 0
      vertex -32.16070275936814 117.22217525433727 0
    endloop
  endfacet
  facet normal 0 0 -1
    outer loop
      vertex -29.813654849054593 -25.81540887464897 0
      vertex -31.973633450760758 116.96994149067633 0
      vertex -31.76274169979695 116.73725830020305 0
    endloop
  endfacet
  facet normal 0 0 -1
    outer loop
      vertex -29.813654849054593 -25.81540887464897 0
      vertex -31.76274169979695 116.73725830020305 0
      vertex -31.530058509323666 116.52636654923924 0
    endloop
  endfacet
  facet normal 0 0 -1
    outer loop
      vertex -29.813654849054593 -25.81540887464897 0
      vertex -31.277824745662727 116.33929724063185 0
      vertex -31.008469557843192 116.17785195408527 0
    endloop
  endfacet
  facet normal 0 0 -1
    outer loop
      vertex -29.813654849054593 -25.81540887464897 0
      vertex -31.008469557843192 116.17785195408527 0
      vertex -30.724586983568287 116.04358549596388 0
    endloop
  endfacet
  facet normal 0 0 -1
    outer loop
      vertex -29.813654849054593 -25.81540887464897 0
      vertex -31.530058509323666 116.52636654923924 0
      vertex -31.277824745662727 116.33929724063185 0
    endloop
  endfacet
  facet normal 0 0 -1
    outer loop
      vertex -29.813654849054593 -25.81540887464897 0
      vertex -30.724586983568287 116.04358549596388 0
      vertex -30.42891096721428 115.93779092565693 0
    endloop
  endfacet
  facet normal 0 0 -1
    outer loop
      vertex -29.813654849054593 -25.81540887464897 0
      vertex -30.42891096721428 115.93779092565693 0
      vertex -30.12428903045161 115.86148710270966 0
    endloop
  endfacet
  facet normal 0 0 -1
    outer loop
      vertex -29.813654849054593 -25.81540887464897 0
      vertex -30.12428903045161 115.86148710270966 0
      vertex -29.813654849054593 115.81540887464897 0
    endloop
  endfacet
  facet normal 0 0 -1
    outer loop
      vertex -29.813654849054593 -25.81540887464897 0
      vertex -29.813654849054593 115.81540887464897 0
      vertex -29.5 115.8 0
    endloop
  endfacet
  facet normal 0 0 -1
    outer loop
      vertex -29.5 -25.8 0
      vertex -29.5 115.8 0
      vertex -29.186345150945407 115.81540887464897 0
    endloop
  endfacet
  facet normal 0 0 -1
    outer loop
      vertex -26.361487102709663 -28.37571096954839 0
      vertex -29.186345150945407 115.81540887464897 0
      vertex -28.87571096954839 115.86148710270966 0
    endloop
  endfacet
  facet normal 0 0 -1
    outer loop
      vertex -26.361487102709663 -28.37571096954839 0
      vertex -28.87571096954839 115.86148710270966 0
      vertex -28.57108903278572 115.93779092565693 0
    endloop
  endfacet
  facet normal 0 0 -1
    outer loop
      vertex -26.361487102709663 -28.37571096954839 0
      vertex -28.57108903278572 115.93779092565693 0
      vertex -28.275413016431713 116.04358549596388 0
    endloop
  endfacet
  facet normal 0 0 -1
    outer loop
      vertex -26.361487102709663 -28.37571096954839 0
      vertex -28.275413016431713 116.04358549596388 0
      vertex -27.991530442156808 116.17785195408527 0
    endloop
  endfacet
  facet normal 0 0 -1
    outer loop
      vertex -26.361487102709663 -28.37571096954839 0
      vertex -27.991530442156808 116.17785195408527 0
      vertex -27.722175254337273 116.33929724063185 0
    endloop
  endfacet
  facet normal 0 0 1
    outer loop
      vertex -32.55853472650051 126.03391290456057 3
      vertex -29.5 -27.3 3
      vertex -31.2 119 3
    endloop
  endfacet
  facet normal 0 0 1
    outer loop
      vertex -29.5 -27.3 3
      vertex -30.702081528017132 117.79791847198287 3
      vertex -30.814117770716653 117.92153141692181 3
    endloop
  endfacet
  facet normal 0 0 1
    outer loop
      vertex -29.5 -27.3 3
      vertex -30.814117770716653 117.92153141692181 3
      vertex -30.913498340914327 118.05553060386667 3
    endloop
  endfacet
  facet normal 0 0 1
    outer loop
      vertex -29.5 -27.3 3
      vertex -31.126798570744754 118.50651604866741 3
      vertex -31.167334976685492 118.66834645257258 3
    endloop
  endfacet
  facet normal 0 0 1
    outer loop
      vertex -29.5 -27.3 3
      vertex -30.999266149392202 118.1986255473958 3
      vertex -31.070595205269186 118.34943816497935 3
    endloop
  endfacet
  facet normal 0 0 1
    outer loop
      vertex -29.5 -27.3 3
      vertex -31.070595205269186 118.34943816497935 3
      vertex -31.126798570744754 118.50651604866741 3
    endloop
  endfacet
  facet normal 0 0 1
    outer loop
      vertex -29.5 -27.3 3
      vertex -31.167334976685492 118.66834645257258 3
      vertex -31.191814035342734 118.83337086143975 3
    endloop
  endfacet
  facet normal 0 0 1
    outer loop
      vertex -29.5 -27.3 3
      vertex -31.191814035342734 118.83337086143975 3
      vertex -31.2 119 3
    endloop
  endfacet
  facet normal 0 0 1
    outer loop
      vertex -29.5 -27.3 3
      vertex -30.913498340914327 118.05553060386667 3
      vertex -30.999266149392202 118.1986255473958 3
    endloop
  endfacet
  facet normal 0 0 1
    outer loop
      vertex -29.5 -27.3 3
      vertex -30.578468583078198 117.68588222928335 3
      vertex -30.702081528017132 117.79791847198287 3
    endloop
  endfacet
  facet normal 0 0 1
    outer loop
      vertex -29.5 -27.3 3
      vertex -30.444469396133325 117.58650165908567 3
      vertex -30.578468583078198 117.68588222928335 3
    endloop
  endfacet
  facet normal 0 0 1
    outer loop
      vertex -29.5 -27.3 3
      vertex -30.301374452604197 117.5007338506078 3
      vertex -30.444469396133325 117.58650165908567 3
    endloop
  endfacet
  facet normal 0 0 1
    outer loop
      vertex -29.5 -27.3 3
      vertex -30.150561835020653 117.42940479473081 3
      vertex -30.301374452604197 117.5007338506078 3
    endloop
  endfacet
  facet normal 0 0 1
    outer loop
      vertex -29.5 -27.3 3
      vertex -29.993483951332585 117.37320142925525 3
      vertex -30.150561835020653 117.42940479473081 3
    endloop
  endfacet
  facet normal 0 0 1
    outer loop
      vertex -29.5 -27.3 3
      vertex -29.83165354742742 117.3326650233145 3
      vertex -29.993483951332585 117.37320142925525 3
    endloop
  endfacet
  facet normal 0 0 1
    outer loop
      vertex -29.5 -27.3 3
      vertex -29.666629138560253 117.30818596465727 3
      vertex -29.83165354742742 117.3326650233145 3
    endloop
  endfacet
  facet normal 0 0 1
    outer loop
      vertex -29.5 -27.3 3
      vertex -29.5 117.3 3
      vertex -29.666629138560253 117.30818596465727 3
    endloop
  endfacet
  facet normal 0 0 1
    outer loop
      vertex -29.333370861439747 -27.308185964657266 3
      vertex -29.333370861439747 117.30818596465727 3
      vertex -29.5 117.3 3
    endloop
  endfacet
  facet normal -0.9987954562329081 0.049067673762845 0
    outer loop
      vertex -47 95.5 0
      vertex -46.80979670584202 99.37167704105377 3
      vertex -46.80979670584202 99.37167704105377 0
    endloop
  endfacet
  facet normal -0.9987954562329081 0.049067673762845 0
    outer loop
      vertex -47 95.5 0
      vertex -47 95.5 3
      vertex -46.80979670584202 99.37167704105377 3
    endloop
  endfacet
  facet normal -0.9891765099769373 0.14673047437341075 0
    outer loop
      vertex -46.80979670584202 99.37167704105377 0
      vertex -46.80979670584202 99.37167704105377 3
      vertex -46.24101857841015 103.20606771856546 3
    endloop
  endfacet
  facet normal -0.9891765099769373 0.14673047437341075 -1.9093977447066455e-17
    outer loop
      vertex -46.80979670584202 99.37167704105377 0
      vertex -46.24101857841015 103.20606771856546 3
      vertex -46.24101857841015 103.20606771856546 0
    endloop
  endfacet
  facet normal -0.9700312530798457 0.24298018036116556 9.546988726425054e-18
    outer loop
      vertex -46.24101857841015 103.20606771856546 0
      vertex -45.29914326220751 106.96624474972486 3
      vertex -45.29914326220751 106.96624474972486 0
    endloop
  endfacet
  facet normal -0.9415440651278848 0.33688985354631473 0
    outer loop
      vertex -45.29914326220751 106.96624474972486 0
      vertex -43.99324153363705 110.61599557846785 3
      vertex -43.99324153363705 110.61599557846785 0
    endloop
  endfacet
  facet normal -0.9700312530798457 0.24298018036116556 0
    outer loop
      vertex -46.24101857841015 103.20606771856546 0
      vertex -46.24101857841015 103.20606771856546 3
      vertex -45.29914326220751 106.96624474972486 3
    endloop
  endfacet
  facet normal -0.9415440651278848 0.33688985354631473 0
    outer loop
      vertex -45.29914326220751 106.96624474972486 0
      vertex -45.29914326220751 106.96624474972486 3
      vertex -43.99324153363705 110.61599557846785 3
    endloop
  endfacet
  facet normal -0.9039892934235105 0.42755509279584325 0
    outer loop
      vertex -43.99324153363705 110.61599557846785 0
      vertex -43.99324153363705 110.61599557846785 3
      vertex -42.33588994294405 114.12017110735178 3
    endloop
  endfacet
  facet normal 0 0 1
    outer loop
      vertex -38 83 3
      vertex -38 88 3
      vertex -38.033912904560566 120.55853472650051 3
    endloop
  endfacet
  facet normal -0.9039892934235105 0.42755509279584325 2.864096616453058e-17
    outer loop
      vertex -43.99324153363705 110.61599557846785 0
      vertex -42.33588994294405 114.12017110735178 3
      vertex -42.33588994294405 114.12017110735178 0
    endloop
  endfacet
  facet normal -0.8577286095092086 0.5141027450125115 -1.909397743899256e-17
    outer loop
      vertex -42.33588994294405 114.12017110735178 0
      vertex -40.34304968267679 117.44502420723438 3
      vertex -40.34304968267679 117.44502420723438 0
    endloop
  endfacet
  facet normal -0.8032075313968616 0.595699304605402 0
    outer loop
      vertex -40.34304968267679 117.44502420723438 0
      vertex -38.033912904560566 120.55853472650051 3
      vertex -38.033912904560566 120.55853472650051 0
    endloop
  endfacet
  facet normal -0.8577286095092086 0.5141027450125115 0
    outer loop
      vertex -42.33588994294405 114.12017110735178 0
      vertex -42.33588994294405 114.12017110735178 3
      vertex -40.34304968267679 117.44502420723438 3
    endloop
  endfacet
  facet normal -0.8032075313968616 0.595699304605402 0
    outer loop
      vertex -40.34304968267679 117.44502420723438 0
      vertex -40.34304968267679 117.44502420723438 3
      vertex -38.033912904560566 120.55853472650051 3
    endloop
  endfacet
  facet normal -0.7409511252495091 0.6715589549633645 0
    outer loop
      vertex -38.033912904560566 120.55853472650051 0
      vertex -38.033912904560566 120.55853472650051 3
      vertex -35.43071785569191 123.43071785569191 3
    endloop
  endfacet
  facet normal 0 0 1
    outer loop
      vertex -38 88 3
      vertex -33 88 3
      vertex -38.033912904560566 120.55853472650051 3
    endloop
  endfacet
  facet normal 0 0 1
    outer loop
      vertex -33 62 3
      vertex -32.55853472650051 126.03391290456057 3
      vertex -33 83 3
    endloop
  endfacet
  facet normal 0 0 1
    outer loop
      vertex -33 83 3
      vertex -32.55853472650051 126.03391290456057 3
      vertex -33 88 3
    endloop
  endfacet
  facet normal 0 0 1
    outer loop
      vertex -33 88 3
      vertex -35.43071785569191 123.43071785569191 3
      vertex -38.033912904560566 120.55853472650051 3
    endloop
  endfacet
  facet normal 0 0 1
    outer loop
      vertex -33 88 3
      vertex -32.55853472650051 126.03391290456057 3
      vertex -35.43071785569191 123.43071785569191 3
    endloop
  endfacet
  facet normal -0.7409511252495091 0.6715589549633645 -9.546988734959418e-18
    outer loop
      vertex -38.033912904560566 120.55853472650051 0
      vertex -35.43071785569191 123.43071785569191 3
      vertex -35.43071785569191 123.43071785569191 0
    endloop
  endfacet
  facet normal 0 0 -1
    outer loop
      vertex -35.43071785569191 123.43071785569191 0
      vertex -32.684591125351034 118.6863451509454 0
      vertex -32.63851289729034 118.3757109695484 0
    endloop
  endfacet
  facet normal 0 0 -1
    outer loop
      vertex -35.43071785569191 123.43071785569191 0
      vertex -32.562209074343066 118.07108903278572 0
      vertex -32.45641450403612 117.77541301643171 0
    endloop
  endfacet
  facet normal 0 0 -1
    outer loop
      vertex -35.43071785569191 123.43071785569191 0
      vertex -32.63851289729034 118.3757109695484 0
      vertex -32.562209074343066 118.07108903278572 0
    endloop
  endfacet
  facet normal 0 0 -1
    outer loop
      vertex -35.43071785569191 123.43071785569191 0
      vertex -32.7 119 0
      vertex -32.684591125351034 118.6863451509454 0
    endloop
  endfacet
  facet normal 0 0 -1
    outer loop
      vertex -35.43071785569191 123.43071785569191 0
      vertex -32.684591125351034 119.3136548490546 0
      vertex -32.7 119 0
    endloop
  endfacet
  facet normal 0 0 -1
    outer loop
      vertex -35.43071785569191 123.43071785569191 0
      vertex -32.63851289729034 119.6242890304516 0
      vertex -32.684591125351034 119.3136548490546 0
    endloop
  endfacet
  facet normal 0 0 -1
    outer loop
      vertex -35.43071785569191 123.43071785569191 0
      vertex -32.562209074343066 119.92891096721428 0
      vertex -32.63851289729034 119.6242890304516 0
    endloop
  endfacet
  facet normal 0 0 -1
    outer loop
      vertex -35.43071785569191 123.43071785569191 0
      vertex -32.55853472650051 126.03391290456057 0
      vertex -32.562209074343066 119.92891096721428 0
    endloop
  endfacet
  facet normal 0 0 -1
    outer loop
      vertex -32.55853472650051 126.03391290456057 0
      vertex -32.45641450403612 120.22458698356829 0
      vertex -32.562209074343066 119.92891096721428 0
    endloop
  endfacet
  facet normal 0 0 -1
    outer loop
      vertex -32.55853472650051 126.03391290456057 0
      vertex -32.32214804591474 120.5084695578432 0
      vertex -32.45641450403612 120.22458698356829 0
    endloop
  endfacet
  facet normal 0 0 -1
    outer loop
      vertex -32.55853472650051 126.03391290456057 0
      vertex -32.16070275936814 120.77782474566273 0
      vertex -32.32214804591474 120.5084695578432 0
    endloop
  endfacet
  facet normal 0 0 -1
    outer loop
      vertex -32.55853472650051 126.03391290456057 0
      vertex -31.973633450760758 121.03005850932367 0
      vertex -32.16070275936814 120.77782474566273 0
    endloop
  endfacet
  facet normal -0.6715589549633645 0.7409511252495091 -9.546988734959418e-18
    outer loop
      vertex -35.43071785569191 123.43071785569191 0
      vertex -32.55853472650051 126.03391290456057 3
      vertex -32.55853472650051 126.03391290456057 0
    endloop
  endfacet
  facet normal -0.6715589549633645 0.7409511252495091 0
    outer loop
      vertex -35.43071785569191 123.43071785569191 0
      vertex -35.43071785569191 123.43071785569191 3
      vertex -32.55853472650051 126.03391290456057 3
    endloop
  endfacet
  facet normal 0 0 -1
    outer loop
      vertex -32.55853472650051 126.03391290456057 0
      vertex -31.76274169979695 121.26274169979695 0
      vertex -31.973633450760758 121.03005850932367 0
    endloop
  endfacet
  facet normal 0 0 -1
    outer loop
      vertex -32.55853472650051 126.03391290456057 0
      vertex -31.530058509323666 121.47363345076076 0
      vertex -31.76274169979695 121.26274169979695 0
    endloop
  endfacet
  facet normal 0 0 -1
    outer loop
      vertex -32.55853472650051 126.03391290456057 0
      vertex -31.277824745662727 121.66070275936815 0
      vertex -31.530058509323666 121.47363345076076 0
    endloop
  endfacet
  facet normal 0 0 -1
    outer loop
      vertex -32.55853472650051 126.03391290456057 0
      vertex -31.008469557843192 121.82214804591473 0
      vertex -31.277824745662727 121.66070275936815 0
    endloop
  endfacet
  facet normal 0 0 -1
    outer loop
      vertex -32.55853472650051 126.03391290456057 0
      vertex -30.724586983568287 121.95641450403612 0
      vertex -31.008469557843192 121.82214804591473 0
    endloop
  endfacet
  facet normal 0 0 -1
    outer loop
      vertex -32.55853472650051 126.03391290456057 0
      vertex -30.42891096721428 122.06220907434307 0
      vertex -30.724586983568287 121.95641450403612 0
    endloop
  endfacet
  facet normal 0 0 -1
    outer loop
      vertex -32.55853472650051 126.03391290456057 0
      vertex -30.12428903045161 122.13851289729034 0
      vertex -30.42891096721428 122.06220907434307 0
    endloop
  endfacet
  facet normal 0 0 -1
    outer loop
      vertex -32.55853472650051 126.03391290456057 0
      vertex -29.813654849054593 122.18459112535103 0
      vertex -30.12428903045161 122.13851289729034 0
    endloop
  endfacet
  facet normal 0 0 1
    outer loop
      vertex -32.55853472650051 126.03391290456057 3
      vertex -31.2 119 3
      vertex -31.191814035342734 119.16662913856025 3
    endloop
  endfacet
  facet normal 0 0 1
    outer loop
      vertex -32.55853472650051 126.03391290456057 3
      vertex -31.167334976685492 119.33165354742742 3
      vertex -31.126798570744754 119.49348395133259 3
    endloop
  endfacet
  facet normal 0 0 1
    outer loop
      vertex -32.55853472650051 126.03391290456057 3
      vertex -31.191814035342734 119.16662913856025 3
      vertex -31.167334976685492 119.33165354742742 3
    endloop
  endfacet
  facet normal 0 0 1
    outer loop
      vertex -32.55853472650051 126.03391290456057 3
      vertex -31.126798570744754 119.49348395133259 3
      vertex -31.070595205269186 119.65056183502065 3
    endloop
  endfacet
  facet normal 0 0 1
    outer loop
      vertex -32.55853472650051 126.03391290456057 3
      vertex -31.070595205269186 119.65056183502065 3
      vertex -30.999266149392202 119.8013744526042 3
    endloop
  endfacet
  facet normal 0 0 1
    outer loop
      vertex -32.55853472650051 126.03391290456057 3
      vertex -30.999266149392202 119.8013744526042 3
      vertex -30.913498340914327 119.94446939613333 3
    endloop
  endfacet
  facet normal 0 0 1
    outer loop
      vertex -32.55853472650051 126.03391290456057 3
      vertex -30.913498340914327 119.94446939613333 3
      vertex -30.814117770716653 120.07846858307819 3
    endloop
  endfacet
  facet normal 0 0 1
    outer loop
      vertex -32.55853472650051 126.03391290456057 3
      vertex -30.814117770716653 120.07846858307819 3
      vertex -30.702081528017132 120.20208152801713 3
    endloop
  endfacet
  facet normal 0 0 1
    outer loop
      vertex -32.55853472650051 126.03391290456057 3
      vertex -30.702081528017132 120.20208152801713 3
      vertex -30.578468583078198 120.31411777071665 3
    endloop
  endfacet
  facet normal 0 0 1
    outer loop
      vertex -32.55853472650051 126.03391290456057 3
      vertex -30.578468583078198 120.31411777071665 3
      vertex -30.444469396133325 120.41349834091433 3
    endloop
  endfacet
  facet normal 0 0 1
    outer loop
      vertex -32.55853472650051 126.03391290456057 3
      vertex -30.444469396133325 120.41349834091433 3
      vertex -30.301374452604197 120.4992661493922 3
    endloop
  endfacet
  facet normal 0 0 1
    outer loop
      vertex -32.55853472650051 126.03391290456057 3
      vertex -30.301374452604197 120.4992661493922 3
      vertex -30.150561835020653 120.57059520526919 3
    endloop
  endfacet
  facet normal 0 0 1
    outer loop
      vertex -32.55853472650051 126.03391290456057 3
      vertex -30.150561835020653 120.57059520526919 3
      vertex -29.993483951332585 120.62679857074475 3
    endloop
  endfacet
  facet normal 0 0 1
    outer loop
      vertex -32.55853472650051 126.03391290456057 3
      vertex -29.993483951332585 120.62679857074475 3
      vertex -29.83165354742742 120.6673349766855 3
    endloop
  endfacet
  facet normal 0 0 1
    outer loop
      vertex -32.55853472650051 126.03391290456057 3
      vertex -29.83165354742742 120.6673349766855 3
      vertex -29.666629138560253 120.69181403534273 3
    endloop
  endfacet
  facet normal 0 0 1
    outer loop
      vertex -32.55853472650051 126.03391290456057 3
      vertex -29.666629138560253 120.69181403534273 3
      vertex -29.5 120.7 3
    endloop
  endfacet
  facet normal 0 0 1
    outer loop
      vertex -32.55853472650051 126.03391290456057 3
      vertex -29.5 120.7 3
      vertex -29.333370861439747 120.69181403534273 3
    endloop
  endfacet
  facet normal 0 0 1
    outer loop
      vertex -29.445024207234383 128.3430496826768 3
      vertex -29.333370861439747 120.69181403534273 3
      vertex -29.16834645257258 120.6673349766855 3
    endloop
  endfacet
  facet normal 0 0 1
    outer loop
      vertex -29.445024207234383 128.3430496826768 3
      vertex -29.16834645257258 120.6673349766855 3
      vertex -29.006516048667415 120.62679857074475 3
    endloop
  endfacet
  facet normal 0 0 1
    outer loop
      vertex -29.445024207234383 128.3430496826768 3
      vertex -29.006516048667415 120.62679857074475 3
      vertex -28.849438164979347 120.57059520526919 3
    endloop
  endfacet
  facet normal 0 0 1
    outer loop
      vertex -26.12017110735178 130.33588994294405 3
      vertex -28.698625547395803 120.4992661493922 3
      vertex -28.555530603866675 120.41349834091433 3
    endloop
  endfacet
  facet normal 0 0 1
    outer loop
      vertex -26.12017110735178 130.33588994294405 3
      vertex -28.555530603866675 120.41349834091433 3
      vertex -28.421531416921802 120.31411777071665 3
    endloop
  endfacet
  facet normal 0 0 1
    outer loop
      vertex -26.12017110735178 130.33588994294405 3
      vertex -28.421531416921802 120.31411777071665 3
      vertex -28.297918471982868 120.20208152801713 3
    endloop
  endfacet
  facet normal 0 0 1
    outer loop
      vertex -26.12017110735178 130.33588994294405 3
      vertex -27.832665023314508 119.33165354742742 3
      vertex -27.808185964657266 119.16662913856025 3
    endloop
  endfacet
  facet normal 0 0 1
    outer loop
      vertex -26.12017110735178 130.33588994294405 3
      vertex -28.297918471982868 120.20208152801713 3
      vertex -28.185882229283347 120.07846858307819 3
    endloop
  endfacet
  facet normal 0 0 1
    outer loop
      vertex -26.12017110735178 130.33588994294405 3
      vertex -28.185882229283347 120.07846858307819 3
      vertex -28.086501659085673 119.94446939613333 3
    endloop
  endfacet
  facet normal 0 0 1
    outer loop
      vertex -26.12017110735178 130.33588994294405 3
      vertex -28.086501659085673 119.94446939613333 3
      vertex -28.000733850607798 119.8013744526042 3
    endloop
  endfacet
  facet normal 0 0 1
    outer loop
      vertex -26.12017110735178 130.33588994294405 3
      vertex -28.000733850607798 119.8013744526042 3
      vertex -27.929404794730814 119.65056183502065 3
    endloop
  endfacet
  facet normal 0 0 1
    outer loop
      vertex -26.12017110735178 130.33588994294405 3
      vertex -27.929404794730814 119.65056183502065 3
      vertex -27.873201429255246 119.49348395133259 3
    endloop
  endfacet
  facet normal 0 0 1
    outer loop
      vertex -26.12017110735178 130.33588994294405 3
      vertex -27.873201429255246 119.49348395133259 3
      vertex -27.832665023314508 119.33165354742742 3
    endloop
  endfacet
  facet normal 0 0 -1
    outer loop
      vertex -32.55853472650051 126.03391290456057 0
      vertex -29.445024207234383 128.3430496826768 0
      vertex -29.813654849054593 122.18459112535103 0
    endloop
  endfacet
  facet normal -0.595699304605402 0.8032075313968616 0
    outer loop
      vertex -32.55853472650051 126.03391290456057 0
      vertex -29.445024207234383 128.3430496826768 3
      vertex -29.445024207234383 128.3430496826768 0
    endloop
  endfacet
  facet normal 0 0 -1
    outer loop
      vertex -29.445024207234383 128.3430496826768 0
      vertex -29.5 122.2 0
      vertex -29.813654849054593 122.18459112535103 0
    endloop
  endfacet
  facet normal 0 0 -1
    outer loop
      vertex -29.445024207234383 128.3430496826768 0
      vertex -29.186345150945407 122.18459112535103 0
      vertex -29.5 122.2 0
    endloop
  endfacet
  facet normal 0 0 -1
    outer loop
      vertex -29.445024207234383 128.3430496826768 0
      vertex -28.87571096954839 122.13851289729034 0
      vertex -29.186345150945407 122.18459112535103 0
    endloop
  endfacet
  facet normal 0 0 -1
    outer loop
      vertex -29.445024207234383 128.3430496826768 0
      vertex -28.57108903278572 122.06220907434307 0
      vertex -28.87571096954839 122.13851289729034 0
    endloop
  endfacet
  facet normal 0 0 -1
    outer loop
      vertex -26.12017110735178 130.33588994294405 0
      vertex -28.275413016431713 121.95641450403612 0
      vertex -28.57108903278572 122.06220907434307 0
    endloop
  endfacet
  facet normal 0 0 -1
    outer loop
      vertex -26.12017110735178 130.33588994294405 0
      vertex -27.991530442156808 121.82214804591473 0
      vertex -28.275413016431713 121.95641450403612 0
    endloop
  endfacet
  facet normal 0 0 -1
    outer loop
      vertex -26.12017110735178 130.33588994294405 0
      vertex -27.722175254337273 121.66070275936815 0
      vertex -27.991530442156808 121.82214804591473 0
    endloop
  endfacet
  facet normal 0 0 -1
    outer loop
      vertex -29.445024207234383 128.3430496826768 0
      vertex -26.12017110735178 130.33588994294405 0
      vertex -28.57108903278572 122.06220907434307 0
    endloop
  endfacet
  facet normal -0.595699304605402 0.8032075313968616 0
    outer loop
      vertex -32.55853472650051 126.03391290456057 0
      vertex -32.55853472650051 126.03391290456057 3
      vertex -29.445024207234383 128.3430496826768 3
    endloop
  endfacet
  facet normal 0 0 1
    outer loop
      vertex -32.55853472650051 126.03391290456057 3
      vertex -29.333370861439747 120.69181403534273 3
      vertex -29.445024207234383 128.3430496826768 3
    endloop
  endfacet
  facet normal -0.5141027450125115 0.8577286095092086 0
    outer loop
      vertex -29.445024207234383 128.3430496826768 0
      vertex -29.445024207234383 128.3430496826768 3
      vertex -26.12017110735178 130.33588994294405 3
    endloop
  endfacet
  facet normal 0 0 1
    outer loop
      vertex -26.12017110735178 130.33588994294405 3
      vertex -28.849438164979347 120.57059520526919 3
      vertex -28.698625547395803 120.4992661493922 3
    endloop
  endfacet
  facet normal 0 0 1
    outer loop
      vertex -29.445024207234383 128.3430496826768 3
      vertex -28.849438164979347 120.57059520526919 3
      vertex -26.12017110735178 130.33588994294405 3
    endloop
  endfacet
  facet normal 0 0 -1
    outer loop
      vertex -26.12017110735178 -40.33588994294405 0
      vertex -26.31540887464897 118.6863451509454 0
      vertex -26.3 119 0
    endloop
  endfacet
  facet normal 0 0 1
    outer loop
      vertex -26.12017110735178 -40.33588994294405 3
      vertex -27.8 119 3
      vertex -27.808185964657266 118.83337086143975 3
    endloop
  endfacet
  facet normal 0 0 -1
    outer loop
      vertex -26.361487102709663 -28.37571096954839 0
      vertex -27.722175254337273 116.33929724063185 0
      vertex -27.469941490676334 116.52636654923924 0
    endloop
  endfacet
  facet normal 0 0 -1
    outer loop
      vertex -26.361487102709663 -28.37571096954839 0
      vertex -27.469941490676334 116.52636654923924 0
      vertex -27.23725830020305 116.73725830020305 0
    endloop
  endfacet
  facet normal 0 0 -1
    outer loop
      vertex -26.361487102709663 -28.37571096954839 0
      vertex -27.23725830020305 116.73725830020305 0
      vertex -27.026366549239242 116.96994149067633 0
    endloop
  endfacet
  facet normal 0 0 -1
    outer loop
      vertex -26.361487102709663 -28.37571096954839 0
      vertex -27.026366549239242 116.96994149067633 0
      vertex -26.839297240631854 117.22217525433727 0
    endloop
  endfacet
  facet normal 0 0 -1
    outer loop
      vertex -26.361487102709663 -28.37571096954839 0
      vertex -26.839297240631854 117.22217525433727 0
      vertex -26.677851954085263 117.4915304421568 0
    endloop
  endfacet
  facet normal 0 0 -1
    outer loop
      vertex -26.361487102709663 -28.37571096954839 0
      vertex -26.677851954085263 117.4915304421568 0
      vertex -26.54358549596388 117.77541301643171 0
    endloop
  endfacet
  facet normal 0 0 -1
    outer loop
      vertex -26.361487102709663 -28.37571096954839 0
      vertex -26.54358549596388 117.77541301643171 0
      vertex -26.43779092565693 118.07108903278572 0
    endloop
  endfacet
  facet normal 0 0 -1
    outer loop
      vertex -26.361487102709663 -28.37571096954839 0
      vertex -26.43779092565693 118.07108903278572 0
      vertex -26.361487102709663 118.3757109695484 0
    endloop
  endfacet
  facet normal 0 0 -1
    outer loop
      vertex -26.361487102709663 -28.37571096954839 0
      vertex -26.361487102709663 118.3757109695484 0
      vertex -26.31540887464897 118.6863451509454 0
    endloop
  endfacet
  facet normal 0 0 -1
    outer loop
      vertex -26.12017110735178 -40.33588994294405 0
      vertex -26.3 119 0
      vertex -26.12017110735178 130.33588994294405 0
    endloop
  endfacet
  facet normal 0 0 -1
    outer loop
      vertex -22.615995578467846 -41.99324153363705 0
      vertex -26.12017110735178 130.33588994294405 0
      vertex -22.615995578467846 131.99324153363705 0
    endloop
  endfacet
  facet normal 0 0 1
    outer loop
      vertex -26.12017110735178 -40.33588994294405 3
      vertex -26.12017110735178 130.33588994294405 3
      vertex -27.8 119 3
    endloop
  endfacet
  facet normal 0 0 1
    outer loop
      vertex -22.615995578467846 -41.99324153363705 3
      vertex -22.615995578467846 131.99324153363705 3
      vertex -26.12017110735178 130.33588994294405 3
    endloop
  endfacet
  facet normal 0 0 -1
    outer loop
      vertex -18.966244749724865 -43.29914326220751 0
      vertex -22.615995578467846 131.99324153363705 0
      vertex -18.966244749724865 133.2991432622075 0
    endloop
  endfacet
  facet normal 0 0 1
    outer loop
      vertex -18.966244749724865 -43.29914326220751 3
      vertex -18.966244749724865 133.2991432622075 3
      vertex -22.615995578467846 131.99324153363705 3
    endloop
  endfacet
  facet normal 0 0 -1
    outer loop
      vertex -15.206067718565464 -44.24101857841015 0
      vertex -18.966244749724865 133.2991432622075 0
      vertex -15.206067718565464 134.24101857841015 0
    endloop
  endfacet
  facet normal 0 0 -1
    outer loop
      vertex -11.371677041053772 -44.80979670584202 0
      vertex -15.206067718565464 134.24101857841015 0
      vertex -11.371677041053772 134.80979670584202 0
    endloop
  endfacet
  facet normal 0 0 1
    outer loop
      vertex -15.206067718565464 -44.24101857841015 3
      vertex -15.206067718565464 134.24101857841015 3
      vertex -18.966244749724865 133.2991432622075 3
    endloop
  endfacet
  facet normal 0 0 1
    outer loop
      vertex -11.371677041053772 -44.80979670584202 3
      vertex -11.371677041053772 134.80979670584202 3
      vertex -15.206067718565464 134.24101857841015 3
    endloop
  endfacet
  facet normal 0 0 -1
    outer loop
      vertex -11.371677041053772 134.80979670584202 0
      vertex -7.5 135 0
      vertex -7.5 -45 0
    endloop
  endfacet
  facet normal 0 0 1
    outer loop
      vertex -11.371677041053772 134.80979670584202 3
      vertex -7.5 -45 3
      vertex -7.5 135 3
    endloop
  endfacet
  facet normal 0 0 -1
    outer loop
      vertex -26.12017110735178 130.33588994294405 0
      vertex -26.54358549596388 120.22458698356829 0
      vertex -26.677851954085263 120.5084695578432 0
    endloop
  endfacet
  facet normal 0 0 -1
    outer loop
      vertex -26.12017110735178 130.33588994294405 0
      vertex -26.43779092565693 119.92891096721428 0
      vertex -26.54358549596388 120.22458698356829 0
    endloop
  endfacet
  facet normal 0 0 -1
    outer loop
      vertex -26.12017110735178 130.33588994294405 0
      vertex -26.3 119 0
      vertex -26.31540887464897 119.3136548490546 0
    endloop
  endfacet
  facet normal 0 0 -1
    outer loop
      vertex -26.12017110735178 130.33588994294405 0
      vertex -26.31540887464897 119.3136548490546 0
      vertex -26.361487102709663 119.6242890304516 0
    endloop
  endfacet
  facet normal 0 0 -1
    outer loop
      vertex -26.12017110735178 130.33588994294405 0
      vertex -26.361487102709663 119.6242890304516 0
      vertex -26.43779092565693 119.92891096721428 0
    endloop
  endfacet
  facet normal 0 0 1
    outer loop
      vertex -26.12017110735178 130.33588994294405 3
      vertex -27.808185964657266 119.16662913856025 3
      vertex -27.8 119 3
    endloop
  endfacet
  facet normal 0 0 -1
    outer loop
      vertex -26.12017110735178 130.33588994294405 0
      vertex -27.23725830020305 121.26274169979695 0
      vertex -27.469941490676334 121.47363345076076 0
    endloop
  endfacet
  facet normal 0 0 -1
    outer loop
      vertex -26.12017110735178 130.33588994294405 0
      vertex -27.469941490676334 121.47363345076076 0
      vertex -27.722175254337273 121.66070275936815 0
    endloop
  endfacet
  facet normal 0 0 -1
    outer loop
      vertex -26.12017110735178 130.33588994294405 0
      vertex -27.026366549239242 121.03005850932367 0
      vertex -27.23725830020305 121.26274169979695 0
    endloop
  endfacet
  facet normal 0 0 -1
    outer loop
      vertex -26.12017110735178 130.33588994294405 0
      vertex -26.839297240631854 120.77782474566273 0
      vertex -27.026366549239242 121.03005850932367 0
    endloop
  endfacet
  facet normal 0 0 -1
    outer loop
      vertex -26.12017110735178 130.33588994294405 0
      vertex -26.677851954085263 120.5084695578432 0
      vertex -26.839297240631854 120.77782474566273 0
    endloop
  endfacet
  facet normal -0.5141027450125115 0.8577286095092086 -1.909397743899256e-17
    outer loop
      vertex -29.445024207234383 128.3430496826768 0
      vertex -26.12017110735178 130.33588994294405 3
      vertex -26.12017110735178 130.33588994294405 0
    endloop
  endfacet
  facet normal -0.42755509279584325 0.9039892934235105 2.864096616453058e-17
    outer loop
      vertex -26.12017110735178 130.33588994294405 0
      vertex -22.615995578467846 131.99324153363705 3
      vertex -22.615995578467846 131.99324153363705 0
    endloop
  endfacet
  facet normal -0.42755509279584325 0.9039892934235105 0
    outer loop
      vertex -26.12017110735178 130.33588994294405 0
      vertex -26.12017110735178 130.33588994294405 3
      vertex -22.615995578467846 131.99324153363705 3
    endloop
  endfacet
  facet normal -0.33688985354631473 0.9415440651278848 0
    outer loop
      vertex -22.615995578467846 131.99324153363705 0
      vertex -18.966244749724865 133.2991432622075 3
      vertex -18.966244749724865 133.2991432622075 0
    endloop
  endfacet
  facet normal -0.33688985354631473 0.9415440651278848 0
    outer loop
      vertex -22.615995578467846 131.99324153363705 0
      vertex -22.615995578467846 131.99324153363705 3
      vertex -18.966244749724865 133.2991432622075 3
    endloop
  endfacet
  facet normal -0.24298018036116556 0.9700312530798457 0
    outer loop
      vertex -18.966244749724865 133.2991432622075 0
      vertex -18.966244749724865 133.2991432622075 3
      vertex -15.206067718565464 134.24101857841015 3
    endloop
  endfacet
  facet normal -0.24298018036116556 0.9700312530798457 9.546988726425054e-18
    outer loop
      vertex -18.966244749724865 133.2991432622075 0
      vertex -15.206067718565464 134.24101857841015 3
      vertex -15.206067718565464 134.24101857841015 0
    endloop
  endfacet
  facet normal -0.14673047437341075 0.9891765099769373 -1.9093977447066455e-17
    outer loop
      vertex -15.206067718565464 134.24101857841015 0
      vertex -11.371677041053772 134.80979670584202 3
      vertex -11.371677041053772 134.80979670584202 0
    endloop
  endfacet
  facet normal -0.14673047437341075 0.9891765099769373 0
    outer loop
      vertex -15.206067718565464 134.24101857841015 0
      vertex -15.206067718565464 134.24101857841015 3
      vertex -11.371677041053772 134.80979670584202 3
    endloop
  endfacet
  facet normal -0.049067673762845 0.9987954562329081 0
    outer loop
      vertex -11.371677041053772 134.80979670584202 0
      vertex -7.5 135 3
      vertex -7.5 135 0
    endloop
  endfacet
  facet normal -0.049067673762845 0.9987954562329081 0
    outer loop
      vertex -11.371677041053772 134.80979670584202 0
      vertex -11.371677041053772 134.80979670584202 3
      vertex -7.5 135 3
    endloop
  endfacet
  facet normal 0.049067673762845 -0.9987954562329081 0
    outer loop
      vertex -7.5 -45 0
      vertex -3.628322958946228 -44.80979670584202 0
      vertex -7.5 -45 3
    endloop
  endfacet
  facet normal 0.049067673762845 -0.9987954562329081 0
    outer loop
      vertex -3.628322958946228 -44.80979670584202 0
      vertex -3.628322958946228 -44.80979670584202 3
      vertex -7.5 -45 3
    endloop
  endfacet
  facet normal 0.14673047437341075 -0.9891765099769373 0
    outer loop
      vertex -3.628322958946228 -44.80979670584202 0
      vertex 0.20606771856546402 -44.24101857841015 0
      vertex -3.628322958946228 -44.80979670584202 3
    endloop
  endfacet
  facet normal 0.24298018036116556 -0.9700312530798457 0
    outer loop
      vertex 0.20606771856546402 -44.24101857841015 0
      vertex 3.966244749724865 -43.29914326220751 0
      vertex 0.20606771856546402 -44.24101857841015 3
    endloop
  endfacet
  facet normal 0.14673047437341075 -0.9891765099769373 -1.9093977447066455e-17
    outer loop
      vertex -3.628322958946228 -44.80979670584202 3
      vertex 0.20606771856546402 -44.24101857841015 0
      vertex 0.20606771856546402 -44.24101857841015 3
    endloop
  endfacet
  facet normal 0.33688985354631473 -0.9415440651278848 0
    outer loop
      vertex 3.966244749724865 -43.29914326220751 0
      vertex 7.615995578467846 -41.99324153363705 0
      vertex 3.966244749724865 -43.29914326220751 3
    endloop
  endfacet
  facet normal 0.24298018036116556 -0.9700312530798457 9.546988726425054e-18
    outer loop
      vertex 0.20606771856546402 -44.24101857841015 3
      vertex 3.966244749724865 -43.29914326220751 0
      vertex 3.966244749724865 -43.29914326220751 3
    endloop
  endfacet
  facet normal 0.33688985354631473 -0.9415440651278848 0
    outer loop
      vertex 3.966244749724865 -43.29914326220751 3
      vertex 7.615995578467846 -41.99324153363705 0
      vertex 7.615995578467846 -41.99324153363705 3
    endloop
  endfacet
  facet normal 0.42755509279584325 -0.9039892934235105 0
    outer loop
      vertex 7.615995578467846 -41.99324153363705 0
      vertex 11.12017110735178 -40.33588994294405 0
      vertex 7.615995578467846 -41.99324153363705 3
    endloop
  endfacet
  facet normal 0.5141027450125115 -0.8577286095092086 0
    outer loop
      vertex 11.12017110735178 -40.33588994294405 0
      vertex 14.445024207234383 -38.34304968267679 0
      vertex 11.12017110735178 -40.33588994294405 3
    endloop
  endfacet
  facet normal 0 0 -1
    outer loop
      vertex 11.12017110735178 -40.33588994294405 0
      vertex 11.677851954085263 -30.508469557843192 0
      vertex 11.839297240631854 -30.777824745662727 0
    endloop
  endfacet
  facet normal 0 0 -1
    outer loop
      vertex 11.12017110735178 -40.33588994294405 0
      vertex 11.839297240631854 -30.777824745662727 0
      vertex 12.026366549239242 -31.030058509323666 0
    endloop
  endfacet
  facet normal 0 0 -1
    outer loop
      vertex 11.12017110735178 -40.33588994294405 0
      vertex 12.026366549239242 -31.030058509323666 0
      vertex 12.237258300203047 -31.26274169979695 0
    endloop
  endfacet
  facet normal 0 0 -1
    outer loop
      vertex 11.12017110735178 -40.33588994294405 0
      vertex 12.469941490676334 -31.473633450760758 0
      vertex 12.722175254337273 -31.660702759368146 0
    endloop
  endfacet
  facet normal 0 0 -1
    outer loop
      vertex 11.12017110735178 -40.33588994294405 0
      vertex 12.237258300203047 -31.26274169979695 0
      vertex 12.469941490676334 -31.473633450760758 0
    endloop
  endfacet
  facet normal 0.42755509279584325 -0.9039892934235105 0
    outer loop
      vertex 11.12017110735178 -40.33588994294405 0
      vertex 11.12017110735178 -40.33588994294405 3
      vertex 7.615995578467846 -41.99324153363705 3
    endloop
  endfacet
  facet normal 0 0 -1
    outer loop
      vertex 11.12017110735178 -40.33588994294405 0
      vertex 11.361487102709663 -29.62428903045161 0
      vertex 11.437790925656932 -29.92891096721428 0
    endloop
  endfacet
  facet normal 0 0 -1
    outer loop
      vertex 11.12017110735178 -40.33588994294405 0
      vertex 11.31540887464897 -29.313654849054593 0
      vertex 11.361487102709663 -29.62428903045161 0
    endloop
  endfacet
  facet normal 0 0 -1
    outer loop
      vertex 11.12017110735178 -40.33588994294405 0
      vertex 11.3 -29 0
      vertex 11.31540887464897 -29.313654849054593 0
    endloop
  endfacet
  facet normal 0 0 -1
    outer loop
      vertex 11.12017110735178 -40.33588994294405 0
      vertex 11.437790925656932 -29.92891096721428 0
      vertex 11.543585495963882 -30.224586983568287 0
    endloop
  endfacet
  facet normal 0 0 -1
    outer loop
      vertex 11.12017110735178 -40.33588994294405 0
      vertex 11.543585495963882 -30.224586983568287 0
      vertex 11.677851954085263 -30.508469557843192 0
    endloop
  endfacet
  facet normal 0 0 1
    outer loop
      vertex 11.12017110735178 -40.33588994294405 3
      vertex 12.808185964657266 -29.166629138560253 3
      vertex 12.8 -29 3
    endloop
  endfacet
  facet normal 0 0 -1
    outer loop
      vertex -7.5 -45 0
      vertex -7.5 135 0
      vertex -3.628322958946228 -44.80979670584202 0
    endloop
  endfacet
  facet normal 0 0 1
    outer loop
      vertex -7.5 -45 3
      vertex -3.628322958946228 -44.80979670584202 3
      vertex -7.5 135 3
    endloop
  endfacet
  facet normal 0 0 -1
    outer loop
      vertex -3.628322958946228 -44.80979670584202 0
      vertex -3.628322958946228 134.80979670584202 0
      vertex 0.20606771856546402 -44.24101857841015 0
    endloop
  endfacet
  facet normal 0 0 -1
    outer loop
      vertex 0.20606771856546402 -44.24101857841015 0
      vertex 0.20606771856546402 134.24101857841015 0
      vertex 3.966244749724865 -43.29914326220751 0
    endloop
  endfacet
  facet normal 0 0 1
    outer loop
      vertex -3.628322958946228 -44.80979670584202 3
      vertex 0.20606771856546402 -44.24101857841015 3
      vertex -3.628322958946228 134.80979670584202 3
    endloop
  endfacet
  facet normal 0 0 1
    outer loop
      vertex 0.20606771856546402 -44.24101857841015 3
      vertex 3.966244749724865 -43.29914326220751 3
      vertex 0.20606771856546402 134.24101857841015 3
    endloop
  endfacet
  facet normal 0 0 -1
    outer loop
      vertex 3.966244749724865 -43.29914326220751 0
      vertex 3.966244749724865 133.2991432622075 0
      vertex 7.615995578467846 -41.99324153363705 0
    endloop
  endfacet
  facet normal 0 0 1
    outer loop
      vertex 3.966244749724865 -43.29914326220751 3
      vertex 7.615995578467846 -41.99324153363705 3
      vertex 3.966244749724865 133.2991432622075 3
    endloop
  endfacet
  facet normal 0 0 -1
    outer loop
      vertex 7.615995578467846 -41.99324153363705 0
      vertex 7.615995578467846 131.99324153363705 0
      vertex 11.12017110735178 -40.33588994294405 0
    endloop
  endfacet
  facet normal 0 0 -1
    outer loop
      vertex 11.12017110735178 -40.33588994294405 0
      vertex 11.12017110735178 130.33588994294405 0
      vertex 11.3 -29 0
    endloop
  endfacet
  facet normal 0 0 -1
    outer loop
      vertex 11.361487102709663 118.3757109695484 0
      vertex 11.361487102709663 -28.37571096954839 0
      vertex 11.31540887464897 -28.686345150945407 0
    endloop
  endfacet
  facet normal 0 0 -1
    outer loop
      vertex 11.361487102709663 118.3757109695484 0
      vertex 11.437790925656932 -28.07108903278572 0
      vertex 11.361487102709663 -28.37571096954839 0
    endloop
  endfacet
  facet normal 0 0 -1
    outer loop
      vertex 11.361487102709663 118.3757109695484 0
      vertex 11.543585495963882 -27.775413016431713 0
      vertex 11.437790925656932 -28.07108903278572 0
    endloop
  endfacet
  facet normal 0 0 -1
    outer loop
      vertex 11.361487102709663 118.3757109695484 0
      vertex 11.677851954085263 -27.491530442156808 0
      vertex 11.543585495963882 -27.775413016431713 0
    endloop
  endfacet
  facet normal 0 0 -1
    outer loop
      vertex 11.361487102709663 118.3757109695484 0
      vertex 11.839297240631854 -27.222175254337273 0
      vertex 11.677851954085263 -27.491530442156808 0
    endloop
  endfacet
  facet normal 0 0 -1
    outer loop
      vertex 11.361487102709663 118.3757109695484 0
      vertex 12.026366549239242 -26.969941490676334 0
      vertex 11.839297240631854 -27.222175254337273 0
    endloop
  endfacet
  facet normal 0 0 -1
    outer loop
      vertex 11.361487102709663 118.3757109695484 0
      vertex 12.237258300203047 -26.73725830020305 0
      vertex 12.026366549239242 -26.969941490676334 0
    endloop
  endfacet
  facet normal 0 0 -1
    outer loop
      vertex 11.361487102709663 118.3757109695484 0
      vertex 12.469941490676334 -26.526366549239242 0
      vertex 12.237258300203047 -26.73725830020305 0
    endloop
  endfacet
  facet normal 0 0 -1
    outer loop
      vertex 11.361487102709663 118.3757109695484 0
      vertex 12.722175254337273 -26.339297240631854 0
      vertex 12.469941490676334 -26.526366549239242 0
    endloop
  endfacet
  facet normal 0 0 1
    outer loop
      vertex 7.615995578467846 -41.99324153363705 3
      vertex 11.12017110735178 -40.33588994294405 3
      vertex 7.615995578467846 131.99324153363705 3
    endloop
  endfacet
  facet normal 0 0 1
    outer loop
      vertex 11.12017110735178 -40.33588994294405 3
      vertex 12.8 -29 3
      vertex 11.12017110735178 130.33588994294405 3
    endloop
  endfacet
  facet normal 0 0 -1
    outer loop
      vertex 11.12017110735178 130.33588994294405 0
      vertex 11.31540887464897 -28.686345150945407 0
      vertex 11.3 -29 0
    endloop
  endfacet
  facet normal 0 0 1
    outer loop
      vertex 11.12017110735178 130.33588994294405 3
      vertex 12.8 -29 3
      vertex 12.808185964657266 -28.833370861439747 3
    endloop
  endfacet
  facet normal 0 0 -1
    outer loop
      vertex 11.12017110735178 -40.33588994294405 0
      vertex 13.571089032785721 -32.062209074343066 0
      vertex 14.445024207234383 -38.34304968267679 0
    endloop
  endfacet
  facet normal 0 0 -1
    outer loop
      vertex 11.12017110735178 -40.33588994294405 0
      vertex 12.722175254337273 -31.660702759368146 0
      vertex 12.991530442156808 -31.822148045914737 0
    endloop
  endfacet
  facet normal 0 0 -1
    outer loop
      vertex 11.12017110735178 -40.33588994294405 0
      vertex 12.991530442156808 -31.822148045914737 0
      vertex 13.275413016431713 -31.95641450403612 0
    endloop
  endfacet
  facet normal 0 0 -1
    outer loop
      vertex 11.12017110735178 -40.33588994294405 0
      vertex 13.275413016431713 -31.95641450403612 0
      vertex 13.571089032785721 -32.062209074343066 0
    endloop
  endfacet
  facet normal 0 0 -1
    outer loop
      vertex 14.445024207234383 -38.34304968267679 0
      vertex 13.571089032785721 -32.062209074343066 0
      vertex 13.87571096954839 -32.13851289729034 0
    endloop
  endfacet
  facet normal 0 0 -1
    outer loop
      vertex 14.445024207234383 -38.34304968267679 0
      vertex 13.87571096954839 -32.13851289729034 0
      vertex 14.186345150945407 -32.184591125351034 0
    endloop
  endfacet
  facet normal 0 0 -1
    outer loop
      vertex 14.445024207234383 -38.34304968267679 0
      vertex 14.186345150945407 -32.184591125351034 0
      vertex 14.5 -32.2 0
    endloop
  endfacet
  facet normal 0 0 -1
    outer loop
      vertex 14.445024207234383 -38.34304968267679 0
      vertex 14.5 -32.2 0
      vertex 14.813654849054593 -32.184591125351034 0
    endloop
  endfacet
  facet normal 0 0 -1
    outer loop
      vertex 14.445024207234383 -38.34304968267679 0
      vertex 14.813654849054593 -32.184591125351034 0
      vertex 17.55853472650051 -36.033912904560566 0
    endloop
  endfacet
  facet normal 0.595699304605402 -0.8032075313968616 0
    outer loop
      vertex 14.445024207234383 -38.34304968267679 0
      vertex 17.55853472650051 -36.033912904560566 0
      vertex 14.445024207234383 -38.34304968267679 3
    endloop
  endfacet
  facet normal 0.5141027450125115 -0.8577286095092086 -1.909397743899256e-17
    outer loop
      vertex 11.12017110735178 -40.33588994294405 3
      vertex 14.445024207234383 -38.34304968267679 0
      vertex 14.445024207234383 -38.34304968267679 3
    endloop
  endfacet
  facet normal 0 0 1
    outer loop
      vertex 11.12017110735178 -40.33588994294405 3
      vertex 14.445024207234383 -38.34304968267679 3
      vertex 13.849438164979347 -30.570595205269186 3
    endloop
  endfacet
  facet normal 0 0 1
    outer loop
      vertex 11.12017110735178 -40.33588994294405 3
      vertex 13.849438164979347 -30.570595205269186 3
      vertex 13.698625547395803 -30.499266149392202 3
    endloop
  endfacet
  facet normal 0.595699304605402 -0.8032075313968616 0
    outer loop
      vertex 14.445024207234383 -38.34304968267679 3
      vertex 17.55853472650051 -36.033912904560566 0
      vertex 17.55853472650051 -36.033912904560566 3
    endloop
  endfacet
  facet normal 0 0 1
    outer loop
      vertex 14.445024207234383 -38.34304968267679 3
      vertex 17.55853472650051 -36.033912904560566 3
      vertex 14.333370861439747 -30.691814035342734 3
    endloop
  endfacet
  facet normal 0 0 -1
    outer loop
      vertex 17.55853472650051 -36.033912904560566 0
      vertex 14.813654849054593 -32.184591125351034 0
      vertex 15.12428903045161 -32.13851289729034 0
    endloop
  endfacet
  facet normal 0 0 -1
    outer loop
      vertex 17.55853472650051 -36.033912904560566 0
      vertex 15.12428903045161 -32.13851289729034 0
      vertex 15.428910967214279 -32.062209074343066 0
    endloop
  endfacet
  facet normal 0 0 -1
    outer loop
      vertex 17.55853472650051 -36.033912904560566 0
      vertex 15.428910967214279 -32.062209074343066 0
      vertex 15.724586983568287 -31.95641450403612 0
    endloop
  endfacet
  facet normal 0 0 -1
    outer loop
      vertex 17.55853472650051 -36.033912904560566 0
      vertex 15.724586983568287 -31.95641450403612 0
      vertex 16.008469557843192 -31.822148045914737 0
    endloop
  endfacet
  facet normal 0 0 -1
    outer loop
      vertex 17.55853472650051 -36.033912904560566 0
      vertex 16.008469557843192 -31.822148045914737 0
      vertex 16.277824745662727 -31.660702759368146 0
    endloop
  endfacet
  facet normal 0 0 -1
    outer loop
      vertex 17.55853472650051 -36.033912904560566 0
      vertex 16.277824745662727 -31.660702759368146 0
      vertex 16.530058509323666 -31.473633450760758 0
    endloop
  endfacet
  facet normal 0 0 -1
    outer loop
      vertex 17.55853472650051 -36.033912904560566 0
      vertex 16.530058509323666 -31.473633450760758 0
      vertex 16.76274169979695 -31.26274169979695 0
    endloop
  endfacet
  facet normal 0 0 -1
    outer loop
      vertex 17.55853472650051 -36.033912904560566 0
      vertex 16.76274169979695 -31.26274169979695 0
      vertex 16.973633450760758 -31.030058509323666 0
    endloop
  endfacet
  facet normal 0 0 1
    outer loop
      vertex 11.12017110735178 -40.33588994294405 3
      vertex 12.929404794730813 -29.650561835020653 3
      vertex 12.873201429255245 -29.493483951332585 3
    endloop
  endfacet
  facet normal 0 0 1
    outer loop
      vertex 11.12017110735178 -40.33588994294405 3
      vertex 12.873201429255245 -29.493483951332585 3
      vertex 12.832665023314508 -29.33165354742742 3
    endloop
  endfacet
  facet normal 0 0 1
    outer loop
      vertex 11.12017110735178 -40.33588994294405 3
      vertex 13.086501659085673 -29.944469396133325 3
      vertex 13.000733850607796 -29.801374452604197 3
    endloop
  endfacet
  facet normal 0 0 1
    outer loop
      vertex 11.12017110735178 -40.33588994294405 3
      vertex 13.000733850607796 -29.801374452604197 3
      vertex 12.929404794730813 -29.650561835020653 3
    endloop
  endfacet
  facet normal 0 0 1
    outer loop
      vertex 11.12017110735178 -40.33588994294405 3
      vertex 13.185882229283347 -30.078468583078198 3
      vertex 13.086501659085673 -29.944469396133325 3
    endloop
  endfacet
  facet normal 0 0 1
    outer loop
      vertex 11.12017110735178 -40.33588994294405 3
      vertex 13.29791847198287 -30.202081528017132 3
      vertex 13.185882229283347 -30.078468583078198 3
    endloop
  endfacet
  facet normal 0 0 1
    outer loop
      vertex 11.12017110735178 -40.33588994294405 3
      vertex 12.832665023314508 -29.33165354742742 3
      vertex 12.808185964657266 -29.166629138560253 3
    endloop
  endfacet
  facet normal 0 0 1
    outer loop
      vertex 11.12017110735178 -40.33588994294405 3
      vertex 13.421531416921802 -30.314117770716653 3
      vertex 13.29791847198287 -30.202081528017132 3
    endloop
  endfacet
  facet normal 0 0 1
    outer loop
      vertex 11.12017110735178 -40.33588994294405 3
      vertex 13.555530603866677 -30.413498340914327 3
      vertex 13.421531416921802 -30.314117770716653 3
    endloop
  endfacet
  facet normal 0 0 1
    outer loop
      vertex 11.12017110735178 -40.33588994294405 3
      vertex 13.698625547395803 -30.499266149392202 3
      vertex 13.555530603866677 -30.413498340914327 3
    endloop
  endfacet
  facet normal 0 0 1
    outer loop
      vertex 14.445024207234383 -38.34304968267679 3
      vertex 14.006516048667415 -30.626798570744754 3
      vertex 13.849438164979347 -30.570595205269186 3
    endloop
  endfacet
  facet normal 0 0 1
    outer loop
      vertex 14.445024207234383 -38.34304968267679 3
      vertex 14.168346452572582 -30.667334976685492 3
      vertex 14.006516048667415 -30.626798570744754 3
    endloop
  endfacet
  facet normal 0 0 1
    outer loop
      vertex 14.445024207234383 -38.34304968267679 3
      vertex 14.333370861439747 -30.691814035342734 3
      vertex 14.168346452572582 -30.667334976685492 3
    endloop
  endfacet
  facet normal 0 0 1
    outer loop
      vertex 17.55853472650051 -36.033912904560566 3
      vertex 14.5 -30.7 3
      vertex 14.333370861439747 -30.691814035342734 3
    endloop
  endfacet
  facet normal 0 0 1
    outer loop
      vertex 17.55853472650051 -36.033912904560566 3
      vertex 14.666629138560253 -30.691814035342734 3
      vertex 14.5 -30.7 3
    endloop
  endfacet
  facet normal 0 0 1
    outer loop
      vertex 17.55853472650051 -36.033912904560566 3
      vertex 14.831653547427418 -30.667334976685492 3
      vertex 14.666629138560253 -30.691814035342734 3
    endloop
  endfacet
  facet normal 0 0 1
    outer loop
      vertex 17.55853472650051 -36.033912904560566 3
      vertex 14.993483951332585 -30.626798570744754 3
      vertex 14.831653547427418 -30.667334976685492 3
    endloop
  endfacet
  facet normal 0 0 1
    outer loop
      vertex 17.55853472650051 -36.033912904560566 3
      vertex 15.150561835020653 -30.570595205269186 3
      vertex 14.993483951332585 -30.626798570744754 3
    endloop
  endfacet
  facet normal 0 0 1
    outer loop
      vertex 17.55853472650051 -36.033912904560566 3
      vertex 15.301374452604197 -30.499266149392202 3
      vertex 15.150561835020653 -30.570595205269186 3
    endloop
  endfacet
  facet normal 0 0 1
    outer loop
      vertex 17.55853472650051 -36.033912904560566 3
      vertex 15.444469396133323 -30.413498340914327 3
      vertex 15.301374452604197 -30.499266149392202 3
    endloop
  endfacet
  facet normal 0 0 1
    outer loop
      vertex 17.55853472650051 -36.033912904560566 3
      vertex 15.578468583078198 -30.314117770716653 3
      vertex 15.444469396133323 -30.413498340914327 3
    endloop
  endfacet
  facet normal 0 0 1
    outer loop
      vertex 17.55853472650051 -36.033912904560566 3
      vertex 15.70208152801713 -30.202081528017132 3
      vertex 15.578468583078198 -30.314117770716653 3
    endloop
  endfacet
  facet normal 0 0 1
    outer loop
      vertex 17.55853472650051 -36.033912904560566 3
      vertex 15.814117770716653 -30.078468583078198 3
      vertex 15.70208152801713 -30.202081528017132 3
    endloop
  endfacet
  facet normal 0 0 1
    outer loop
      vertex 17.55853472650051 -36.033912904560566 3
      vertex 15.913498340914327 -29.944469396133325 3
      vertex 15.814117770716653 -30.078468583078198 3
    endloop
  endfacet
  facet normal 0 0 1
    outer loop
      vertex 17.55853472650051 -36.033912904560566 3
      vertex 15.999266149392204 -29.801374452604197 3
      vertex 15.913498340914327 -29.944469396133325 3
    endloop
  endfacet
  facet normal 0 0 1
    outer loop
      vertex 17.55853472650051 -36.033912904560566 3
      vertex 16.070595205269186 -29.650561835020653 3
      vertex 15.999266149392204 -29.801374452604197 3
    endloop
  endfacet
  facet normal 0 0 1
    outer loop
      vertex 17.55853472650051 -36.033912904560566 3
      vertex 16.126798570744754 -29.493483951332585 3
      vertex 16.070595205269186 -29.650561835020653 3
    endloop
  endfacet
  facet normal 0 0 1
    outer loop
      vertex 17.55853472650051 -36.033912904560566 3
      vertex 16.167334976685492 -29.33165354742742 3
      vertex 16.126798570744754 -29.493483951332585 3
    endloop
  endfacet
  facet normal 0 0 1
    outer loop
      vertex 17.55853472650051 -36.033912904560566 3
      vertex 16.191814035342734 -29.166629138560253 3
      vertex 16.167334976685492 -29.33165354742742 3
    endloop
  endfacet
  facet normal 0 0 1
    outer loop
      vertex 17.55853472650051 -36.033912904560566 3
      vertex 16.2 -29 3
      vertex 16.191814035342734 -29.166629138560253 3
    endloop
  endfacet
  facet normal 0.6715589549633645 -0.7409511252495091 0
    outer loop
      vertex 17.55853472650051 -36.033912904560566 0
      vertex 20.43071785569191 -33.43071785569191 0
      vertex 17.55853472650051 -36.033912904560566 3
    endloop
  endfacet
  facet normal 0.6715589549633645 -0.7409511252495091 -9.546988734959418e-18
    outer loop
      vertex 17.55853472650051 -36.033912904560566 3
      vertex 20.43071785569191 -33.43071785569191 0
      vertex 20.43071785569191 -33.43071785569191 3
    endloop
  endfacet
  facet normal 0 0 -1
    outer loop
      vertex 17.55853472650051 -36.033912904560566 0
      vertex 16.973633450760758 -31.030058509323666 0
      vertex 17.160702759368146 -30.777824745662727 0
    endloop
  endfacet
  facet normal 0 0 -1
    outer loop
      vertex 17.55853472650051 -36.033912904560566 0
      vertex 17.160702759368146 -30.777824745662727 0
      vertex 17.322148045914737 -30.508469557843192 0
    endloop
  endfacet
  facet normal 0 0 -1
    outer loop
      vertex 17.55853472650051 -36.033912904560566 0
      vertex 17.322148045914737 -30.508469557843192 0
      vertex 17.45641450403612 -30.224586983568287 0
    endloop
  endfacet
  facet normal 0 0 -1
    outer loop
      vertex 17.55853472650051 -36.033912904560566 0
      vertex 17.45641450403612 -30.224586983568287 0
      vertex 17.56220907434307 -29.92891096721428 0
    endloop
  endfacet
  facet normal 0 0 -1
    outer loop
      vertex 17.55853472650051 -36.033912904560566 0
      vertex 17.56220907434307 -29.92891096721428 0
      vertex 20.43071785569191 -33.43071785569191 0
    endloop
  endfacet
  facet normal 0 0 -1
    outer loop
      vertex 20.43071785569191 -33.43071785569191 0
      vertex 17.56220907434307 -29.92891096721428 0
      vertex 17.638512897290337 -29.62428903045161 0
    endloop
  endfacet
  facet normal 0 0 -1
    outer loop
      vertex 20.43071785569191 -33.43071785569191 0
      vertex 17.638512897290337 -29.62428903045161 0
      vertex 17.68459112535103 -29.313654849054593 0
    endloop
  endfacet
  facet normal 0 0 -1
    outer loop
      vertex 20.43071785569191 -33.43071785569191 0
      vertex 17.68459112535103 -29.313654849054593 0
      vertex 17.7 -29 0
    endloop
  endfacet
  facet normal 0 0 -1
    outer loop
      vertex 20.43071785569191 -33.43071785569191 0
      vertex 17.7 -29 0
      vertex 17.68459112535103 -28.686345150945407 0
    endloop
  endfacet
  facet normal 0 0 -1
    outer loop
      vertex 20.43071785569191 -33.43071785569191 0
      vertex 17.638512897290337 -28.37571096954839 0
      vertex 17.56220907434307 -28.07108903278572 0
    endloop
  endfacet
  facet normal 0 0 -1
    outer loop
      vertex 20.43071785569191 -33.43071785569191 0
      vertex 17.56220907434307 -28.07108903278572 0
      vertex 17.45641450403612 -27.775413016431713 0
    endloop
  endfacet
  facet normal 0 0 -1
    outer loop
      vertex 20.43071785569191 -33.43071785569191 0
      vertex 17.68459112535103 -28.686345150945407 0
      vertex 17.638512897290337 -28.37571096954839 0
    endloop
  endfacet
  facet normal 0.7409511252495091 -0.6715589549633645 0
    outer loop
      vertex 20.43071785569191 -33.43071785569191 0
      vertex 23.033912904560566 -30.55853472650051 0
      vertex 20.43071785569191 -33.43071785569191 3
    endloop
  endfacet
  facet normal 0.8032075313968616 -0.595699304605402 0
    outer loop
      vertex 23.033912904560566 -30.55853472650051 0
      vertex 25.343049682676792 -27.445024207234383 0
      vertex 23.033912904560566 -30.55853472650051 3
    endloop
  endfacet
  facet normal 0.8577286095092086 -0.5141027450125115 0
    outer loop
      vertex 25.343049682676792 -27.445024207234383 0
      vertex 27.33588994294405 -24.12017110735178 0
      vertex 25.343049682676792 -27.445024207234383 3
    endloop
  endfacet
  facet normal 0.7409511252495091 -0.6715589549633645 -9.546988734959418e-18
    outer loop
      vertex 20.43071785569191 -33.43071785569191 3
      vertex 23.033912904560566 -30.55853472650051 0
      vertex 23.033912904560566 -30.55853472650051 3
    endloop
  endfacet
  facet normal 0.8032075313968616 -0.595699304605402 0
    outer loop
      vertex 25.343049682676792 -27.445024207234383 0
      vertex 25.343049682676792 -27.445024207234383 3
      vertex 23.033912904560566 -30.55853472650051 3
    endloop
  endfacet
  facet normal 0.8577286095092086 -0.5141027450125115 -1.909397743899256e-17
    outer loop
      vertex 25.343049682676792 -27.445024207234383 3
      vertex 27.33588994294405 -24.12017110735178 0
      vertex 27.33588994294405 -24.12017110735178 3
    endloop
  endfacet
  facet normal 0.9039892934235105 -0.42755509279584325 0
    outer loop
      vertex 27.33588994294405 -24.12017110735178 0
      vertex 28.993241533637047 -20.615995578467846 0
      vertex 27.33588994294405 -24.12017110735178 3
    endloop
  endfacet
  facet normal 0.9415440651278848 -0.33688985354631473 0
    outer loop
      vertex 28.993241533637047 -20.615995578467846 0
      vertex 30.299143262207508 -16.966244749724865 0
      vertex 28.993241533637047 -20.615995578467846 3
    endloop
  endfacet
  facet normal 0.9700312530798457 -0.24298018036116556 0
    outer loop
      vertex 30.299143262207508 -16.966244749724865 0
      vertex 31.24101857841015 -13.206067718565464 0
      vertex 30.299143262207508 -16.966244749724865 3
    endloop
  endfacet
  facet normal 0.9891765099769373 -0.14673047437341075 0
    outer loop
      vertex 31.24101857841015 -13.206067718565464 0
      vertex 31.809796705842018 -9.371677041053772 0
      vertex 31.24101857841015 -13.206067718565464 3
    endloop
  endfacet
  facet normal 0.9039892934235105 -0.42755509279584325 2.864096616453058e-17
    outer loop
      vertex 27.33588994294405 -24.12017110735178 3
      vertex 28.993241533637047 -20.615995578467846 0
      vertex 28.993241533637047 -20.615995578467846 3
    endloop
  endfacet
  facet normal 0.9415440651278848 -0.33688985354631473 0
    outer loop
      vertex 30.299143262207508 -16.966244749724865 0
      vertex 30.299143262207508 -16.966244749724865 3
      vertex 28.993241533637047 -20.615995578467846 3
    endloop
  endfacet
  facet normal 0.9700312530798457 -0.24298018036116556 0
    outer loop
      vertex 31.24101857841015 -13.206067718565464 0
      vertex 31.24101857841015 -13.206067718565464 3
      vertex 30.299143262207508 -16.966244749724865 3
    endloop
  endfacet
  facet normal 0.9987954562329081 -0.049067673762845 0
    outer loop
      vertex 31.809796705842018 -9.371677041053772 0
      vertex 32 -5.5 0
      vertex 31.809796705842018 -9.371677041053772 3
    endloop
  endfacet
  facet normal 0.9891765099769373 -0.14673047437341075 -1.9093977447066455e-17
    outer loop
      vertex 31.24101857841015 -13.206067718565464 3
      vertex 31.809796705842018 -9.371677041053772 0
      vertex 31.809796705842018 -9.371677041053772 3
    endloop
  endfacet
  facet normal 0.9987954562329081 -0.049067673762845 0
    outer loop
      vertex 32 -5.5 0
      vertex 32 -5.5 3
      vertex 31.809796705842018 -9.371677041053772 3
    endloop
  endfacet
  facet normal 0 0 -1
    outer loop
      vertex 11.361487102709663 118.3757109695484 0
      vertex 12.991530442156808 -26.177851954085263 0
      vertex 12.722175254337273 -26.339297240631854 0
    endloop
  endfacet
  facet normal 0 0 -1
    outer loop
      vertex 11.361487102709663 118.3757109695484 0
      vertex 13.275413016431713 -26.04358549596388 0
      vertex 12.991530442156808 -26.177851954085263 0
    endloop
  endfacet
  facet normal 0 0 -1
    outer loop
      vertex 11.361487102709663 118.3757109695484 0
      vertex 13.571089032785721 -25.93779092565693 0
      vertex 13.275413016431713 -26.04358549596388 0
    endloop
  endfacet
  facet normal 0 0 -1
    outer loop
      vertex 11.361487102709663 118.3757109695484 0
      vertex 13.87571096954839 -25.861487102709663 0
      vertex 13.571089032785721 -25.93779092565693 0
    endloop
  endfacet
  facet normal 0 0 -1
    outer loop
      vertex 11.361487102709663 118.3757109695484 0
      vertex 14.186345150945407 -25.81540887464897 0
      vertex 13.87571096954839 -25.861487102709663 0
    endloop
  endfacet
  facet normal 0 0 -1
    outer loop
      vertex 14.5 -25.8 0
      vertex 14.186345150945407 -25.81540887464897 0
      vertex 14.5 115.8 0
    endloop
  endfacet
  facet normal 0 0 -1
    outer loop
      vertex 14.813654849054593 115.81540887464897 0
      vertex 14.813654849054593 -25.81540887464897 0
      vertex 14.5 -25.8 0
    endloop
  endfacet
  facet normal 0 0 -1
    outer loop
      vertex 14.813654849054593 115.81540887464897 0
      vertex 15.12428903045161 -25.861487102709663 0
      vertex 14.813654849054593 -25.81540887464897 0
    endloop
  endfacet
  facet normal 0 0 -1
    outer loop
      vertex 14.813654849054593 115.81540887464897 0
      vertex 15.428910967214279 -25.93779092565693 0
      vertex 15.12428903045161 -25.861487102709663 0
    endloop
  endfacet
  facet normal 0 0 -1
    outer loop
      vertex 14.813654849054593 115.81540887464897 0
      vertex 15.724586983568287 -26.04358549596388 0
      vertex 15.428910967214279 -25.93779092565693 0
    endloop
  endfacet
  facet normal 0 0 -1
    outer loop
      vertex 14.813654849054593 115.81540887464897 0
      vertex 16.530058509323666 -26.526366549239242 0
      vertex 16.277824745662727 -26.339297240631854 0
    endloop
  endfacet
  facet normal 0 0 -1
    outer loop
      vertex 14.813654849054593 115.81540887464897 0
      vertex 16.008469557843192 -26.177851954085263 0
      vertex 15.724586983568287 -26.04358549596388 0
    endloop
  endfacet
  facet normal 0 0 -1
    outer loop
      vertex 14.813654849054593 115.81540887464897 0
      vertex 16.277824745662727 -26.339297240631854 0
      vertex 16.008469557843192 -26.177851954085263 0
    endloop
  endfacet
  facet normal 0 0 -1
    outer loop
      vertex 14.813654849054593 115.81540887464897 0
      vertex 16.76274169979695 -26.73725830020305 0
      vertex 16.530058509323666 -26.526366549239242 0
    endloop
  endfacet
  facet normal 0 0 -1
    outer loop
      vertex 14.813654849054593 115.81540887464897 0
      vertex 16.973633450760758 -26.969941490676334 0
      vertex 16.76274169979695 -26.73725830020305 0
    endloop
  endfacet
  facet normal 0 0 -1
    outer loop
      vertex 14.813654849054593 115.81540887464897 0
      vertex 17.322148045914737 -27.491530442156808 0
      vertex 17.160702759368146 -27.222175254337273 0
    endloop
  endfacet
  facet normal 0 0 -1
    outer loop
      vertex 14.813654849054593 115.81540887464897 0
      vertex 17.160702759368146 -27.222175254337273 0
      vertex 16.973633450760758 -26.969941490676334 0
    endloop
  endfacet
  facet normal 0 0 -1
    outer loop
      vertex 17.322148045914737 -27.491530442156808 0
      vertex 15.724586983568287 116.04358549596388 0
      vertex 17.45641450403612 -27.775413016431713 0
    endloop
  endfacet
  facet normal 0 0 1
    outer loop
      vertex 14.333370861439747 -27.308185964657266 3
      vertex 14.5 -27.3 3
      vertex 14.333370861439747 117.30818596465727 3
    endloop
  endfacet
  facet normal 0 0 1
    outer loop
      vertex 14.5 -27.3 3
      vertex 14.666629138560253 -27.308185964657266 3
      vertex 14.5 117.3 3
    endloop
  endfacet
  facet normal 0 0 1
    outer loop
      vertex 14.5 117.3 3
      vertex 14.666629138560253 -27.308185964657266 3
      vertex 14.831653547427418 -27.332665023314508 3
    endloop
  endfacet
  facet normal 0 0 1
    outer loop
      vertex 14.5 117.3 3
      vertex 14.831653547427418 -27.332665023314508 3
      vertex 14.993483951332585 -27.373201429255246 3
    endloop
  endfacet
  facet normal 0 0 1
    outer loop
      vertex 14.5 117.3 3
      vertex 14.993483951332585 -27.373201429255246 3
      vertex 15.150561835020653 -27.429404794730814 3
    endloop
  endfacet
  facet normal 0 0 1
    outer loop
      vertex 14.5 117.3 3
      vertex 15.150561835020653 -27.429404794730814 3
      vertex 15.301374452604197 -27.500733850607798 3
    endloop
  endfacet
  facet normal 0 0 1
    outer loop
      vertex 14.5 117.3 3
      vertex 15.301374452604197 -27.500733850607798 3
      vertex 15.444469396133323 -27.586501659085673 3
    endloop
  endfacet
  facet normal 0 0 1
    outer loop
      vertex 14.5 117.3 3
      vertex 15.444469396133323 -27.586501659085673 3
      vertex 15.578468583078198 -27.685882229283347 3
    endloop
  endfacet
  facet normal 0 0 1
    outer loop
      vertex 14.5 117.3 3
      vertex 15.578468583078198 -27.685882229283347 3
      vertex 15.70208152801713 -27.797918471982868 3
    endloop
  endfacet
  facet normal 0 0 1
    outer loop
      vertex 14.5 117.3 3
      vertex 15.913498340914327 -28.055530603866675 3
      vertex 15.999266149392204 -28.198625547395803 3
    endloop
  endfacet
  facet normal 0 0 1
    outer loop
      vertex 14.5 117.3 3
      vertex 16.191814035342734 -28.833370861439747 3
      vertex 16.2 -29 3
    endloop
  endfacet
  facet normal 0 0 1
    outer loop
      vertex 14.5 117.3 3
      vertex 16.167334976685492 -28.66834645257258 3
      vertex 16.191814035342734 -28.833370861439747 3
    endloop
  endfacet
  facet normal 0 0 1
    outer loop
      vertex 14.5 117.3 3
      vertex 16.070595205269186 -28.349438164979347 3
      vertex 16.126798570744754 -28.506516048667415 3
    endloop
  endfacet
  facet normal 0 0 1
    outer loop
      vertex 14.5 117.3 3
      vertex 15.999266149392204 -28.198625547395803 3
      vertex 16.070595205269186 -28.349438164979347 3
    endloop
  endfacet
  facet normal 0 0 1
    outer loop
      vertex 14.5 117.3 3
      vertex 16.126798570744754 -28.506516048667415 3
      vertex 16.167334976685492 -28.66834645257258 3
    endloop
  endfacet
  facet normal 0 0 1
    outer loop
      vertex 14.5 117.3 3
      vertex 15.70208152801713 -27.797918471982868 3
      vertex 15.814117770716653 -27.921531416921802 3
    endloop
  endfacet
  facet normal 0 0 1
    outer loop
      vertex 14.5 117.3 3
      vertex 15.814117770716653 -27.921531416921802 3
      vertex 15.913498340914327 -28.055530603866675 3
    endloop
  endfacet
  facet normal 0 0 1
    outer loop
      vertex 17.55853472650051 -36.033912904560566 3
      vertex 14.5 117.3 3
      vertex 16.2 -29 3
    endloop
  endfacet
  facet normal 0 0 -1
    outer loop
      vertex 20.43071785569191 -33.43071785569191 0
      vertex 17.45641450403612 -27.775413016431713 0
      vertex 17.56220907434307 118.07108903278572 0
    endloop
  endfacet
  facet normal 0 0 -1
    outer loop
      vertex 20.43071785569191 -33.43071785569191 0
      vertex 20.43071785569191 123.43071785569191 0
      vertex 23.033912904560566 -30.55853472650051 0
    endloop
  endfacet
  facet normal 0 0 1
    outer loop
      vertex 17.55853472650051 -36.033912904560566 3
      vertex 20.43071785569191 -33.43071785569191 3
      vertex 17.55853472650051 126.03391290456057 3
    endloop
  endfacet
  facet normal 0 0 1
    outer loop
      vertex 20.43071785569191 -33.43071785569191 3
      vertex 23.033912904560566 -30.55853472650051 3
      vertex 20.43071785569191 123.43071785569191 3
    endloop
  endfacet
  facet normal 0 0 1
    outer loop
      vertex 11.12017110735178 130.33588994294405 3
      vertex 12.832665023314508 -28.66834645257258 3
      vertex 12.873201429255245 -28.506516048667415 3
    endloop
  endfacet
  facet normal 0 0 1
    outer loop
      vertex 11.12017110735178 130.33588994294405 3
      vertex 12.808185964657266 -28.833370861439747 3
      vertex 12.832665023314508 -28.66834645257258 3
    endloop
  endfacet
  facet normal 0 0 1
    outer loop
      vertex 11.12017110735178 130.33588994294405 3
      vertex 12.873201429255245 -28.506516048667415 3
      vertex 12.929404794730813 -28.349438164979347 3
    endloop
  endfacet
  facet normal 0 0 1
    outer loop
      vertex 11.12017110735178 130.33588994294405 3
      vertex 12.929404794730813 -28.349438164979347 3
      vertex 13.000733850607796 -28.198625547395803 3
    endloop
  endfacet
  facet normal 0 0 1
    outer loop
      vertex 11.12017110735178 130.33588994294405 3
      vertex 13.000733850607796 -28.198625547395803 3
      vertex 13.086501659085673 -28.055530603866675 3
    endloop
  endfacet
  facet normal 0 0 1
    outer loop
      vertex 11.12017110735178 130.33588994294405 3
      vertex 13.086501659085673 -28.055530603866675 3
      vertex 13.185882229283347 -27.921531416921802 3
    endloop
  endfacet
  facet normal 0 0 1
    outer loop
      vertex 11.12017110735178 130.33588994294405 3
      vertex 13.185882229283347 -27.921531416921802 3
      vertex 13.29791847198287 -27.797918471982868 3
    endloop
  endfacet
  facet normal 0 0 1
    outer loop
      vertex 11.12017110735178 130.33588994294405 3
      vertex 13.29791847198287 -27.797918471982868 3
      vertex 13.421531416921802 -27.685882229283347 3
    endloop
  endfacet
  facet normal 0 0 1
    outer loop
      vertex 11.12017110735178 130.33588994294405 3
      vertex 13.421531416921802 -27.685882229283347 3
      vertex 13.555530603866677 -27.586501659085673 3
    endloop
  endfacet
  facet normal 0 0 1
    outer loop
      vertex 11.12017110735178 130.33588994294405 3
      vertex 13.555530603866677 -27.586501659085673 3
      vertex 13.698625547395803 -27.500733850607798 3
    endloop
  endfacet
  facet normal 0 0 1
    outer loop
      vertex 11.12017110735178 130.33588994294405 3
      vertex 13.698625547395803 -27.500733850607798 3
      vertex 13.849438164979347 -27.429404794730814 3
    endloop
  endfacet
  facet normal 0 0 1
    outer loop
      vertex 11.12017110735178 130.33588994294405 3
      vertex 13.849438164979347 -27.429404794730814 3
      vertex 14.006516048667415 -27.373201429255246 3
    endloop
  endfacet
  facet normal 0 0 1
    outer loop
      vertex 11.12017110735178 130.33588994294405 3
      vertex 14.006516048667415 -27.373201429255246 3
      vertex 14.168346452572582 -27.332665023314508 3
    endloop
  endfacet
  facet normal 0 0 1
    outer loop
      vertex 11.12017110735178 130.33588994294405 3
      vertex 14.168346452572582 -27.332665023314508 3
      vertex 14.333370861439747 -27.308185964657266 3
    endloop
  endfacet
  facet normal 0 0 -1
    outer loop
      vertex 23.033912904560566 -30.55853472650051 0
      vertex 23.033912904560566 120.55853472650051 0
      vertex 25.343049682676792 -27.445024207234383 0
    endloop
  endfacet
  facet normal 0 0 -1
    outer loop
      vertex 25.343049682676792 -27.445024207234383 0
      vertex 25.343049682676792 117.44502420723438 0
      vertex 27.33588994294405 -24.12017110735178 0
    endloop
  endfacet
  facet normal 0 0 1
    outer loop
      vertex 23.033912904560566 -30.55853472650051 3
      vertex 25.343049682676792 -27.445024207234383 3
      vertex 23.033912904560566 120.55853472650051 3
    endloop
  endfacet
  facet normal 0 0 1
    outer loop
      vertex 25.343049682676792 -27.445024207234383 3
      vertex 27.33588994294405 -24.12017110735178 3
      vertex 25.343049682676792 117.44502420723438 3
    endloop
  endfacet
  facet normal 0 0 -1
    outer loop
      vertex 27.33588994294405 -24.12017110735178 0
      vertex 27.33588994294405 114.12017110735178 0
      vertex 28.993241533637047 -20.615995578467846 0
    endloop
  endfacet
  facet normal 0 0 -1
    outer loop
      vertex 28.993241533637047 -20.615995578467846 0
      vertex 28.993241533637047 110.61599557846785 0
      vertex 30.299143262207508 -16.966244749724865 0
    endloop
  endfacet
  facet normal 0 0 -1
    outer loop
      vertex 30.299143262207508 -16.966244749724865 0
      vertex 30.299143262207508 106.96624474972486 0
      vertex 31.24101857841015 -13.206067718565464 0
    endloop
  endfacet
  facet normal 0 0 -1
    outer loop
      vertex 31.24101857841015 -13.206067718565464 0
      vertex 31.24101857841015 103.20606771856546 0
      vertex 31.809796705842018 -9.371677041053772 0
    endloop
  endfacet
  facet normal 0 0 -1
    outer loop
      vertex 31.809796705842018 -9.371677041053772 0
      vertex 31.809796705842018 99.37167704105377 0
      vertex 32 -5.5 0
    endloop
  endfacet
  facet normal 1 0 0
    outer loop
      vertex 32 -5.5 0
      vertex 32 95.5 0
      vertex 32 -5.5 3
    endloop
  endfacet
  facet normal 0 0 1
    outer loop
      vertex 27.33588994294405 -24.12017110735178 3
      vertex 28.993241533637047 -20.615995578467846 3
      vertex 27.33588994294405 114.12017110735178 3
    endloop
  endfacet
  facet normal 0 0 1
    outer loop
      vertex 28.993241533637047 -20.615995578467846 3
      vertex 30.299143262207508 -16.966244749724865 3
      vertex 28.993241533637047 110.61599557846785 3
    endloop
  endfacet
  facet normal 0 0 1
    outer loop
      vertex 30.299143262207508 -16.966244749724865 3
      vertex 31.24101857841015 -13.206067718565464 3
      vertex 30.299143262207508 106.96624474972486 3
    endloop
  endfacet
  facet normal 0 0 1
    outer loop
      vertex 31.24101857841015 -13.206067718565464 3
      vertex 31.809796705842018 -9.371677041053772 3
      vertex 31.24101857841015 103.20606771856546 3
    endloop
  endfacet
  facet normal 0 0 1
    outer loop
      vertex 31.809796705842018 -9.371677041053772 3
      vertex 32 -5.5 3
      vertex 31.809796705842018 99.37167704105377 3
    endloop
  endfacet
  facet normal 0 0 -1
    outer loop
      vertex -3.628322958946228 -44.80979670584202 0
      vertex -7.5 135 0
      vertex -3.628322958946228 134.80979670584202 0
    endloop
  endfacet
  facet normal 0 0 1
    outer loop
      vertex -3.628322958946228 -44.80979670584202 3
      vertex -3.628322958946228 134.80979670584202 3
      vertex -7.5 135 3
    endloop
  endfacet
  facet normal 0 0 -1
    outer loop
      vertex 0.20606771856546402 -44.24101857841015 0
      vertex -3.628322958946228 134.80979670584202 0
      vertex 0.20606771856546402 134.24101857841015 0
    endloop
  endfacet
  facet normal 0 0 1
    outer loop
      vertex 0.20606771856546402 -44.24101857841015 3
      vertex 0.20606771856546402 134.24101857841015 3
      vertex -3.628322958946228 134.80979670584202 3
    endloop
  endfacet
  facet normal 0 0 -1
    outer loop
      vertex 3.966244749724865 -43.29914326220751 0
      vertex 0.20606771856546402 134.24101857841015 0
      vertex 3.966244749724865 133.2991432622075 0
    endloop
  endfacet
  facet normal 0 0 -1
    outer loop
      vertex 7.615995578467846 -41.99324153363705 0
      vertex 3.966244749724865 133.2991432622075 0
      vertex 7.615995578467846 131.99324153363705 0
    endloop
  endfacet
  facet normal 0 0 1
    outer loop
      vertex 3.966244749724865 -43.29914326220751 3
      vertex 3.966244749724865 133.2991432622075 3
      vertex 0.20606771856546402 134.24101857841015 3
    endloop
  endfacet
  facet normal 0 0 1
    outer loop
      vertex 7.615995578467846 -41.99324153363705 3
      vertex 7.615995578467846 131.99324153363705 3
      vertex 3.966244749724865 133.2991432622075 3
    endloop
  endfacet
  facet normal 0 0 -1
    outer loop
      vertex 11.31540887464897 -28.686345150945407 0
      vertex 11.3 119 0
      vertex 11.31540887464897 118.6863451509454 0
    endloop
  endfacet
  facet normal 0 0 -1
    outer loop
      vertex 11.361487102709663 118.3757109695484 0
      vertex 11.31540887464897 -28.686345150945407 0
      vertex 11.31540887464897 118.6863451509454 0
    endloop
  endfacet
  facet normal 0 0 -1
    outer loop
      vertex 11.12017110735178 -40.33588994294405 0
      vertex 7.615995578467846 131.99324153363705 0
      vertex 11.12017110735178 130.33588994294405 0
    endloop
  endfacet
  facet normal 0 0 -1
    outer loop
      vertex 11.12017110735178 130.33588994294405 0
      vertex 11.3 119 0
      vertex 11.31540887464897 -28.686345150945407 0
    endloop
  endfacet
  facet normal 0 0 1
    outer loop
      vertex 11.12017110735178 -40.33588994294405 3
      vertex 11.12017110735178 130.33588994294405 3
      vertex 7.615995578467846 131.99324153363705 3
    endloop
  endfacet
  facet normal 0.049067673762845 0.9987954562329081 0
    outer loop
      vertex -7.5 135 0
      vertex -3.628322958946228 134.80979670584202 3
      vertex -3.628322958946228 134.80979670584202 0
    endloop
  endfacet
  facet normal 0.049067673762845 0.9987954562329081 0
    outer loop
      vertex -7.5 135 0
      vertex -7.5 135 3
      vertex -3.628322958946228 134.80979670584202 3
    endloop
  endfacet
  facet normal 0.14673047437341075 0.9891765099769373 1.9093977447066455e-17
    outer loop
      vertex -3.628322958946228 134.80979670584202 0
      vertex 0.20606771856546402 134.24101857841015 3
      vertex 0.20606771856546402 134.24101857841015 0
    endloop
  endfacet
  facet normal 0.14673047437341075 0.9891765099769373 0
    outer loop
      vertex -3.628322958946228 134.80979670584202 0
      vertex -3.628322958946228 134.80979670584202 3
      vertex 0.20606771856546402 134.24101857841015 3
    endloop
  endfacet
  facet normal 0.24298018036116556 0.9700312530798457 0
    outer loop
      vertex 0.20606771856546402 134.24101857841015 0
      vertex 0.20606771856546402 134.24101857841015 3
      vertex 3.966244749724865 133.2991432622075 3
    endloop
  endfacet
  facet normal 0.24298018036116556 0.9700312530798457 -9.546988726425054e-18
    outer loop
      vertex 0.20606771856546402 134.24101857841015 0
      vertex 3.966244749724865 133.2991432622075 3
      vertex 3.966244749724865 133.2991432622075 0
    endloop
  endfacet
  facet normal 0.33688985354631473 0.9415440651278848 0
    outer loop
      vertex 3.966244749724865 133.2991432622075 0
      vertex 7.615995578467846 131.99324153363705 3
      vertex 7.615995578467846 131.99324153363705 0
    endloop
  endfacet
  facet normal 0.33688985354631473 0.9415440651278848 0
    outer loop
      vertex 3.966244749724865 133.2991432622075 0
      vertex 3.966244749724865 133.2991432622075 3
      vertex 7.615995578467846 131.99324153363705 3
    endloop
  endfacet
  facet normal 0 0 -1
    outer loop
      vertex 11.12017110735178 130.33588994294405 0
      vertex 11.31540887464897 119.3136548490546 0
      vertex 11.3 119 0
    endloop
  endfacet
  facet normal 0 0 -1
    outer loop
      vertex 11.12017110735178 130.33588994294405 0
      vertex 11.361487102709663 119.6242890304516 0
      vertex 11.31540887464897 119.3136548490546 0
    endloop
  endfacet
  facet normal 0 0 -1
    outer loop
      vertex 11.12017110735178 130.33588994294405 0
      vertex 11.437790925656932 119.92891096721428 0
      vertex 11.361487102709663 119.6242890304516 0
    endloop
  endfacet
  facet normal 0 0 -1
    outer loop
      vertex 11.12017110735178 130.33588994294405 0
      vertex 11.543585495963882 120.22458698356829 0
      vertex 11.437790925656932 119.92891096721428 0
    endloop
  endfacet
  facet normal 0 0 -1
    outer loop
      vertex 11.12017110735178 130.33588994294405 0
      vertex 11.677851954085263 120.5084695578432 0
      vertex 11.543585495963882 120.22458698356829 0
    endloop
  endfacet
  facet normal 0 0 1
    outer loop
      vertex 11.12017110735178 130.33588994294405 3
      vertex 12.8 119 3
      vertex 12.808185964657266 119.16662913856025 3
    endloop
  endfacet
  facet normal 0 0 -1
    outer loop
      vertex 11.12017110735178 130.33588994294405 0
      vertex 11.839297240631854 120.77782474566273 0
      vertex 11.677851954085263 120.5084695578432 0
    endloop
  endfacet
  facet normal 0 0 -1
    outer loop
      vertex 11.12017110735178 130.33588994294405 0
      vertex 12.026366549239242 121.03005850932367 0
      vertex 11.839297240631854 120.77782474566273 0
    endloop
  endfacet
  facet normal 0 0 -1
    outer loop
      vertex 11.12017110735178 130.33588994294405 0
      vertex 12.237258300203047 121.26274169979695 0
      vertex 12.026366549239242 121.03005850932367 0
    endloop
  endfacet
  facet normal 0 0 -1
    outer loop
      vertex 11.12017110735178 130.33588994294405 0
      vertex 12.469941490676334 121.47363345076076 0
      vertex 12.237258300203047 121.26274169979695 0
    endloop
  endfacet
  facet normal 0 0 -1
    outer loop
      vertex 11.12017110735178 130.33588994294405 0
      vertex 12.722175254337273 121.66070275936815 0
      vertex 12.469941490676334 121.47363345076076 0
    endloop
  endfacet
  facet normal 0.42755509279584325 0.9039892934235105 -2.864096616453058e-17
    outer loop
      vertex 7.615995578467846 131.99324153363705 0
      vertex 11.12017110735178 130.33588994294405 3
      vertex 11.12017110735178 130.33588994294405 0
    endloop
  endfacet
  facet normal 0.42755509279584325 0.9039892934235105 0
    outer loop
      vertex 7.615995578467846 131.99324153363705 0
      vertex 7.615995578467846 131.99324153363705 3
      vertex 11.12017110735178 130.33588994294405 3
    endloop
  endfacet
  facet normal 0.5141027450125115 0.8577286095092086 0
    outer loop
      vertex 11.12017110735178 130.33588994294405 0
      vertex 11.12017110735178 130.33588994294405 3
      vertex 14.445024207234383 128.3430496826768 3
    endloop
  endfacet
  facet normal 0 0 1
    outer loop
      vertex 17.55853472650051 -36.033912904560566 3
      vertex 14.666629138560253 117.30818596465727 3
      vertex 14.5 117.3 3
    endloop
  endfacet
  facet normal 0 0 1
    outer loop
      vertex 17.55853472650051 -36.033912904560566 3
      vertex 14.831653547427418 117.3326650233145 3
      vertex 14.666629138560253 117.30818596465727 3
    endloop
  endfacet
  facet normal 0 0 1
    outer loop
      vertex 17.55853472650051 -36.033912904560566 3
      vertex 14.993483951332585 117.37320142925525 3
      vertex 14.831653547427418 117.3326650233145 3
    endloop
  endfacet
  facet normal 0 0 1
    outer loop
      vertex 17.55853472650051 -36.033912904560566 3
      vertex 15.150561835020653 117.42940479473081 3
      vertex 14.993483951332585 117.37320142925525 3
    endloop
  endfacet
  facet normal 0 0 1
    outer loop
      vertex 17.55853472650051 -36.033912904560566 3
      vertex 15.301374452604197 117.5007338506078 3
      vertex 15.150561835020653 117.42940479473081 3
    endloop
  endfacet
  facet normal 0 0 1
    outer loop
      vertex 17.55853472650051 -36.033912904560566 3
      vertex 15.444469396133323 117.58650165908567 3
      vertex 15.301374452604197 117.5007338506078 3
    endloop
  endfacet
  facet normal 0 0 1
    outer loop
      vertex 17.55853472650051 -36.033912904560566 3
      vertex 15.578468583078198 117.68588222928335 3
      vertex 15.444469396133323 117.58650165908567 3
    endloop
  endfacet
  facet normal 0 0 1
    outer loop
      vertex 17.55853472650051 -36.033912904560566 3
      vertex 15.70208152801713 117.79791847198287 3
      vertex 15.578468583078198 117.68588222928335 3
    endloop
  endfacet
  facet normal 0 0 1
    outer loop
      vertex 17.55853472650051 -36.033912904560566 3
      vertex 15.814117770716653 117.92153141692181 3
      vertex 15.70208152801713 117.79791847198287 3
    endloop
  endfacet
  facet normal 0 0 1
    outer loop
      vertex 17.55853472650051 -36.033912904560566 3
      vertex 15.913498340914327 118.05553060386667 3
      vertex 15.814117770716653 117.92153141692181 3
    endloop
  endfacet
  facet normal 0 0 1
    outer loop
      vertex 17.55853472650051 -36.033912904560566 3
      vertex 15.999266149392204 118.1986255473958 3
      vertex 15.913498340914327 118.05553060386667 3
    endloop
  endfacet
  facet normal 0 0 1
    outer loop
      vertex 17.55853472650051 -36.033912904560566 3
      vertex 16.070595205269186 118.34943816497935 3
      vertex 15.999266149392204 118.1986255473958 3
    endloop
  endfacet
  facet normal 0 0 1
    outer loop
      vertex 17.55853472650051 -36.033912904560566 3
      vertex 16.126798570744754 118.50651604866741 3
      vertex 16.070595205269186 118.34943816497935 3
    endloop
  endfacet
  facet normal 0 0 1
    outer loop
      vertex 17.55853472650051 -36.033912904560566 3
      vertex 16.167334976685492 118.66834645257258 3
      vertex 16.126798570744754 118.50651604866741 3
    endloop
  endfacet
  facet normal 0 0 -1
    outer loop
      vertex 14.186345150945407 -25.81540887464897 0
      vertex 11.437790925656932 118.07108903278572 0
      vertex 11.543585495963882 117.77541301643171 0
    endloop
  endfacet
  facet normal 0 0 -1
    outer loop
      vertex 14.186345150945407 -25.81540887464897 0
      vertex 11.361487102709663 118.3757109695484 0
      vertex 11.437790925656932 118.07108903278572 0
    endloop
  endfacet
  facet normal 0 0 -1
    outer loop
      vertex 14.186345150945407 -25.81540887464897 0
      vertex 11.543585495963882 117.77541301643171 0
      vertex 11.677851954085263 117.4915304421568 0
    endloop
  endfacet
  facet normal 0 0 -1
    outer loop
      vertex 14.186345150945407 -25.81540887464897 0
      vertex 11.839297240631854 117.22217525433727 0
      vertex 12.026366549239242 116.96994149067633 0
    endloop
  endfacet
  facet normal 0 0 -1
    outer loop
      vertex 14.186345150945407 -25.81540887464897 0
      vertex 12.026366549239242 116.96994149067633 0
      vertex 12.237258300203047 116.73725830020305 0
    endloop
  endfacet
  facet normal 0 0 -1
    outer loop
      vertex 14.186345150945407 -25.81540887464897 0
      vertex 11.677851954085263 117.4915304421568 0
      vertex 11.839297240631854 117.22217525433727 0
    endloop
  endfacet
  facet normal 0 0 -1
    outer loop
      vertex 14.186345150945407 -25.81540887464897 0
      vertex 12.722175254337273 116.33929724063185 0
      vertex 12.991530442156808 116.17785195408527 0
    endloop
  endfacet
  facet normal 0 0 -1
    outer loop
      vertex 14.186345150945407 -25.81540887464897 0
      vertex 12.237258300203047 116.73725830020305 0
      vertex 12.469941490676334 116.52636654923924 0
    endloop
  endfacet
  facet normal 0 0 -1
    outer loop
      vertex 14.186345150945407 -25.81540887464897 0
      vertex 12.469941490676334 116.52636654923924 0
      vertex 12.722175254337273 116.33929724063185 0
    endloop
  endfacet
  facet normal 0 0 -1
    outer loop
      vertex 14.186345150945407 -25.81540887464897 0
      vertex 12.991530442156808 116.17785195408527 0
      vertex 13.275413016431713 116.04358549596388 0
    endloop
  endfacet
  facet normal 0 0 -1
    outer loop
      vertex 14.186345150945407 -25.81540887464897 0
      vertex 13.275413016431713 116.04358549596388 0
      vertex 13.571089032785721 115.93779092565693 0
    endloop
  endfacet
  facet normal 0 0 -1
    outer loop
      vertex 14.186345150945407 -25.81540887464897 0
      vertex 13.571089032785721 115.93779092565693 0
      vertex 13.87571096954839 115.86148710270966 0
    endloop
  endfacet
  facet normal 0 0 -1
    outer loop
      vertex 14.186345150945407 -25.81540887464897 0
      vertex 13.87571096954839 115.86148710270966 0
      vertex 14.186345150945407 115.81540887464897 0
    endloop
  endfacet
  facet normal 0 0 -1
    outer loop
      vertex 14.186345150945407 -25.81540887464897 0
      vertex 14.186345150945407 115.81540887464897 0
      vertex 14.5 115.8 0
    endloop
  endfacet
  facet normal 0 0 -1
    outer loop
      vertex 14.5 -25.8 0
      vertex 14.5 115.8 0
      vertex 14.813654849054593 115.81540887464897 0
    endloop
  endfacet
  facet normal 0 0 -1
    outer loop
      vertex 17.322148045914737 -27.491530442156808 0
      vertex 14.813654849054593 115.81540887464897 0
      vertex 15.12428903045161 115.86148710270966 0
    endloop
  endfacet
  facet normal 0 0 -1
    outer loop
      vertex 17.322148045914737 -27.491530442156808 0
      vertex 15.12428903045161 115.86148710270966 0
      vertex 15.428910967214279 115.93779092565693 0
    endloop
  endfacet
  facet normal 0 0 -1
    outer loop
      vertex 17.322148045914737 -27.491530442156808 0
      vertex 15.428910967214279 115.93779092565693 0
      vertex 15.724586983568287 116.04358549596388 0
    endloop
  endfacet
  facet normal 0 0 -1
    outer loop
      vertex 17.45641450403612 -27.775413016431713 0
      vertex 15.724586983568287 116.04358549596388 0
      vertex 16.008469557843192 116.17785195408527 0
    endloop
  endfacet
  facet normal 0 0 -1
    outer loop
      vertex 17.45641450403612 -27.775413016431713 0
      vertex 16.008469557843192 116.17785195408527 0
      vertex 16.277824745662727 116.33929724063185 0
    endloop
  endfacet
  facet normal 0 0 -1
    outer loop
      vertex 17.45641450403612 -27.775413016431713 0
      vertex 16.277824745662727 116.33929724063185 0
      vertex 16.530058509323666 116.52636654923924 0
    endloop
  endfacet
  facet normal 0 0 -1
    outer loop
      vertex 17.45641450403612 -27.775413016431713 0
      vertex 16.530058509323666 116.52636654923924 0
      vertex 16.76274169979695 116.73725830020305 0
    endloop
  endfacet
  facet normal 0 0 -1
    outer loop
      vertex 17.45641450403612 -27.775413016431713 0
      vertex 16.76274169979695 116.73725830020305 0
      vertex 16.973633450760758 116.96994149067633 0
    endloop
  endfacet
  facet normal 0 0 1
    outer loop
      vertex 14.333370861439747 -27.308185964657266 3
      vertex 12.832665023314508 118.66834645257258 3
      vertex 12.808185964657266 118.83337086143975 3
    endloop
  endfacet
  facet normal 0 0 1
    outer loop
      vertex 14.333370861439747 -27.308185964657266 3
      vertex 12.808185964657266 118.83337086143975 3
      vertex 12.8 119 3
    endloop
  endfacet
  facet normal 0 0 1
    outer loop
      vertex 14.333370861439747 -27.308185964657266 3
      vertex 12.929404794730813 118.34943816497935 3
      vertex 12.873201429255245 118.50651604866741 3
    endloop
  endfacet
  facet normal 0 0 1
    outer loop
      vertex 14.333370861439747 -27.308185964657266 3
      vertex 12.873201429255245 118.50651604866741 3
      vertex 12.832665023314508 118.66834645257258 3
    endloop
  endfacet
  facet normal 0 0 1
    outer loop
      vertex 14.333370861439747 -27.308185964657266 3
      vertex 13.086501659085673 118.05553060386667 3
      vertex 13.000733850607796 118.1986255473958 3
    endloop
  endfacet
  facet normal 0 0 1
    outer loop
      vertex 14.333370861439747 -27.308185964657266 3
      vertex 13.000733850607796 118.1986255473958 3
      vertex 12.929404794730813 118.34943816497935 3
    endloop
  endfacet
  facet normal 0 0 1
    outer loop
      vertex 14.333370861439747 -27.308185964657266 3
      vertex 13.185882229283347 117.92153141692181 3
      vertex 13.086501659085673 118.05553060386667 3
    endloop
  endfacet
  facet normal 0 0 1
    outer loop
      vertex 14.333370861439747 -27.308185964657266 3
      vertex 13.29791847198287 117.79791847198287 3
      vertex 13.185882229283347 117.92153141692181 3
    endloop
  endfacet
  facet normal 0 0 1
    outer loop
      vertex 14.333370861439747 -27.308185964657266 3
      vertex 13.421531416921802 117.68588222928335 3
      vertex 13.29791847198287 117.79791847198287 3
    endloop
  endfacet
  facet normal 0 0 1
    outer loop
      vertex 14.333370861439747 -27.308185964657266 3
      vertex 13.555530603866677 117.58650165908567 3
      vertex 13.421531416921802 117.68588222928335 3
    endloop
  endfacet
  facet normal 0 0 1
    outer loop
      vertex 14.333370861439747 -27.308185964657266 3
      vertex 13.698625547395803 117.5007338506078 3
      vertex 13.555530603866677 117.58650165908567 3
    endloop
  endfacet
  facet normal 0 0 1
    outer loop
      vertex 14.333370861439747 -27.308185964657266 3
      vertex 13.849438164979347 117.42940479473081 3
      vertex 13.698625547395803 117.5007338506078 3
    endloop
  endfacet
  facet normal 0 0 1
    outer loop
      vertex 14.333370861439747 -27.308185964657266 3
      vertex 14.006516048667415 117.37320142925525 3
      vertex 13.849438164979347 117.42940479473081 3
    endloop
  endfacet
  facet normal 0 0 1
    outer loop
      vertex 14.333370861439747 -27.308185964657266 3
      vertex 14.168346452572582 117.3326650233145 3
      vertex 14.006516048667415 117.37320142925525 3
    endloop
  endfacet
  facet normal 0 0 1
    outer loop
      vertex 14.333370861439747 -27.308185964657266 3
      vertex 14.333370861439747 117.30818596465727 3
      vertex 14.168346452572582 117.3326650233145 3
    endloop
  endfacet
  facet normal 0 0 1
    outer loop
      vertex 14.5 -27.3 3
      vertex 14.5 117.3 3
      vertex 14.333370861439747 117.30818596465727 3
    endloop
  endfacet
  facet normal 0 0 1
    outer loop
      vertex 11.12017110735178 130.33588994294405 3
      vertex 14.333370861439747 -27.308185964657266 3
      vertex 12.8 119 3
    endloop
  endfacet
  facet normal 0 0 1
    outer loop
      vertex 17.55853472650051 -36.033912904560566 3
      vertex 17.55853472650051 126.03391290456057 3
      vertex 16.167334976685492 118.66834645257258 3
    endloop
  endfacet
  facet normal 0 0 -1
    outer loop
      vertex 17.45641450403612 -27.775413016431713 0
      vertex 16.973633450760758 116.96994149067633 0
      vertex 17.160702759368146 117.22217525433727 0
    endloop
  endfacet
  facet normal 0 0 -1
    outer loop
      vertex 17.45641450403612 -27.775413016431713 0
      vertex 17.160702759368146 117.22217525433727 0
      vertex 17.322148045914737 117.4915304421568 0
    endloop
  endfacet
  facet normal 0 0 -1
    outer loop
      vertex 17.45641450403612 -27.775413016431713 0
      vertex 17.322148045914737 117.4915304421568 0
      vertex 17.45641450403612 117.77541301643171 0
    endloop
  endfacet
  facet normal 0 0 -1
    outer loop
      vertex 17.45641450403612 -27.775413016431713 0
      vertex 17.45641450403612 117.77541301643171 0
      vertex 17.56220907434307 118.07108903278572 0
    endloop
  endfacet
  facet normal 0 0 -1
    outer loop
      vertex 20.43071785569191 -33.43071785569191 0
      vertex 17.56220907434307 118.07108903278572 0
      vertex 17.638512897290337 118.3757109695484 0
    endloop
  endfacet
  facet normal 0 0 -1
    outer loop
      vertex 20.43071785569191 -33.43071785569191 0
      vertex 17.638512897290337 118.3757109695484 0
      vertex 17.68459112535103 118.6863451509454 0
    endloop
  endfacet
  facet normal 0 0 -1
    outer loop
      vertex 20.43071785569191 -33.43071785569191 0
      vertex 17.68459112535103 118.6863451509454 0
      vertex 17.7 119 0
    endloop
  endfacet
  facet normal 0 0 -1
    outer loop
      vertex 20.43071785569191 -33.43071785569191 0
      vertex 17.7 119 0
      vertex 20.43071785569191 123.43071785569191 0
    endloop
  endfacet
  facet normal 0 0 1
    outer loop
      vertex 20.43071785569191 -33.43071785569191 3
      vertex 20.43071785569191 123.43071785569191 3
      vertex 17.55853472650051 126.03391290456057 3
    endloop
  endfacet
  facet normal 0 0 -1
    outer loop
      vertex 30.299143262207508 -16.966244749724865 0
      vertex 28.993241533637047 110.61599557846785 0
      vertex 30.299143262207508 106.96624474972486 0
    endloop
  endfacet
  facet normal 0 0 -1
    outer loop
      vertex 32 -5.5 0
      vertex 31.809796705842018 99.37167704105377 0
      vertex 32 95.5 0
    endloop
  endfacet
  facet normal 0 0 -1
    outer loop
      vertex 31.809796705842018 -9.371677041053772 0
      vertex 31.24101857841015 103.20606771856546 0
      vertex 31.809796705842018 99.37167704105377 0
    endloop
  endfacet
  facet normal 0 0 -1
    outer loop
      vertex 31.24101857841015 -13.206067718565464 0
      vertex 30.299143262207508 106.96624474972486 0
      vertex 31.24101857841015 103.20606771856546 0
    endloop
  endfacet
  facet normal 1 0 0
    outer loop
      vertex 32 -5.5 3
      vertex 32 95.5 0
      vertex 32 95.5 3
    endloop
  endfacet
  facet normal 0 0 1
    outer loop
      vertex 30.299143262207508 -16.966244749724865 3
      vertex 30.299143262207508 106.96624474972486 3
      vertex 28.993241533637047 110.61599557846785 3
    endloop
  endfacet
  facet normal 0 0 1
    outer loop
      vertex 32 -5.5 3
      vertex 32 95.5 3
      vertex 31.809796705842018 99.37167704105377 3
    endloop
  endfacet
  facet normal 0 0 1
    outer loop
      vertex 31.809796705842018 -9.371677041053772 3
      vertex 31.809796705842018 99.37167704105377 3
      vertex 31.24101857841015 103.20606771856546 3
    endloop
  endfacet
  facet normal 0 0 1
    outer loop
      vertex 31.24101857841015 -13.206067718565464 3
      vertex 31.24101857841015 103.20606771856546 3
      vertex 30.299143262207508 106.96624474972486 3
    endloop
  endfacet
  facet normal 0 0 -1
    outer loop
      vertex 23.033912904560566 -30.55853472650051 0
      vertex 20.43071785569191 123.43071785569191 0
      vertex 23.033912904560566 120.55853472650051 0
    endloop
  endfacet
  facet normal 0 0 -1
    outer loop
      vertex 25.343049682676792 -27.445024207234383 0
      vertex 23.033912904560566 120.55853472650051 0
      vertex 25.343049682676792 117.44502420723438 0
    endloop
  endfacet
  facet normal 0 0 -1
    outer loop
      vertex 27.33588994294405 -24.12017110735178 0
      vertex 25.343049682676792 117.44502420723438 0
      vertex 27.33588994294405 114.12017110735178 0
    endloop
  endfacet
  facet normal 0 0 1
    outer loop
      vertex 23.033912904560566 -30.55853472650051 3
      vertex 23.033912904560566 120.55853472650051 3
      vertex 20.43071785569191 123.43071785569191 3
    endloop
  endfacet
  facet normal 0 0 1
    outer loop
      vertex 25.343049682676792 -27.445024207234383 3
      vertex 25.343049682676792 117.44502420723438 3
      vertex 23.033912904560566 120.55853472650051 3
    endloop
  endfacet
  facet normal 0 0 1
    outer loop
      vertex 27.33588994294405 -24.12017110735178 3
      vertex 27.33588994294405 114.12017110735178 3
      vertex 25.343049682676792 117.44502420723438 3
    endloop
  endfacet
  facet normal 0 0 -1
    outer loop
      vertex 28.993241533637047 -20.615995578467846 0
      vertex 27.33588994294405 114.12017110735178 0
      vertex 28.993241533637047 110.61599557846785 0
    endloop
  endfacet
  facet normal 0 0 1
    outer loop
      vertex 28.993241533637047 -20.615995578467846 3
      vertex 28.993241533637047 110.61599557846785 3
      vertex 27.33588994294405 114.12017110735178 3
    endloop
  endfacet
  facet normal 0 0 -1
    outer loop
      vertex 17.55853472650051 126.03391290456057 0
      vertex 15.12428903045161 122.13851289729034 0
      vertex 14.813654849054593 122.18459112535103 0
    endloop
  endfacet
  facet normal 0 0 -1
    outer loop
      vertex 17.55853472650051 126.03391290456057 0
      vertex 15.428910967214279 122.06220907434307 0
      vertex 15.12428903045161 122.13851289729034 0
    endloop
  endfacet
  facet normal 0 0 -1
    outer loop
      vertex 17.55853472650051 126.03391290456057 0
      vertex 15.724586983568287 121.95641450403612 0
      vertex 15.428910967214279 122.06220907434307 0
    endloop
  endfacet
  facet normal 0 0 -1
    outer loop
      vertex 17.55853472650051 126.03391290456057 0
      vertex 16.008469557843192 121.82214804591473 0
      vertex 15.724586983568287 121.95641450403612 0
    endloop
  endfacet
  facet normal 0 0 -1
    outer loop
      vertex 17.55853472650051 126.03391290456057 0
      vertex 16.277824745662727 121.66070275936815 0
      vertex 16.008469557843192 121.82214804591473 0
    endloop
  endfacet
  facet normal 0 0 -1
    outer loop
      vertex 17.55853472650051 126.03391290456057 0
      vertex 16.530058509323666 121.47363345076076 0
      vertex 16.277824745662727 121.66070275936815 0
    endloop
  endfacet
  facet normal 0 0 -1
    outer loop
      vertex 17.55853472650051 126.03391290456057 0
      vertex 16.76274169979695 121.26274169979695 0
      vertex 16.530058509323666 121.47363345076076 0
    endloop
  endfacet
  facet normal 0 0 -1
    outer loop
      vertex 17.55853472650051 126.03391290456057 0
      vertex 16.973633450760758 121.03005850932367 0
      vertex 16.76274169979695 121.26274169979695 0
    endloop
  endfacet
  facet normal 0 0 1
    outer loop
      vertex 11.12017110735178 130.33588994294405 3
      vertex 12.808185964657266 119.16662913856025 3
      vertex 12.832665023314508 119.33165354742742 3
    endloop
  endfacet
  facet normal 0 0 1
    outer loop
      vertex 11.12017110735178 130.33588994294405 3
      vertex 12.873201429255245 119.49348395133259 3
      vertex 12.929404794730813 119.65056183502065 3
    endloop
  endfacet
  facet normal 0 0 1
    outer loop
      vertex 11.12017110735178 130.33588994294405 3
      vertex 12.832665023314508 119.33165354742742 3
      vertex 12.873201429255245 119.49348395133259 3
    endloop
  endfacet
  facet normal 0 0 1
    outer loop
      vertex 11.12017110735178 130.33588994294405 3
      vertex 13.000733850607796 119.8013744526042 3
      vertex 13.086501659085673 119.94446939613333 3
    endloop
  endfacet
  facet normal 0 0 1
    outer loop
      vertex 11.12017110735178 130.33588994294405 3
      vertex 12.929404794730813 119.65056183502065 3
      vertex 13.000733850607796 119.8013744526042 3
    endloop
  endfacet
  facet normal 0 0 1
    outer loop
      vertex 11.12017110735178 130.33588994294405 3
      vertex 13.086501659085673 119.94446939613333 3
      vertex 13.185882229283347 120.07846858307819 3
    endloop
  endfacet
  facet normal 0 0 1
    outer loop
      vertex 11.12017110735178 130.33588994294405 3
      vertex 13.185882229283347 120.07846858307819 3
      vertex 13.29791847198287 120.20208152801713 3
    endloop
  endfacet
  facet normal 0 0 1
    outer loop
      vertex 11.12017110735178 130.33588994294405 3
      vertex 13.29791847198287 120.20208152801713 3
      vertex 13.421531416921802 120.31411777071665 3
    endloop
  endfacet
  facet normal 0 0 1
    outer loop
      vertex 11.12017110735178 130.33588994294405 3
      vertex 13.421531416921802 120.31411777071665 3
      vertex 13.555530603866677 120.41349834091433 3
    endloop
  endfacet
  facet normal 0 0 1
    outer loop
      vertex 11.12017110735178 130.33588994294405 3
      vertex 13.555530603866677 120.41349834091433 3
      vertex 13.698625547395803 120.4992661493922 3
    endloop
  endfacet
  facet normal 0 0 1
    outer loop
      vertex 14.445024207234383 128.3430496826768 3
      vertex 13.849438164979347 120.57059520526919 3
      vertex 14.006516048667415 120.62679857074475 3
    endloop
  endfacet
  facet normal 0 0 1
    outer loop
      vertex 14.445024207234383 128.3430496826768 3
      vertex 14.006516048667415 120.62679857074475 3
      vertex 14.168346452572582 120.6673349766855 3
    endloop
  endfacet
  facet normal 0 0 1
    outer loop
      vertex 14.445024207234383 128.3430496826768 3
      vertex 14.168346452572582 120.6673349766855 3
      vertex 14.333370861439747 120.69181403534273 3
    endloop
  endfacet
  facet normal 0 0 1
    outer loop
      vertex 14.445024207234383 128.3430496826768 3
      vertex 14.333370861439747 120.69181403534273 3
      vertex 14.5 120.7 3
    endloop
  endfacet
  facet normal 0 0 1
    outer loop
      vertex 14.445024207234383 128.3430496826768 3
      vertex 14.5 120.7 3
      vertex 14.666629138560253 120.69181403534273 3
    endloop
  endfacet
  facet normal 0 0 1
    outer loop
      vertex 17.55853472650051 126.03391290456057 3
      vertex 14.666629138560253 120.69181403534273 3
      vertex 14.831653547427418 120.6673349766855 3
    endloop
  endfacet
  facet normal 0 0 1
    outer loop
      vertex 17.55853472650051 126.03391290456057 3
      vertex 14.831653547427418 120.6673349766855 3
      vertex 14.993483951332585 120.62679857074475 3
    endloop
  endfacet
  facet normal 0 0 1
    outer loop
      vertex 17.55853472650051 126.03391290456057 3
      vertex 14.993483951332585 120.62679857074475 3
      vertex 15.150561835020653 120.57059520526919 3
    endloop
  endfacet
  facet normal 0 0 1
    outer loop
      vertex 17.55853472650051 126.03391290456057 3
      vertex 15.301374452604197 120.4992661493922 3
      vertex 15.444469396133323 120.41349834091433 3
    endloop
  endfacet
  facet normal 0 0 1
    outer loop
      vertex 17.55853472650051 126.03391290456057 3
      vertex 15.444469396133323 120.41349834091433 3
      vertex 15.578468583078198 120.31411777071665 3
    endloop
  endfacet
  facet normal 0 0 1
    outer loop
      vertex 17.55853472650051 126.03391290456057 3
      vertex 15.578468583078198 120.31411777071665 3
      vertex 15.70208152801713 120.20208152801713 3
    endloop
  endfacet
  facet normal 0 0 1
    outer loop
      vertex 17.55853472650051 126.03391290456057 3
      vertex 15.70208152801713 120.20208152801713 3
      vertex 15.814117770716653 120.07846858307819 3
    endloop
  endfacet
  facet normal 0 0 1
    outer loop
      vertex 17.55853472650051 126.03391290456057 3
      vertex 15.913498340914327 119.94446939613333 3
      vertex 15.999266149392204 119.8013744526042 3
    endloop
  endfacet
  facet normal 0 0 1
    outer loop
      vertex 17.55853472650051 126.03391290456057 3
      vertex 15.999266149392204 119.8013744526042 3
      vertex 16.070595205269186 119.65056183502065 3
    endloop
  endfacet
  facet normal 0 0 1
    outer loop
      vertex 17.55853472650051 126.03391290456057 3
      vertex 15.814117770716653 120.07846858307819 3
      vertex 15.913498340914327 119.94446939613333 3
    endloop
  endfacet
  facet normal 0 0 1
    outer loop
      vertex 17.55853472650051 126.03391290456057 3
      vertex 15.150561835020653 120.57059520526919 3
      vertex 15.301374452604197 120.4992661493922 3
    endloop
  endfacet
  facet normal 0 0 1
    outer loop
      vertex 17.55853472650051 126.03391290456057 3
      vertex 16.191814035342734 118.83337086143975 3
      vertex 16.167334976685492 118.66834645257258 3
    endloop
  endfacet
  facet normal 0 0 1
    outer loop
      vertex 17.55853472650051 126.03391290456057 3
      vertex 16.126798570744754 119.49348395133259 3
      vertex 16.167334976685492 119.33165354742742 3
    endloop
  endfacet
  facet normal 0 0 1
    outer loop
      vertex 17.55853472650051 126.03391290456057 3
      vertex 16.167334976685492 119.33165354742742 3
      vertex 16.191814035342734 119.16662913856025 3
    endloop
  endfacet
  facet normal 0 0 1
    outer loop
      vertex 17.55853472650051 126.03391290456057 3
      vertex 16.2 119 3
      vertex 16.191814035342734 118.83337086143975 3
    endloop
  endfacet
  facet normal 0 0 1
    outer loop
      vertex 17.55853472650051 126.03391290456057 3
      vertex 16.191814035342734 119.16662913856025 3
      vertex 16.2 119 3
    endloop
  endfacet
  facet normal 0 0 1
    outer loop
      vertex 17.55853472650051 126.03391290456057 3
      vertex 16.070595205269186 119.65056183502065 3
      vertex 16.126798570744754 119.49348395133259 3
    endloop
  endfacet
  facet normal 0 0 -1
    outer loop
      vertex 11.12017110735178 130.33588994294405 0
      vertex 12.991530442156808 121.82214804591473 0
      vertex 12.722175254337273 121.66070275936815 0
    endloop
  endfacet
  facet normal 0 0 -1
    outer loop
      vertex 11.12017110735178 130.33588994294405 0
      vertex 13.275413016431713 121.95641450403612 0
      vertex 12.991530442156808 121.82214804591473 0
    endloop
  endfacet
  facet normal 0 0 -1
    outer loop
      vertex 11.12017110735178 130.33588994294405 0
      vertex 13.571089032785721 122.06220907434307 0
      vertex 13.275413016431713 121.95641450403612 0
    endloop
  endfacet
  facet normal 0 0 -1
    outer loop
      vertex 11.12017110735178 130.33588994294405 0
      vertex 14.445024207234383 128.3430496826768 0
      vertex 13.571089032785721 122.06220907434307 0
    endloop
  endfacet
  facet normal 0 0 -1
    outer loop
      vertex 14.445024207234383 128.3430496826768 0
      vertex 13.87571096954839 122.13851289729034 0
      vertex 13.571089032785721 122.06220907434307 0
    endloop
  endfacet
  facet normal 0 0 -1
    outer loop
      vertex 14.445024207234383 128.3430496826768 0
      vertex 14.186345150945407 122.18459112535103 0
      vertex 13.87571096954839 122.13851289729034 0
    endloop
  endfacet
  facet normal 0 0 -1
    outer loop
      vertex 14.445024207234383 128.3430496826768 0
      vertex 14.5 122.2 0
      vertex 14.186345150945407 122.18459112535103 0
    endloop
  endfacet
  facet normal 0 0 -1
    outer loop
      vertex 14.445024207234383 128.3430496826768 0
      vertex 14.813654849054593 122.18459112535103 0
      vertex 14.5 122.2 0
    endloop
  endfacet
  facet normal 0.5141027450125115 0.8577286095092086 1.909397743899256e-17
    outer loop
      vertex 11.12017110735178 130.33588994294405 0
      vertex 14.445024207234383 128.3430496826768 3
      vertex 14.445024207234383 128.3430496826768 0
    endloop
  endfacet
  facet normal 0 0 -1
    outer loop
      vertex 14.445024207234383 128.3430496826768 0
      vertex 17.55853472650051 126.03391290456057 0
      vertex 14.813654849054593 122.18459112535103 0
    endloop
  endfacet
  facet normal 0.595699304605402 0.8032075313968616 0
    outer loop
      vertex 14.445024207234383 128.3430496826768 0
      vertex 17.55853472650051 126.03391290456057 3
      vertex 17.55853472650051 126.03391290456057 0
    endloop
  endfacet
  facet normal 0 0 1
    outer loop
      vertex 11.12017110735178 130.33588994294405 3
      vertex 13.698625547395803 120.4992661493922 3
      vertex 13.849438164979347 120.57059520526919 3
    endloop
  endfacet
  facet normal 0 0 1
    outer loop
      vertex 11.12017110735178 130.33588994294405 3
      vertex 13.849438164979347 120.57059520526919 3
      vertex 14.445024207234383 128.3430496826768 3
    endloop
  endfacet
  facet normal 0.595699304605402 0.8032075313968616 0
    outer loop
      vertex 14.445024207234383 128.3430496826768 0
      vertex 14.445024207234383 128.3430496826768 3
      vertex 17.55853472650051 126.03391290456057 3
    endloop
  endfacet
  facet normal 0 0 1
    outer loop
      vertex 14.445024207234383 128.3430496826768 3
      vertex 14.666629138560253 120.69181403534273 3
      vertex 17.55853472650051 126.03391290456057 3
    endloop
  endfacet
  facet normal 0 0 -1
    outer loop
      vertex 17.55853472650051 126.03391290456057 0
      vertex 17.45641450403612 120.22458698356829 0
      vertex 17.322148045914737 120.5084695578432 0
    endloop
  endfacet
  facet normal 0 0 -1
    outer loop
      vertex 17.55853472650051 126.03391290456057 0
      vertex 17.638512897290337 119.6242890304516 0
      vertex 17.56220907434307 119.92891096721428 0
    endloop
  endfacet
  facet normal 0 0 -1
    outer loop
      vertex 17.55853472650051 126.03391290456057 0
      vertex 17.56220907434307 119.92891096721428 0
      vertex 17.45641450403612 120.22458698356829 0
    endloop
  endfacet
  facet normal 0 0 -1
    outer loop
      vertex 17.55853472650051 126.03391290456057 0
      vertex 17.160702759368146 120.77782474566273 0
      vertex 16.973633450760758 121.03005850932367 0
    endloop
  endfacet
  facet normal 0 0 -1
    outer loop
      vertex 17.55853472650051 126.03391290456057 0
      vertex 17.322148045914737 120.5084695578432 0
      vertex 17.160702759368146 120.77782474566273 0
    endloop
  endfacet
  facet normal 0 0 -1
    outer loop
      vertex 20.43071785569191 123.43071785569191 0
      vertex 17.7 119 0
      vertex 17.68459112535103 119.3136548490546 0
    endloop
  endfacet
  facet normal 0 0 -1
    outer loop
      vertex 20.43071785569191 123.43071785569191 0
      vertex 17.68459112535103 119.3136548490546 0
      vertex 17.638512897290337 119.6242890304516 0
    endloop
  endfacet
  facet normal 0 0 -1
    outer loop
      vertex 20.43071785569191 123.43071785569191 0
      vertex 17.638512897290337 119.6242890304516 0
      vertex 17.55853472650051 126.03391290456057 0
    endloop
  endfacet
  facet normal 0.7409511252495091 0.6715589549633645 0
    outer loop
      vertex 20.43071785569191 123.43071785569191 0
      vertex 20.43071785569191 123.43071785569191 3
      vertex 23.033912904560566 120.55853472650051 3
    endloop
  endfacet
  facet normal 0.6715589549633645 0.7409511252495091 0
    outer loop
      vertex 20.43071785569191 123.43071785569191 0
      vertex 17.55853472650051 126.03391290456057 0
      vertex 20.43071785569191 123.43071785569191 3
    endloop
  endfacet
  facet normal 0.6715589549633645 0.7409511252495091 9.546988734959418e-18
    outer loop
      vertex 20.43071785569191 123.43071785569191 3
      vertex 17.55853472650051 126.03391290456057 0
      vertex 17.55853472650051 126.03391290456057 3
    endloop
  endfacet
  facet normal 0.9987954562329081 0.049067673762845 0
    outer loop
      vertex 32 95.5 0
      vertex 31.809796705842018 99.37167704105377 0
      vertex 32 95.5 3
    endloop
  endfacet
  facet normal 0.9891765099769373 0.14673047437341075 0
    outer loop
      vertex 31.809796705842018 99.37167704105377 0
      vertex 31.24101857841015 103.20606771856546 0
      vertex 31.809796705842018 99.37167704105377 3
    endloop
  endfacet
  facet normal 0.9987954562329081 0.049067673762845 0
    outer loop
      vertex 31.809796705842018 99.37167704105377 0
      vertex 31.809796705842018 99.37167704105377 3
      vertex 32 95.5 3
    endloop
  endfacet
  facet normal 0.9039892934235105 0.42755509279584325 0
    outer loop
      vertex 28.993241533637047 110.61599557846785 0
      vertex 27.33588994294405 114.12017110735178 0
      vertex 28.993241533637047 110.61599557846785 3
    endloop
  endfacet
  facet normal 0.9700312530798457 0.24298018036116556 0
    outer loop
      vertex 31.24101857841015 103.20606771856546 0
      vertex 30.299143262207508 106.96624474972486 0
      vertex 31.24101857841015 103.20606771856546 3
    endloop
  endfacet
  facet normal 0.9415440651278848 0.33688985354631473 0
    outer loop
      vertex 28.993241533637047 110.61599557846785 0
      vertex 30.299143262207508 106.96624474972486 3
      vertex 30.299143262207508 106.96624474972486 0
    endloop
  endfacet
  facet normal 0.9415440651278848 0.33688985354631473 0
    outer loop
      vertex 28.993241533637047 110.61599557846785 0
      vertex 28.993241533637047 110.61599557846785 3
      vertex 30.299143262207508 106.96624474972486 3
    endloop
  endfacet
  facet normal 0.9700312530798457 0.24298018036116556 0
    outer loop
      vertex 30.299143262207508 106.96624474972486 0
      vertex 30.299143262207508 106.96624474972486 3
      vertex 31.24101857841015 103.20606771856546 3
    endloop
  endfacet
  facet normal 0.9891765099769373 0.14673047437341075 1.9093977447066455e-17
    outer loop
      vertex 31.809796705842018 99.37167704105377 3
      vertex 31.24101857841015 103.20606771856546 0
      vertex 31.24101857841015 103.20606771856546 3
    endloop
  endfacet
  facet normal 0.7409511252495091 0.6715589549633645 9.546988734959418e-18
    outer loop
      vertex 20.43071785569191 123.43071785569191 0
      vertex 23.033912904560566 120.55853472650051 3
      vertex 23.033912904560566 120.55853472650051 0
    endloop
  endfacet
  facet normal 0.8032075313968616 0.595699304605402 0
    outer loop
      vertex 23.033912904560566 120.55853472650051 0
      vertex 25.343049682676792 117.44502420723438 3
      vertex 25.343049682676792 117.44502420723438 0
    endloop
  endfacet
  facet normal 0.8577286095092086 0.5141027450125115 1.909397743899256e-17
    outer loop
      vertex 25.343049682676792 117.44502420723438 0
      vertex 27.33588994294405 114.12017110735178 3
      vertex 27.33588994294405 114.12017110735178 0
    endloop
  endfacet
  facet normal 0.8032075313968616 0.595699304605402 0
    outer loop
      vertex 23.033912904560566 120.55853472650051 0
      vertex 23.033912904560566 120.55853472650051 3
      vertex 25.343049682676792 117.44502420723438 3
    endloop
  endfacet
  facet normal 0.8577286095092086 0.5141027450125115 0
    outer loop
      vertex 25.343049682676792 117.44502420723438 0
      vertex 25.343049682676792 117.44502420723438 3
      vertex 27.33588994294405 114.12017110735178 3
    endloop
  endfacet
  facet normal 0.9039892934235105 0.42755509279584325 -2.864096616453058e-17
    outer loop
      vertex 28.993241533637047 110.61599557846785 3
      vertex 27.33588994294405 114.12017110735178 0
      vertex 27.33588994294405 114.12017110735178 3
    endloop
  endfacet
  facet normal 0.9415440651830207 0.3368898533922202 0
    outer loop
      vertex -31.126798570744754 -29.493483951332585 1
      vertex -31.126798570744754 -29.493483951332585 3
      vertex -31.070595205269186 -29.650561835020653 1
    endloop
  endfacet
  facet normal 0.9039892931234447 0.4275550934302793 1.474207710125228e-18
    outer loop
      vertex -30.999266149392202 -29.801374452604197 1
      vertex -31.070595205269186 -29.650561835020653 1
      vertex -31.070595205269186 -29.650561835020653 3
    endloop
  endfacet
  facet normal 0.8577286100002759 0.5141027441932153 0
    outer loop
      vertex -30.999266149392202 -29.801374452604197 1
      vertex -30.999266149392202 -29.801374452604197 3
      vertex -30.913498340914327 -29.944469396133325 1
    endloop
  endfacet
  facet normal 0.9700312531945415 0.24298017990327378 1.7203995005301128e-19
    outer loop
      vertex -31.126798570744754 -29.493483951332585 1
      vertex -31.167334976685492 -29.33165354742742 1
      vertex -31.167334976685492 -29.33165354742742 3
    endloop
  endfacet
  facet normal 0.9891765099647816 0.1467304744553569 -9.678646355782916e-19
    outer loop
      vertex -31.167334976685492 -29.33165354742742 1
      vertex -31.191814035342734 -29.166629138560253 1
      vertex -31.191814035342734 -29.166629138560253 3
    endloop
  endfacet
  facet normal 0.9987954562051724 0.04906767432741787 -1.0175603021745209e-19
    outer loop
      vertex -31.191814035342734 -29.166629138560253 1
      vertex -31.2 -29 1
      vertex -31.2 -29 3
    endloop
  endfacet
  facet normal 0.9987954562051724 -0.04906767432741787 1.0175603021745209e-19
    outer loop
      vertex -31.2 -29 1
      vertex -31.191814035342734 -28.833370861439747 1
      vertex -31.191814035342734 -28.833370861439747 3
    endloop
  endfacet
  facet normal 0.9891765099647816 -0.1467304744553569 9.678646355782916e-19
    outer loop
      vertex -31.191814035342734 -28.833370861439747 1
      vertex -31.167334976685492 -28.66834645257258 1
      vertex -31.167334976685492 -28.66834645257258 3
    endloop
  endfacet
  facet normal 0.9700312531945415 -0.24298017990327378 -1.7203995005301128e-19
    outer loop
      vertex -31.167334976685492 -28.66834645257258 1
      vertex -31.126798570744754 -28.506516048667415 1
      vertex -31.126798570744754 -28.506516048667415 3
    endloop
  endfacet
  facet normal 0.9415440651830207 -0.3368898533922202 1.0504980084579302e-18
    outer loop
      vertex -31.126798570744754 -28.506516048667415 1
      vertex -31.070595205269186 -28.349438164979347 1
      vertex -31.070595205269186 -28.349438164979347 3
    endloop
  endfacet
  facet normal 0.9039892931234447 -0.4275550934302793 -1.474207710125228e-18
    outer loop
      vertex -31.070595205269186 -28.349438164979347 1
      vertex -30.999266149392202 -28.198625547395803 1
      vertex -30.999266149392202 -28.198625547395803 3
    endloop
  endfacet
  facet normal 0.671558954847013 0.7409511253549641 0
    outer loop
      vertex -30.702081528017132 -30.202081528017132 1
      vertex -30.702081528017132 -30.202081528017132 3
      vertex -30.578468583078198 -30.314117770716653 1
    endloop
  endfacet
  facet normal 0.8032075314806443 0.5956993044924344 0
    outer loop
      vertex -30.913498340914327 -29.944469396133325 1
      vertex -30.913498340914327 -29.944469396133325 3
      vertex -30.814117770716653 -30.078468583078198 1
    endloop
  endfacet
  facet normal 0.7409511253549641 0.671558954847013 0
    outer loop
      vertex -30.814117770716653 -30.078468583078198 1
      vertex -30.814117770716653 -30.078468583078198 3
      vertex -30.702081528017132 -30.202081528017132 1
    endloop
  endfacet
  facet normal 0.5956993044924344 0.8032075314806443 0
    outer loop
      vertex -30.578468583078198 -30.314117770716653 1
      vertex -30.578468583078198 -30.314117770716653 3
      vertex -30.444469396133325 -30.413498340914327 1
    endloop
  endfacet
  facet normal 0.5141027441932153 0.8577286100002759 0
    outer loop
      vertex -30.444469396133325 -30.413498340914327 1
      vertex -30.444469396133325 -30.413498340914327 3
      vertex -30.301374452604197 -30.499266149392202 1
    endloop
  endfacet
  facet normal 0.4275550934302793 0.9039892931234447 0
    outer loop
      vertex -30.301374452604197 -30.499266149392202 1
      vertex -30.301374452604197 -30.499266149392202 3
      vertex -30.150561835020653 -30.570595205269186 1
    endloop
  endfacet
  facet normal 0.3368898533922202 0.9415440651830207 0
    outer loop
      vertex -30.150561835020653 -30.570595205269186 1
      vertex -30.150561835020653 -30.570595205269186 3
      vertex -29.993483951332585 -30.626798570744754 1
    endloop
  endfacet
  facet normal 0.24298017990327378 0.9700312531945415 0
    outer loop
      vertex -29.993483951332585 -30.626798570744754 1
      vertex -29.993483951332585 -30.626798570744754 3
      vertex -29.83165354742742 -30.667334976685492 1
    endloop
  endfacet
  facet normal 0.1467304744553569 0.9891765099647816 0
    outer loop
      vertex -29.83165354742742 -30.667334976685492 1
      vertex -29.83165354742742 -30.667334976685492 3
      vertex -29.666629138560253 -30.691814035342734 1
    endloop
  endfacet
  facet normal 0.8577286100002759 -0.5141027441932153 -2.092793312948012e-18
    outer loop
      vertex -30.999266149392202 -28.198625547395803 1
      vertex -30.913498340914327 -28.055530603866675 1
      vertex -30.913498340914327 -28.055530603866675 3
    endloop
  endfacet
  facet normal 0.8032075314806443 -0.5956993044924344 1.6207366918292273e-18
    outer loop
      vertex -30.913498340914327 -28.055530603866675 1
      vertex -30.814117770716653 -27.921531416921802 1
      vertex -30.814117770716653 -27.921531416921802 3
    endloop
  endfacet
  facet normal 0.7409511253549641 -0.671558954847013 1.7935887936068426e-18
    outer loop
      vertex -30.814117770716653 -27.921531416921802 1
      vertex -30.702081528017132 -27.797918471982868 1
      vertex -30.702081528017132 -27.797918471982868 3
    endloop
  endfacet
  facet normal 0.671558954847013 -0.7409511253549641 1.7935887936068426e-18
    outer loop
      vertex -30.702081528017132 -27.797918471982868 1
      vertex -30.578468583078198 -27.685882229283347 1
      vertex -30.578468583078198 -27.685882229283347 3
    endloop
  endfacet
  facet normal 0.5956993044924344 -0.8032075314806443 1.6207366918292273e-18
    outer loop
      vertex -30.578468583078198 -27.685882229283347 1
      vertex -30.444469396133325 -27.586501659085673 1
      vertex -30.444469396133325 -27.586501659085673 3
    endloop
  endfacet
  facet normal 0.5141027441932153 -0.8577286100002759 -2.092793312948012e-18
    outer loop
      vertex -30.444469396133325 -27.586501659085673 1
      vertex -30.301374452604197 -27.500733850607798 1
      vertex -30.301374452604197 -27.500733850607798 3
    endloop
  endfacet
  facet normal 0.4275550934302793 -0.9039892931234447 -1.474207710125228e-18
    outer loop
      vertex -30.301374452604197 -27.500733850607798 1
      vertex -30.150561835020653 -27.429404794730814 1
      vertex -30.150561835020653 -27.429404794730814 3
    endloop
  endfacet
  facet normal 0.3368898533922202 -0.9415440651830207 1.0504980084579302e-18
    outer loop
      vertex -30.150561835020653 -27.429404794730814 1
      vertex -29.993483951332585 -27.373201429255246 1
      vertex -29.993483951332585 -27.373201429255246 3
    endloop
  endfacet
  facet normal 0.24298017990327378 -0.9700312531945415 -1.7203995005301128e-19
    outer loop
      vertex -29.993483951332585 -27.373201429255246 1
      vertex -29.83165354742742 -27.332665023314508 1
      vertex -29.83165354742742 -27.332665023314508 3
    endloop
  endfacet
  facet normal 0.1467304744553569 -0.9891765099647816 9.678646355782916e-19
    outer loop
      vertex -29.83165354742742 -27.332665023314508 1
      vertex -29.666629138560253 -27.308185964657266 1
      vertex -29.666629138560253 -27.308185964657266 3
    endloop
  endfacet
  facet normal 0.04906767432741787 0.9987954562051724 0
    outer loop
      vertex -29.666629138560253 -30.691814035342734 1
      vertex -29.666629138560253 -30.691814035342734 3
      vertex -29.5 -30.7 1
    endloop
  endfacet
  facet normal -0.04906767432741787 0.9987954562051724 0
    outer loop
      vertex -29.5 -30.7 1
      vertex -29.5 -30.7 3
      vertex -29.333370861439747 -30.691814035342734 1
    endloop
  endfacet
  facet normal -0.1467304744553569 0.9891765099647816 0
    outer loop
      vertex -29.333370861439747 -30.691814035342734 1
      vertex -29.333370861439747 -30.691814035342734 3
      vertex -29.16834645257258 -30.667334976685492 1
    endloop
  endfacet
  facet normal -0.24298017990327378 0.9700312531945415 0
    outer loop
      vertex -29.16834645257258 -30.667334976685492 1
      vertex -29.16834645257258 -30.667334976685492 3
      vertex -29.006516048667415 -30.626798570744754 1
    endloop
  endfacet
  facet normal -0.3368898533922202 0.9415440651830207 0
    outer loop
      vertex -29.006516048667415 -30.626798570744754 1
      vertex -29.006516048667415 -30.626798570744754 3
      vertex -28.849438164979347 -30.570595205269186 1
    endloop
  endfacet
  facet normal -0.4275550934302793 0.9039892931234447 0
    outer loop
      vertex -28.849438164979347 -30.570595205269186 1
      vertex -28.849438164979347 -30.570595205269186 3
      vertex -28.698625547395803 -30.499266149392202 1
    endloop
  endfacet
  facet normal -0.5141027441932153 0.8577286100002759 0
    outer loop
      vertex -28.698625547395803 -30.499266149392202 1
      vertex -28.698625547395803 -30.499266149392202 3
      vertex -28.555530603866675 -30.413498340914327 1
    endloop
  endfacet
  facet normal -0.5956993044924344 0.8032075314806443 0
    outer loop
      vertex -28.555530603866675 -30.413498340914327 1
      vertex -28.555530603866675 -30.413498340914327 3
      vertex -28.421531416921802 -30.314117770716653 1
    endloop
  endfacet
  facet normal -0.671558954847013 0.7409511253549641 0
    outer loop
      vertex -28.421531416921802 -30.314117770716653 1
      vertex -28.421531416921802 -30.314117770716653 3
      vertex -28.297918471982868 -30.202081528017132 1
    endloop
  endfacet
  facet normal -0.7409511253549641 0.671558954847013 0
    outer loop
      vertex -28.297918471982868 -30.202081528017132 1
      vertex -28.297918471982868 -30.202081528017132 3
      vertex -28.185882229283347 -30.078468583078198 1
    endloop
  endfacet
  facet normal -0.8032075314806443 0.5956993044924344 0
    outer loop
      vertex -28.185882229283347 -30.078468583078198 1
      vertex -28.185882229283347 -30.078468583078198 3
      vertex -28.086501659085673 -29.944469396133325 1
    endloop
  endfacet
  facet normal -0.8577286100002759 0.5141027441932153 0
    outer loop
      vertex -28.086501659085673 -29.944469396133325 1
      vertex -28.086501659085673 -29.944469396133325 3
      vertex -28.000733850607798 -29.801374452604197 1
    endloop
  endfacet
  facet normal -0.9039892931234447 0.4275550934302793 0
    outer loop
      vertex -28.000733850607798 -29.801374452604197 1
      vertex -28.000733850607798 -29.801374452604197 3
      vertex -27.929404794730814 -29.650561835020653 1
    endloop
  endfacet
  facet normal -0.9415440651830207 0.3368898533922202 0
    outer loop
      vertex -27.929404794730814 -29.650561835020653 1
      vertex -27.929404794730814 -29.650561835020653 3
      vertex -27.873201429255246 -29.493483951332585 1
    endloop
  endfacet
  facet normal -0.8577286100002759 -0.5141027441932153 2.092793312948012e-18
    outer loop
      vertex -28.086501659085673 -28.055530603866675 1
      vertex -28.000733850607798 -28.198625547395803 1
      vertex -28.000733850607798 -28.198625547395803 3
    endloop
  endfacet
  facet normal -0.9039892931234447 -0.4275550934302793 1.474207710125228e-18
    outer loop
      vertex -28.000733850607798 -28.198625547395803 1
      vertex -27.929404794730814 -28.349438164979347 1
      vertex -27.929404794730814 -28.349438164979347 3
    endloop
  endfacet
  facet normal -0.9415440651830207 -0.3368898533922202 -1.0504980084579302e-18
    outer loop
      vertex -27.929404794730814 -28.349438164979347 1
      vertex -27.873201429255246 -28.506516048667415 1
      vertex -27.873201429255246 -28.506516048667415 3
    endloop
  endfacet
  facet normal -0.9700312531945415 0.24298017990327378 0
    outer loop
      vertex -27.873201429255246 -29.493483951332585 1
      vertex -27.873201429255246 -29.493483951332585 3
      vertex -27.832665023314508 -29.33165354742742 1
    endloop
  endfacet
  facet normal -0.9891765099647816 0.1467304744553569 0
    outer loop
      vertex -27.832665023314508 -29.33165354742742 1
      vertex -27.832665023314508 -29.33165354742742 3
      vertex -27.808185964657266 -29.166629138560253 1
    endloop
  endfacet
  facet normal -0.9987954562051724 0.04906767432741787 0
    outer loop
      vertex -27.808185964657266 -29.166629138560253 1
      vertex -27.808185964657266 -29.166629138560253 3
      vertex -27.8 -29 1
    endloop
  endfacet
  facet normal -0.9987954562051724 -0.04906767432741787 0
    outer loop
      vertex -27.8 -29 1
      vertex -27.8 -29 3
      vertex -27.808185964657266 -28.833370861439747 1
    endloop
  endfacet
  facet normal -0.9891765099647816 -0.1467304744553569 -9.678646355782916e-19
    outer loop
      vertex -27.832665023314508 -28.66834645257258 1
      vertex -27.808185964657266 -28.833370861439747 1
      vertex -27.808185964657266 -28.833370861439747 3
    endloop
  endfacet
  facet normal -0.9700312531945415 -0.24298017990327378 0
    outer loop
      vertex -27.832665023314508 -28.66834645257258 1
      vertex -27.832665023314508 -28.66834645257258 3
      vertex -27.873201429255246 -28.506516048667415 1
    endloop
  endfacet
  facet normal 0.04906767432741787 -0.9987954562051724 1.0175603021745209e-19
    outer loop
      vertex -29.666629138560253 -27.308185964657266 1
      vertex -29.5 -27.3 1
      vertex -29.5 -27.3 3
    endloop
  endfacet
  facet normal -0.04906767432741787 -0.9987954562051724 -1.0175603021745209e-19
    outer loop
      vertex -29.5 -27.3 1
      vertex -29.333370861439747 -27.308185964657266 1
      vertex -29.333370861439747 -27.308185964657266 3
    endloop
  endfacet
  facet normal -0.1467304744553569 -0.9891765099647816 -9.678646355782916e-19
    outer loop
      vertex -29.333370861439747 -27.308185964657266 1
      vertex -29.16834645257258 -27.332665023314508 1
      vertex -29.16834645257258 -27.332665023314508 3
    endloop
  endfacet
  facet normal -0.24298017990327378 -0.9700312531945415 1.7203995005301128e-19
    outer loop
      vertex -29.16834645257258 -27.332665023314508 1
      vertex -29.006516048667415 -27.373201429255246 1
      vertex -29.006516048667415 -27.373201429255246 3
    endloop
  endfacet
  facet normal -0.3368898533922202 -0.9415440651830207 0
    outer loop
      vertex -28.849438164979347 -27.429404794730814 1
      vertex -28.849438164979347 -27.429404794730814 3
      vertex -29.006516048667415 -27.373201429255246 1
    endloop
  endfacet
  facet normal -0.4275550934302793 -0.9039892931234447 1.474207710125228e-18
    outer loop
      vertex -28.849438164979347 -27.429404794730814 1
      vertex -28.698625547395803 -27.500733850607798 1
      vertex -28.698625547395803 -27.500733850607798 3
    endloop
  endfacet
  facet normal -0.5141027441932153 -0.8577286100002759 2.092793312948012e-18
    outer loop
      vertex -28.698625547395803 -27.500733850607798 1
      vertex -28.555530603866675 -27.586501659085673 1
      vertex -28.555530603866675 -27.586501659085673 3
    endloop
  endfacet
  facet normal -0.5956993044924344 -0.8032075314806443 -1.6207366918292273e-18
    outer loop
      vertex -28.555530603866675 -27.586501659085673 1
      vertex -28.421531416921802 -27.685882229283347 1
      vertex -28.421531416921802 -27.685882229283347 3
    endloop
  endfacet
  facet normal -0.671558954847013 -0.7409511253549641 -1.7935887936068426e-18
    outer loop
      vertex -28.421531416921802 -27.685882229283347 1
      vertex -28.297918471982868 -27.797918471982868 1
      vertex -28.297918471982868 -27.797918471982868 3
    endloop
  endfacet
  facet normal -0.7409511253549641 -0.671558954847013 -1.7935887936068426e-18
    outer loop
      vertex -28.297918471982868 -27.797918471982868 1
      vertex -28.185882229283347 -27.921531416921802 1
      vertex -28.185882229283347 -27.921531416921802 3
    endloop
  endfacet
  facet normal -0.8032075314806443 -0.5956993044924344 -1.6207366918292273e-18
    outer loop
      vertex -28.185882229283347 -27.921531416921802 1
      vertex -28.086501659085673 -28.055530603866675 1
      vertex -28.086501659085673 -28.055530603866675 3
    endloop
  endfacet
  facet normal 0.9415440651830207 0.3368898533922202 0
    outer loop
      vertex -31.070595205269186 -29.650561835020653 1
      vertex -31.126798570744754 -29.493483951332585 3
      vertex -31.070595205269186 -29.650561835020653 3
    endloop
  endfacet
  facet normal 0.9039892931234447 0.4275550934302793 0
    outer loop
      vertex -30.999266149392202 -29.801374452604197 1
      vertex -31.070595205269186 -29.650561835020653 3
      vertex -30.999266149392202 -29.801374452604197 3
    endloop
  endfacet
  facet normal 0.9700312531945415 0.24298017990327378 0
    outer loop
      vertex -31.126798570744754 -29.493483951332585 1
      vertex -31.167334976685492 -29.33165354742742 3
      vertex -31.126798570744754 -29.493483951332585 3
    endloop
  endfacet
  facet normal 0.9891765099647816 0.1467304744553569 0
    outer loop
      vertex -31.167334976685492 -29.33165354742742 1
      vertex -31.191814035342734 -29.166629138560253 3
      vertex -31.167334976685492 -29.33165354742742 3
    endloop
  endfacet
  facet normal 0.9987954562051724 0.04906767432741787 0
    outer loop
      vertex -31.191814035342734 -29.166629138560253 1
      vertex -31.2 -29 3
      vertex -31.191814035342734 -29.166629138560253 3
    endloop
  endfacet
  facet normal 0.9987954562051724 -0.04906767432741787 0
    outer loop
      vertex -31.2 -29 1
      vertex -31.191814035342734 -28.833370861439747 3
      vertex -31.2 -29 3
    endloop
  endfacet
  facet normal 0.9891765099647816 -0.1467304744553569 0
    outer loop
      vertex -31.191814035342734 -28.833370861439747 1
      vertex -31.167334976685492 -28.66834645257258 3
      vertex -31.191814035342734 -28.833370861439747 3
    endloop
  endfacet
  facet normal 0.9700312531945415 -0.24298017990327378 0
    outer loop
      vertex -31.167334976685492 -28.66834645257258 1
      vertex -31.126798570744754 -28.506516048667415 3
      vertex -31.167334976685492 -28.66834645257258 3
    endloop
  endfacet
  facet normal 0.9415440651830207 -0.3368898533922202 0
    outer loop
      vertex -31.126798570744754 -28.506516048667415 1
      vertex -31.070595205269186 -28.349438164979347 3
      vertex -31.126798570744754 -28.506516048667415 3
    endloop
  endfacet
  facet normal 0.9039892931234447 -0.4275550934302793 0
    outer loop
      vertex -31.070595205269186 -28.349438164979347 1
      vertex -30.999266149392202 -28.198625547395803 3
      vertex -31.070595205269186 -28.349438164979347 3
    endloop
  endfacet
  facet normal 0.8577286100002759 -0.5141027441932153 0
    outer loop
      vertex -30.999266149392202 -28.198625547395803 1
      vertex -30.913498340914327 -28.055530603866675 3
      vertex -30.999266149392202 -28.198625547395803 3
    endloop
  endfacet
  facet normal 0.8577286100002759 0.5141027441932153 0
    outer loop
      vertex -30.913498340914327 -29.944469396133325 1
      vertex -30.999266149392202 -29.801374452604197 3
      vertex -30.913498340914327 -29.944469396133325 3
    endloop
  endfacet
  facet normal 0.8032075314806443 0.5956993044924344 0
    outer loop
      vertex -30.814117770716653 -30.078468583078198 1
      vertex -30.913498340914327 -29.944469396133325 3
      vertex -30.814117770716653 -30.078468583078198 3
    endloop
  endfacet
  facet normal 0.7409511253549641 0.671558954847013 0
    outer loop
      vertex -30.702081528017132 -30.202081528017132 1
      vertex -30.814117770716653 -30.078468583078198 3
      vertex -30.702081528017132 -30.202081528017132 3
    endloop
  endfacet
  facet normal 0.671558954847013 0.7409511253549641 0
    outer loop
      vertex -30.578468583078198 -30.314117770716653 1
      vertex -30.702081528017132 -30.202081528017132 3
      vertex -30.578468583078198 -30.314117770716653 3
    endloop
  endfacet
  facet normal 0.5956993044924344 0.8032075314806443 0
    outer loop
      vertex -30.444469396133325 -30.413498340914327 1
      vertex -30.578468583078198 -30.314117770716653 3
      vertex -30.444469396133325 -30.413498340914327 3
    endloop
  endfacet
  facet normal 0.5141027441932153 0.8577286100002759 0
    outer loop
      vertex -30.301374452604197 -30.499266149392202 1
      vertex -30.444469396133325 -30.413498340914327 3
      vertex -30.301374452604197 -30.499266149392202 3
    endloop
  endfacet
  facet normal 0.4275550934302793 0.9039892931234447 0
    outer loop
      vertex -30.150561835020653 -30.570595205269186 1
      vertex -30.301374452604197 -30.499266149392202 3
      vertex -30.150561835020653 -30.570595205269186 3
    endloop
  endfacet
  facet normal 0.3368898533922202 0.9415440651830207 0
    outer loop
      vertex -29.993483951332585 -30.626798570744754 1
      vertex -30.150561835020653 -30.570595205269186 3
      vertex -29.993483951332585 -30.626798570744754 3
    endloop
  endfacet
  facet normal 0.24298017990327378 0.9700312531945415 0
    outer loop
      vertex -29.83165354742742 -30.667334976685492 1
      vertex -29.993483951332585 -30.626798570744754 3
      vertex -29.83165354742742 -30.667334976685492 3
    endloop
  endfacet
  facet normal 0.1467304744553569 0.9891765099647816 0
    outer loop
      vertex -29.666629138560253 -30.691814035342734 1
      vertex -29.83165354742742 -30.667334976685492 3
      vertex -29.666629138560253 -30.691814035342734 3
    endloop
  endfacet
  facet normal 0.8032075314806443 -0.5956993044924344 0
    outer loop
      vertex -30.913498340914327 -28.055530603866675 1
      vertex -30.814117770716653 -27.921531416921802 3
      vertex -30.913498340914327 -28.055530603866675 3
    endloop
  endfacet
  facet normal 0.7409511253549641 -0.671558954847013 0
    outer loop
      vertex -30.814117770716653 -27.921531416921802 1
      vertex -30.702081528017132 -27.797918471982868 3
      vertex -30.814117770716653 -27.921531416921802 3
    endloop
  endfacet
  facet normal 0.671558954847013 -0.7409511253549641 0
    outer loop
      vertex -30.702081528017132 -27.797918471982868 1
      vertex -30.578468583078198 -27.685882229283347 3
      vertex -30.702081528017132 -27.797918471982868 3
    endloop
  endfacet
  facet normal 0.5956993044924344 -0.8032075314806443 0
    outer loop
      vertex -30.578468583078198 -27.685882229283347 1
      vertex -30.444469396133325 -27.586501659085673 3
      vertex -30.578468583078198 -27.685882229283347 3
    endloop
  endfacet
  facet normal 0.5141027441932153 -0.8577286100002759 0
    outer loop
      vertex -30.444469396133325 -27.586501659085673 1
      vertex -30.301374452604197 -27.500733850607798 3
      vertex -30.444469396133325 -27.586501659085673 3
    endloop
  endfacet
  facet normal 0.4275550934302793 -0.9039892931234447 0
    outer loop
      vertex -30.301374452604197 -27.500733850607798 1
      vertex -30.150561835020653 -27.429404794730814 3
      vertex -30.301374452604197 -27.500733850607798 3
    endloop
  endfacet
  facet normal 0.3368898533922202 -0.9415440651830207 0
    outer loop
      vertex -30.150561835020653 -27.429404794730814 1
      vertex -29.993483951332585 -27.373201429255246 3
      vertex -30.150561835020653 -27.429404794730814 3
    endloop
  endfacet
  facet normal 0.24298017990327378 -0.9700312531945415 0
    outer loop
      vertex -29.993483951332585 -27.373201429255246 1
      vertex -29.83165354742742 -27.332665023314508 3
      vertex -29.993483951332585 -27.373201429255246 3
    endloop
  endfacet
  facet normal 0.1467304744553569 -0.9891765099647816 0
    outer loop
      vertex -29.83165354742742 -27.332665023314508 1
      vertex -29.666629138560253 -27.308185964657266 3
      vertex -29.83165354742742 -27.332665023314508 3
    endloop
  endfacet
  facet normal 0.04906767432741787 0.9987954562051724 0
    outer loop
      vertex -29.5 -30.7 1
      vertex -29.666629138560253 -30.691814035342734 3
      vertex -29.5 -30.7 3
    endloop
  endfacet
  facet normal -0.04906767432741787 0.9987954562051724 0
    outer loop
      vertex -29.333370861439747 -30.691814035342734 1
      vertex -29.5 -30.7 3
      vertex -29.333370861439747 -30.691814035342734 3
    endloop
  endfacet
  facet normal -0.1467304744553569 0.9891765099647816 0
    outer loop
      vertex -29.16834645257258 -30.667334976685492 1
      vertex -29.333370861439747 -30.691814035342734 3
      vertex -29.16834645257258 -30.667334976685492 3
    endloop
  endfacet
  facet normal -0.24298017990327378 0.9700312531945415 0
    outer loop
      vertex -29.006516048667415 -30.626798570744754 1
      vertex -29.16834645257258 -30.667334976685492 3
      vertex -29.006516048667415 -30.626798570744754 3
    endloop
  endfacet
  facet normal -0.3368898533922202 0.9415440651830207 0
    outer loop
      vertex -28.849438164979347 -30.570595205269186 1
      vertex -29.006516048667415 -30.626798570744754 3
      vertex -28.849438164979347 -30.570595205269186 3
    endloop
  endfacet
  facet normal -0.4275550934302793 0.9039892931234447 0
    outer loop
      vertex -28.698625547395803 -30.499266149392202 1
      vertex -28.849438164979347 -30.570595205269186 3
      vertex -28.698625547395803 -30.499266149392202 3
    endloop
  endfacet
  facet normal -0.5141027441932153 0.8577286100002759 0
    outer loop
      vertex -28.555530603866675 -30.413498340914327 1
      vertex -28.698625547395803 -30.499266149392202 3
      vertex -28.555530603866675 -30.413498340914327 3
    endloop
  endfacet
  facet normal -0.5956993044924344 0.8032075314806443 0
    outer loop
      vertex -28.421531416921802 -30.314117770716653 1
      vertex -28.555530603866675 -30.413498340914327 3
      vertex -28.421531416921802 -30.314117770716653 3
    endloop
  endfacet
  facet normal -0.671558954847013 0.7409511253549641 0
    outer loop
      vertex -28.297918471982868 -30.202081528017132 1
      vertex -28.421531416921802 -30.314117770716653 3
      vertex -28.297918471982868 -30.202081528017132 3
    endloop
  endfacet
  facet normal -0.7409511253549641 0.671558954847013 0
    outer loop
      vertex -28.185882229283347 -30.078468583078198 1
      vertex -28.297918471982868 -30.202081528017132 3
      vertex -28.185882229283347 -30.078468583078198 3
    endloop
  endfacet
  facet normal -0.8032075314806443 0.5956993044924344 0
    outer loop
      vertex -28.086501659085673 -29.944469396133325 1
      vertex -28.185882229283347 -30.078468583078198 3
      vertex -28.086501659085673 -29.944469396133325 3
    endloop
  endfacet
  facet normal -0.8577286100002759 0.5141027441932153 0
    outer loop
      vertex -28.000733850607798 -29.801374452604197 1
      vertex -28.086501659085673 -29.944469396133325 3
      vertex -28.000733850607798 -29.801374452604197 3
    endloop
  endfacet
  facet normal -0.9039892931234447 0.4275550934302793 0
    outer loop
      vertex -27.929404794730814 -29.650561835020653 1
      vertex -28.000733850607798 -29.801374452604197 3
      vertex -27.929404794730814 -29.650561835020653 3
    endloop
  endfacet
  facet normal -0.9415440651830207 0.3368898533922202 0
    outer loop
      vertex -27.873201429255246 -29.493483951332585 1
      vertex -27.929404794730814 -29.650561835020653 3
      vertex -27.873201429255246 -29.493483951332585 3
    endloop
  endfacet
  facet normal -0.9039892931234447 -0.4275550934302793 0
    outer loop
      vertex -28.000733850607798 -28.198625547395803 1
      vertex -27.929404794730814 -28.349438164979347 3
      vertex -28.000733850607798 -28.198625547395803 3
    endloop
  endfacet
  facet normal -0.9415440651830207 -0.3368898533922202 0
    outer loop
      vertex -27.929404794730814 -28.349438164979347 1
      vertex -27.873201429255246 -28.506516048667415 3
      vertex -27.929404794730814 -28.349438164979347 3
    endloop
  endfacet
  facet normal -0.9700312531945415 0.24298017990327378 0
    outer loop
      vertex -27.832665023314508 -29.33165354742742 1
      vertex -27.873201429255246 -29.493483951332585 3
      vertex -27.832665023314508 -29.33165354742742 3
    endloop
  endfacet
  facet normal -0.9891765099647816 0.1467304744553569 0
    outer loop
      vertex -27.808185964657266 -29.166629138560253 1
      vertex -27.832665023314508 -29.33165354742742 3
      vertex -27.808185964657266 -29.166629138560253 3
    endloop
  endfacet
  facet normal -0.9987954562051724 0.04906767432741787 0
    outer loop
      vertex -27.8 -29 1
      vertex -27.808185964657266 -29.166629138560253 3
      vertex -27.8 -29 3
    endloop
  endfacet
  facet normal -0.9987954562051724 -0.04906767432741787 0
    outer loop
      vertex -27.808185964657266 -28.833370861439747 1
      vertex -27.8 -29 3
      vertex -27.808185964657266 -28.833370861439747 3
    endloop
  endfacet
  facet normal -0.9891765099647816 -0.1467304744553569 0
    outer loop
      vertex -27.832665023314508 -28.66834645257258 1
      vertex -27.808185964657266 -28.833370861439747 3
      vertex -27.832665023314508 -28.66834645257258 3
    endloop
  endfacet
  facet normal -0.9700312531945415 -0.24298017990327378 0
    outer loop
      vertex -27.873201429255246 -28.506516048667415 1
      vertex -27.832665023314508 -28.66834645257258 3
      vertex -27.873201429255246 -28.506516048667415 3
    endloop
  endfacet
  facet normal 0.04906767432741787 -0.9987954562051724 0
    outer loop
      vertex -29.666629138560253 -27.308185964657266 1
      vertex -29.5 -27.3 3
      vertex -29.666629138560253 -27.308185964657266 3
    endloop
  endfacet
  facet normal -0.04906767432741787 -0.9987954562051724 0
    outer loop
      vertex -29.5 -27.3 1
      vertex -29.333370861439747 -27.308185964657266 3
      vertex -29.5 -27.3 3
    endloop
  endfacet
  facet normal -0.1467304744553569 -0.9891765099647816 0
    outer loop
      vertex -29.333370861439747 -27.308185964657266 1
      vertex -29.16834645257258 -27.332665023314508 3
      vertex -29.333370861439747 -27.308185964657266 3
    endloop
  endfacet
  facet normal -0.24298017990327378 -0.9700312531945415 0
    outer loop
      vertex -29.16834645257258 -27.332665023314508 1
      vertex -29.006516048667415 -27.373201429255246 3
      vertex -29.16834645257258 -27.332665023314508 3
    endloop
  endfacet
  facet normal -0.4275550934302793 -0.9039892931234447 0
    outer loop
      vertex -28.849438164979347 -27.429404794730814 1
      vertex -28.698625547395803 -27.500733850607798 3
      vertex -28.849438164979347 -27.429404794730814 3
    endloop
  endfacet
  facet normal -0.3368898533922202 -0.9415440651830207 0
    outer loop
      vertex -29.006516048667415 -27.373201429255246 1
      vertex -28.849438164979347 -27.429404794730814 3
      vertex -29.006516048667415 -27.373201429255246 3
    endloop
  endfacet
  facet normal -0.5141027441932153 -0.8577286100002759 0
    outer loop
      vertex -28.698625547395803 -27.500733850607798 1
      vertex -28.555530603866675 -27.586501659085673 3
      vertex -28.698625547395803 -27.500733850607798 3
    endloop
  endfacet
  facet normal -0.5956993044924344 -0.8032075314806443 0
    outer loop
      vertex -28.555530603866675 -27.586501659085673 1
      vertex -28.421531416921802 -27.685882229283347 3
      vertex -28.555530603866675 -27.586501659085673 3
    endloop
  endfacet
  facet normal -0.671558954847013 -0.7409511253549641 0
    outer loop
      vertex -28.421531416921802 -27.685882229283347 1
      vertex -28.297918471982868 -27.797918471982868 3
      vertex -28.421531416921802 -27.685882229283347 3
    endloop
  endfacet
  facet normal -0.7409511253549641 -0.671558954847013 0
    outer loop
      vertex -28.297918471982868 -27.797918471982868 1
      vertex -28.185882229283347 -27.921531416921802 3
      vertex -28.297918471982868 -27.797918471982868 3
    endloop
  endfacet
  facet normal -0.8032075314806443 -0.5956993044924344 0
    outer loop
      vertex -28.185882229283347 -27.921531416921802 1
      vertex -28.086501659085673 -28.055530603866675 3
      vertex -28.185882229283347 -27.921531416921802 3
    endloop
  endfacet
  facet normal -0.8577286100002759 -0.5141027441932153 0
    outer loop
      vertex -28.086501659085673 -28.055530603866675 1
      vertex -28.000733850607798 -28.198625547395803 3
      vertex -28.086501659085673 -28.055530603866675 3
    endloop
  endfacet
  facet normal 0.9415440651830239 0.33688985339221134 0
    outer loop
      vertex -32.562209074343066 -29.92891096721428 1
      vertex -32.45641450403612 -30.224586983568287 0
      vertex -32.562209074343066 -29.92891096721428 0
    endloop
  endfacet
  facet normal 0.9700312531945401 0.24298017990327958 0
    outer loop
      vertex -32.63851289729034 -29.62428903045161 1
      vertex -32.562209074343066 -29.92891096721428 0
      vertex -32.63851289729034 -29.62428903045161 0
    endloop
  endfacet
  facet normal 0.9039892931234439 0.4275550934302809 0
    outer loop
      vertex -32.45641450403612 -30.224586983568287 1
      vertex -32.32214804591474 -30.508469557843192 0
      vertex -32.45641450403612 -30.224586983568287 0
    endloop
  endfacet
  facet normal 0.8577286100002673 0.5141027441932297 0
    outer loop
      vertex -32.32214804591474 -30.508469557843192 1
      vertex -32.16070275936814 -30.777824745662727 0
      vertex -32.32214804591474 -30.508469557843192 0
    endloop
  endfacet
  facet normal 0.9891765099647806 0.14673047445536444 0
    outer loop
      vertex -32.684591125351034 -29.313654849054593 1
      vertex -32.63851289729034 -29.62428903045161 0
      vertex -32.684591125351034 -29.313654849054593 0
    endloop
  endfacet
  facet normal 0.9987954562051725 0.04906767432741541 0
    outer loop
      vertex -32.7 -29 1
      vertex -32.684591125351034 -29.313654849054593 0
      vertex -32.7 -29 0
    endloop
  endfacet
  facet normal 0.9987954562051725 -0.04906767432741541 0
    outer loop
      vertex -32.684591125351034 -28.686345150945407 1
      vertex -32.7 -29 0
      vertex -32.684591125351034 -28.686345150945407 0
    endloop
  endfacet
  facet normal 0.9891765099647806 -0.14673047445536444 0
    outer loop
      vertex -32.63851289729034 -28.37571096954839 1
      vertex -32.684591125351034 -28.686345150945407 0
      vertex -32.63851289729034 -28.37571096954839 0
    endloop
  endfacet
  facet normal 0.9700312531945401 -0.24298017990327958 0
    outer loop
      vertex -32.562209074343066 -28.07108903278572 1
      vertex -32.63851289729034 -28.37571096954839 0
      vertex -32.562209074343066 -28.07108903278572 0
    endloop
  endfacet
  facet normal 0.9700312531945401 0.24298017990327958 0
    outer loop
      vertex -32.562209074343066 -29.92891096721428 1
      vertex -32.562209074343066 -29.92891096721428 0
      vertex -32.63851289729034 -29.62428903045161 1
    endloop
  endfacet
  facet normal 0.9039892931234439 0.4275550934302809 0
    outer loop
      vertex -32.32214804591474 -30.508469557843192 1
      vertex -32.32214804591474 -30.508469557843192 0
      vertex -32.45641450403612 -30.224586983568287 1
    endloop
  endfacet
  facet normal 0.8577286100002673 0.5141027441932297 -1.0291394147669705e-17
    outer loop
      vertex -32.32214804591474 -30.508469557843192 1
      vertex -32.16070275936814 -30.777824745662727 1
      vertex -32.16070275936814 -30.777824745662727 0
    endloop
  endfacet
  facet normal 0.9415440651830239 0.33688985339221134 -6.948843051791534e-18
    outer loop
      vertex -32.562209074343066 -29.92891096721428 1
      vertex -32.45641450403612 -30.224586983568287 1
      vertex -32.45641450403612 -30.224586983568287 0
    endloop
  endfacet
  facet normal 0.9891765099647806 0.14673047445536444 0
    outer loop
      vertex -32.63851289729034 -29.62428903045161 1
      vertex -32.63851289729034 -29.62428903045161 0
      vertex -32.684591125351034 -29.313654849054593 1
    endloop
  endfacet
  facet normal 0.9987954562051725 0.04906767432741541 0
    outer loop
      vertex -32.684591125351034 -29.313654849054593 1
      vertex -32.684591125351034 -29.313654849054593 0
      vertex -32.7 -29 1
    endloop
  endfacet
  facet normal 0.9987954562051725 -0.04906767432741541 0
    outer loop
      vertex -32.7 -29 1
      vertex -32.7 -29 0
      vertex -32.684591125351034 -28.686345150945407 1
    endloop
  endfacet
  facet normal 0.9891765099647806 -0.14673047445536444 0
    outer loop
      vertex -32.684591125351034 -28.686345150945407 1
      vertex -32.684591125351034 -28.686345150945407 0
      vertex -32.63851289729034 -28.37571096954839 1
    endloop
  endfacet
  facet normal 0.9700312531945401 -0.24298017990327958 0
    outer loop
      vertex -32.63851289729034 -28.37571096954839 1
      vertex -32.63851289729034 -28.37571096954839 0
      vertex -32.562209074343066 -28.07108903278572 1
    endloop
  endfacet
  facet normal 0 0 -1
    outer loop
      vertex -32.32214804591474 -30.508469557843192 1
      vertex -32.32214804591474 -27.491530442156808 1
      vertex -32.16070275936814 -30.777824745662727 1
    endloop
  endfacet
  facet normal 0 0 -1
    outer loop
      vertex -32.63851289729034 -29.62428903045161 1
      vertex -32.684591125351034 -29.313654849054593 1
      vertex -32.684591125351034 -28.686345150945407 1
    endloop
  endfacet
  facet normal 0 0 -1
    outer loop
      vertex -32.684591125351034 -29.313654849054593 1
      vertex -32.7 -29 1
      vertex -32.684591125351034 -28.686345150945407 1
    endloop
  endfacet
  facet normal 0 0 -1
    outer loop
      vertex -32.63851289729034 -29.62428903045161 1
      vertex -32.684591125351034 -28.686345150945407 1
      vertex -32.63851289729034 -28.37571096954839 1
    endloop
  endfacet
  facet normal 0 0 -1
    outer loop
      vertex -32.562209074343066 -29.92891096721428 1
      vertex -32.63851289729034 -29.62428903045161 1
      vertex -32.63851289729034 -28.37571096954839 1
    endloop
  endfacet
  facet normal 0 0 -1
    outer loop
      vertex -32.562209074343066 -29.92891096721428 1
      vertex -32.562209074343066 -28.07108903278572 1
      vertex -32.45641450403612 -30.224586983568287 1
    endloop
  endfacet
  facet normal 0 0 -1
    outer loop
      vertex -32.562209074343066 -29.92891096721428 1
      vertex -32.63851289729034 -28.37571096954839 1
      vertex -32.562209074343066 -28.07108903278572 1
    endloop
  endfacet
  facet normal 0 0 -1
    outer loop
      vertex -32.32214804591474 -30.508469557843192 1
      vertex -32.45641450403612 -30.224586983568287 1
      vertex -32.45641450403612 -27.775413016431713 1
    endloop
  endfacet
  facet normal 0 0 -1
    outer loop
      vertex -32.45641450403612 -30.224586983568287 1
      vertex -32.562209074343066 -28.07108903278572 1
      vertex -32.45641450403612 -27.775413016431713 1
    endloop
  endfacet
  facet normal 0 0 -1
    outer loop
      vertex -32.32214804591474 -30.508469557843192 1
      vertex -32.45641450403612 -27.775413016431713 1
      vertex -32.32214804591474 -27.491530442156808 1
    endloop
  endfacet
  facet normal 0 0 -1
    outer loop
      vertex -32.16070275936814 -30.777824745662727 1
      vertex -32.32214804591474 -27.491530442156808 1
      vertex -32.16070275936814 -27.222175254337273 1
    endloop
  endfacet
  facet normal 0.9415440651830239 -0.33688985339221134 0
    outer loop
      vertex -32.45641450403612 -27.775413016431713 1
      vertex -32.562209074343066 -28.07108903278572 0
      vertex -32.45641450403612 -27.775413016431713 0
    endloop
  endfacet
  facet normal 0.9039892931234439 -0.4275550934302809 0
    outer loop
      vertex -32.32214804591474 -27.491530442156808 1
      vertex -32.45641450403612 -27.775413016431713 0
      vertex -32.32214804591474 -27.491530442156808 0
    endloop
  endfacet
  facet normal 0.8577286100002673 -0.5141027441932297 0
    outer loop
      vertex -32.16070275936814 -27.222175254337273 1
      vertex -32.32214804591474 -27.491530442156808 0
      vertex -32.16070275936814 -27.222175254337273 0
    endloop
  endfacet
  facet normal 0.9415440651830239 -0.33688985339221134 0
    outer loop
      vertex -32.562209074343066 -28.07108903278572 1
      vertex -32.562209074343066 -28.07108903278572 0
      vertex -32.45641450403612 -27.775413016431713 1
    endloop
  endfacet
  facet normal 0.9039892931234439 -0.4275550934302809 0
    outer loop
      vertex -32.45641450403612 -27.775413016431713 1
      vertex -32.45641450403612 -27.775413016431713 0
      vertex -32.32214804591474 -27.491530442156808 1
    endloop
  endfacet
  facet normal 0.8577286100002673 -0.5141027441932297 0
    outer loop
      vertex -32.32214804591474 -27.491530442156808 1
      vertex -32.32214804591474 -27.491530442156808 0
      vertex -32.16070275936814 -27.222175254337273 1
    endloop
  endfacet
  facet normal 0.7409511253549558 0.6715589548470221 0
    outer loop
      vertex -31.973633450760758 -31.030058509323666 1
      vertex -31.76274169979695 -31.26274169979695 0
      vertex -31.973633450760758 -31.030058509323666 0
    endloop
  endfacet
  facet normal 0.6715589548470221 0.7409511253549558 0
    outer loop
      vertex -31.76274169979695 -31.26274169979695 1
      vertex -31.530058509323666 -31.473633450760758 0
      vertex -31.76274169979695 -31.26274169979695 0
    endloop
  endfacet
  facet normal 0.5956993044924348 0.8032075314806439 0
    outer loop
      vertex -31.530058509323666 -31.473633450760758 1
      vertex -31.277824745662727 -31.660702759368146 0
      vertex -31.530058509323666 -31.473633450760758 0
    endloop
  endfacet
  facet normal 0.5141027441932213 0.8577286100002723 0
    outer loop
      vertex -31.277824745662727 -31.660702759368146 1
      vertex -31.008469557843192 -31.822148045914737 0
      vertex -31.277824745662727 -31.660702759368146 0
    endloop
  endfacet
  facet normal 0.8032075314806492 0.5956993044924275 0
    outer loop
      vertex -31.973633450760758 -31.030058509323666 1
      vertex -31.973633450760758 -31.030058509323666 0
      vertex -32.16070275936814 -30.777824745662727 1
    endloop
  endfacet
  facet normal 0.7409511253549558 0.6715589548470221 9.075032377827126e-20
    outer loop
      vertex -31.973633450760758 -31.030058509323666 1
      vertex -31.76274169979695 -31.26274169979695 1
      vertex -31.76274169979695 -31.26274169979695 0
    endloop
  endfacet
  facet normal 0.6715589548470221 0.7409511253549558 9.075032377827126e-20
    outer loop
      vertex -31.76274169979695 -31.26274169979695 1
      vertex -31.530058509323666 -31.473633450760758 1
      vertex -31.530058509323666 -31.473633450760758 0
    endloop
  endfacet
  facet normal 0.5956993044924348 0.8032075314806439 -4.5807802870797516e-18
    outer loop
      vertex -31.530058509323666 -31.473633450760758 1
      vertex -31.277824745662727 -31.660702759368146 1
      vertex -31.277824745662727 -31.660702759368146 0
    endloop
  endfacet
  facet normal 0.5141027441932213 0.8577286100002723 9.812840315208272e-18
    outer loop
      vertex -31.277824745662727 -31.660702759368146 1
      vertex -31.008469557843192 -31.822148045914737 1
      vertex -31.008469557843192 -31.822148045914737 0
    endloop
  endfacet
  facet normal 0.8032075314806492 0.5956993044924275 0
    outer loop
      vertex -32.16070275936814 -30.777824745662727 1
      vertex -31.973633450760758 -31.030058509323666 0
      vertex -32.16070275936814 -30.777824745662727 0
    endloop
  endfacet
  facet normal 0.4275550934302809 0.9039892931234439 0
    outer loop
      vertex -31.008469557843192 -31.822148045914737 1
      vertex -30.724586983568287 -31.95641450403612 0
      vertex -31.008469557843192 -31.822148045914737 0
    endloop
  endfacet
  facet normal 0.33688985339221134 0.9415440651830239 0
    outer loop
      vertex -30.724586983568287 -31.95641450403612 1
      vertex -30.42891096721428 -32.062209074343066 0
      vertex -30.724586983568287 -31.95641450403612 0
    endloop
  endfacet
  facet normal 0.24298017990327958 0.9700312531945401 0
    outer loop
      vertex -30.42891096721428 -32.062209074343066 1
      vertex -30.12428903045161 -32.13851289729034 0
      vertex -30.42891096721428 -32.062209074343066 0
    endloop
  endfacet
  facet normal 0.14673047445536444 0.9891765099647806 0
    outer loop
      vertex -30.12428903045161 -32.13851289729034 1
      vertex -29.813654849054593 -32.184591125351034 0
      vertex -30.12428903045161 -32.13851289729034 0
    endloop
  endfacet
  facet normal 0.4275550934302809 0.9039892931234439 5.739774279327228e-18
    outer loop
      vertex -31.008469557843192 -31.822148045914737 1
      vertex -30.724586983568287 -31.95641450403612 1
      vertex -30.724586983568287 -31.95641450403612 0
    endloop
  endfacet
  facet normal 0.33688985339221134 0.9415440651830239 -6.948843051791534e-18
    outer loop
      vertex -30.724586983568287 -31.95641450403612 1
      vertex -30.42891096721428 -32.062209074343066 1
      vertex -30.42891096721428 -32.062209074343066 0
    endloop
  endfacet
  facet normal 0.24298017990327958 0.9700312531945401 -2.2759421679626684e-18
    outer loop
      vertex -30.42891096721428 -32.062209074343066 1
      vertex -30.12428903045161 -32.13851289729034 1
      vertex -30.12428903045161 -32.13851289729034 0
    endloop
  endfacet
  facet normal 0.14673047445536444 0.9891765099647806 2.5061906152673715e-18
    outer loop
      vertex -30.12428903045161 -32.13851289729034 1
      vertex -29.813654849054593 -32.184591125351034 1
      vertex -29.813654849054593 -32.184591125351034 0
    endloop
  endfacet
  facet normal 0 0 -1
    outer loop
      vertex -31.277824745662727 -31.660702759368146 1
      vertex -31.070595205269186 -29.650561835020653 1
      vertex -31.008469557843192 -31.822148045914737 1
    endloop
  endfacet
  facet normal 0 0 -1
    outer loop
      vertex -31.973633450760758 -31.030058509323666 1
      vertex -32.16070275936814 -30.777824745662727 1
      vertex -32.16070275936814 -27.222175254337273 1
    endloop
  endfacet
  facet normal 0 0 -1
    outer loop
      vertex -31.973633450760758 -31.030058509323666 1
      vertex -31.973633450760758 -26.969941490676334 1
      vertex -31.76274169979695 -31.26274169979695 1
    endloop
  endfacet
  facet normal 0 0 -1
    outer loop
      vertex -31.76274169979695 -31.26274169979695 1
      vertex -31.76274169979695 -26.73725830020305 1
      vertex -31.530058509323666 -31.473633450760758 1
    endloop
  endfacet
  facet normal 0 0 -1
    outer loop
      vertex -31.973633450760758 -31.030058509323666 1
      vertex -32.16070275936814 -27.222175254337273 1
      vertex -31.973633450760758 -26.969941490676334 1
    endloop
  endfacet
  facet normal 0 0 -1
    outer loop
      vertex -31.76274169979695 -31.26274169979695 1
      vertex -31.973633450760758 -26.969941490676334 1
      vertex -31.76274169979695 -26.73725830020305 1
    endloop
  endfacet
  facet normal 0 0 -1
    outer loop
      vertex -31.530058509323666 -31.473633450760758 1
      vertex -31.76274169979695 -26.73725830020305 1
      vertex -31.530058509323666 -26.526366549239242 1
    endloop
  endfacet
  facet normal 0 0 -1
    outer loop
      vertex -31.530058509323666 -31.473633450760758 1
      vertex -31.530058509323666 -26.526366549239242 1
      vertex -31.277824745662727 -31.660702759368146 1
    endloop
  endfacet
  facet normal 0 0 -1
    outer loop
      vertex -31.277824745662727 -31.660702759368146 1
      vertex -31.126798570744754 -29.493483951332585 1
      vertex -31.070595205269186 -29.650561835020653 1
    endloop
  endfacet
  facet normal 0 0 -1
    outer loop
      vertex -31.008469557843192 -31.822148045914737 1
      vertex -31.070595205269186 -29.650561835020653 1
      vertex -30.999266149392202 -29.801374452604197 1
    endloop
  endfacet
  facet normal 0 0 -1
    outer loop
      vertex -31.008469557843192 -31.822148045914737 1
      vertex -30.999266149392202 -29.801374452604197 1
      vertex -30.913498340914327 -29.944469396133325 1
    endloop
  endfacet
  facet normal 0 0 -1
    outer loop
      vertex -31.277824745662727 -31.660702759368146 1
      vertex -31.167334976685492 -29.33165354742742 1
      vertex -31.126798570744754 -29.493483951332585 1
    endloop
  endfacet
  facet normal 0 0 -1
    outer loop
      vertex -31.277824745662727 -31.660702759368146 1
      vertex -31.191814035342734 -29.166629138560253 1
      vertex -31.167334976685492 -29.33165354742742 1
    endloop
  endfacet
  facet normal 0 0 -1
    outer loop
      vertex -31.277824745662727 -31.660702759368146 1
      vertex -31.2 -29 1
      vertex -31.191814035342734 -29.166629138560253 1
    endloop
  endfacet
  facet normal 0 0 -1
    outer loop
      vertex -31.277824745662727 -31.660702759368146 1
      vertex -31.530058509323666 -26.526366549239242 1
      vertex -31.277824745662727 -26.339297240631854 1
    endloop
  endfacet
  facet normal 0 0 -1
    outer loop
      vertex -31.277824745662727 -31.660702759368146 1
      vertex -31.277824745662727 -26.339297240631854 1
      vertex -31.2 -29 1
    endloop
  endfacet
  facet normal 0 0 -1
    outer loop
      vertex -31.008469557843192 -31.822148045914737 1
      vertex -30.814117770716653 -30.078468583078198 1
      vertex -30.724586983568287 -31.95641450403612 1
    endloop
  endfacet
  facet normal 0 0 -1
    outer loop
      vertex -30.724586983568287 -31.95641450403612 1
      vertex -30.444469396133325 -30.413498340914327 1
      vertex -30.42891096721428 -32.062209074343066 1
    endloop
  endfacet
  facet normal 0 0 -1
    outer loop
      vertex -30.42891096721428 -32.062209074343066 1
      vertex -30.444469396133325 -30.413498340914327 1
      vertex -30.301374452604197 -30.499266149392202 1
    endloop
  endfacet
  facet normal 0 0 -1
    outer loop
      vertex -30.42891096721428 -32.062209074343066 1
      vertex -30.150561835020653 -30.570595205269186 1
      vertex -30.12428903045161 -32.13851289729034 1
    endloop
  endfacet
  facet normal 0 0 -1
    outer loop
      vertex -30.42891096721428 -32.062209074343066 1
      vertex -30.301374452604197 -30.499266149392202 1
      vertex -30.150561835020653 -30.570595205269186 1
    endloop
  endfacet
  facet normal 0 0 -1
    outer loop
      vertex -30.12428903045161 -32.13851289729034 1
      vertex -30.150561835020653 -30.570595205269186 1
      vertex -29.993483951332585 -30.626798570744754 1
    endloop
  endfacet
  facet normal 0 0 -1
    outer loop
      vertex -30.12428903045161 -32.13851289729034 1
      vertex -29.83165354742742 -30.667334976685492 1
      vertex -29.813654849054593 -32.184591125351034 1
    endloop
  endfacet
  facet normal 0 0 -1
    outer loop
      vertex -30.12428903045161 -32.13851289729034 1
      vertex -29.993483951332585 -30.626798570744754 1
      vertex -29.83165354742742 -30.667334976685492 1
    endloop
  endfacet
  facet normal 0 0 -1
    outer loop
      vertex -29.813654849054593 -32.184591125351034 1
      vertex -29.83165354742742 -30.667334976685492 1
      vertex -29.666629138560253 -30.691814035342734 1
    endloop
  endfacet
  facet normal 0 0 -1
    outer loop
      vertex -31.008469557843192 -31.822148045914737 1
      vertex -30.913498340914327 -29.944469396133325 1
      vertex -30.814117770716653 -30.078468583078198 1
    endloop
  endfacet
  facet normal 0 0 -1
    outer loop
      vertex -30.814117770716653 -30.078468583078198 1
      vertex -30.702081528017132 -30.202081528017132 1
      vertex -30.724586983568287 -31.95641450403612 1
    endloop
  endfacet
  facet normal 0 0 -1
    outer loop
      vertex -30.724586983568287 -31.95641450403612 1
      vertex -30.702081528017132 -30.202081528017132 1
      vertex -30.578468583078198 -30.314117770716653 1
    endloop
  endfacet
  facet normal 0 0 -1
    outer loop
      vertex -30.724586983568287 -31.95641450403612 1
      vertex -30.578468583078198 -30.314117770716653 1
      vertex -30.444469396133325 -30.413498340914327 1
    endloop
  endfacet
  facet normal 0.8032075314806492 -0.5956993044924275 0
    outer loop
      vertex -31.973633450760758 -26.969941490676334 1
      vertex -32.16070275936814 -27.222175254337273 0
      vertex -31.973633450760758 -26.969941490676334 0
    endloop
  endfacet
  facet normal 0.7409511253549558 -0.6715589548470221 0
    outer loop
      vertex -31.76274169979695 -26.73725830020305 1
      vertex -31.973633450760758 -26.969941490676334 0
      vertex -31.76274169979695 -26.73725830020305 0
    endloop
  endfacet
  facet normal 0.6715589548470221 -0.7409511253549558 0
    outer loop
      vertex -31.530058509323666 -26.526366549239242 1
      vertex -31.76274169979695 -26.73725830020305 0
      vertex -31.530058509323666 -26.526366549239242 0
    endloop
  endfacet
  facet normal 0.5956993044924348 -0.8032075314806439 0
    outer loop
      vertex -31.277824745662727 -26.339297240631854 1
      vertex -31.530058509323666 -26.526366549239242 0
      vertex -31.277824745662727 -26.339297240631854 0
    endloop
  endfacet
  facet normal 0.5141027441932213 -0.8577286100002723 0
    outer loop
      vertex -31.008469557843192 -26.177851954085263 1
      vertex -31.277824745662727 -26.339297240631854 0
      vertex -31.008469557843192 -26.177851954085263 0
    endloop
  endfacet
  facet normal 0.8032075314806492 -0.5956993044924275 0
    outer loop
      vertex -32.16070275936814 -27.222175254337273 1
      vertex -32.16070275936814 -27.222175254337273 0
      vertex -31.973633450760758 -26.969941490676334 1
    endloop
  endfacet
  facet normal 0.7409511253549558 -0.6715589548470221 0
    outer loop
      vertex -31.973633450760758 -26.969941490676334 1
      vertex -31.973633450760758 -26.969941490676334 0
      vertex -31.76274169979695 -26.73725830020305 1
    endloop
  endfacet
  facet normal 0.6715589548470221 -0.7409511253549558 0
    outer loop
      vertex -31.76274169979695 -26.73725830020305 1
      vertex -31.76274169979695 -26.73725830020305 0
      vertex -31.530058509323666 -26.526366549239242 1
    endloop
  endfacet
  facet normal 0.5956993044924348 -0.8032075314806439 0
    outer loop
      vertex -31.530058509323666 -26.526366549239242 1
      vertex -31.530058509323666 -26.526366549239242 0
      vertex -31.277824745662727 -26.339297240631854 1
    endloop
  endfacet
  facet normal 0.5141027441932213 -0.8577286100002723 0
    outer loop
      vertex -31.277824745662727 -26.339297240631854 1
      vertex -31.277824745662727 -26.339297240631854 0
      vertex -31.008469557843192 -26.177851954085263 1
    endloop
  endfacet
  facet normal 0.4275550934302809 -0.9039892931234439 0
    outer loop
      vertex -30.724586983568287 -26.04358549596388 1
      vertex -31.008469557843192 -26.177851954085263 0
      vertex -30.724586983568287 -26.04358549596388 0
    endloop
  endfacet
  facet normal 0.33688985339222133 -0.9415440651830204 0
    outer loop
      vertex -30.42891096721428 -25.93779092565693 1
      vertex -30.724586983568287 -26.04358549596388 0
      vertex -30.42891096721428 -25.93779092565693 0
    endloop
  endfacet
  facet normal 0.2429801799032583 -0.9700312531945454 0
    outer loop
      vertex -30.12428903045161 -25.861487102709663 1
      vertex -30.42891096721428 -25.93779092565693 0
      vertex -30.12428903045161 -25.861487102709663 0
    endloop
  endfacet
  facet normal 0.14673047445536444 -0.9891765099647806 0
    outer loop
      vertex -29.813654849054593 -25.81540887464897 1
      vertex -30.12428903045161 -25.861487102709663 0
      vertex -29.813654849054593 -25.81540887464897 0
    endloop
  endfacet
  facet normal 0.4275550934302809 -0.9039892931234439 0
    outer loop
      vertex -31.008469557843192 -26.177851954085263 1
      vertex -31.008469557843192 -26.177851954085263 0
      vertex -30.724586983568287 -26.04358549596388 1
    endloop
  endfacet
  facet normal 0.33688985339222133 -0.9415440651830204 0
    outer loop
      vertex -30.724586983568287 -26.04358549596388 1
      vertex -30.724586983568287 -26.04358549596388 0
      vertex -30.42891096721428 -25.93779092565693 1
    endloop
  endfacet
  facet normal 0.2429801799032583 -0.9700312531945454 0
    outer loop
      vertex -30.42891096721428 -25.93779092565693 1
      vertex -30.42891096721428 -25.93779092565693 0
      vertex -30.12428903045161 -25.861487102709663 1
    endloop
  endfacet
  facet normal 0.14673047445536444 -0.9891765099647806 0
    outer loop
      vertex -30.12428903045161 -25.861487102709663 1
      vertex -30.12428903045161 -25.861487102709663 0
      vertex -29.813654849054593 -25.81540887464897 1
    endloop
  endfacet
  facet normal 0 0 -1
    outer loop
      vertex -31.2 -29 1
      vertex -31.277824745662727 -26.339297240631854 1
      vertex -31.191814035342734 -28.833370861439747 1
    endloop
  endfacet
  facet normal 0 0 -1
    outer loop
      vertex -31.191814035342734 -28.833370861439747 1
      vertex -31.277824745662727 -26.339297240631854 1
      vertex -31.167334976685492 -28.66834645257258 1
    endloop
  endfacet
  facet normal 0 0 -1
    outer loop
      vertex -31.167334976685492 -28.66834645257258 1
      vertex -31.277824745662727 -26.339297240631854 1
      vertex -31.126798570744754 -28.506516048667415 1
    endloop
  endfacet
  facet normal 0 0 -1
    outer loop
      vertex -31.126798570744754 -28.506516048667415 1
      vertex -31.277824745662727 -26.339297240631854 1
      vertex -31.070595205269186 -28.349438164979347 1
    endloop
  endfacet
  facet normal 0 0 -1
    outer loop
      vertex -31.070595205269186 -28.349438164979347 1
      vertex -31.008469557843192 -26.177851954085263 1
      vertex -30.999266149392202 -28.198625547395803 1
    endloop
  endfacet
  facet normal 0 0 -1
    outer loop
      vertex -30.999266149392202 -28.198625547395803 1
      vertex -31.008469557843192 -26.177851954085263 1
      vertex -30.913498340914327 -28.055530603866675 1
    endloop
  endfacet
  facet normal 0 0 -1
    outer loop
      vertex -31.277824745662727 -26.339297240631854 1
      vertex -31.008469557843192 -26.177851954085263 1
      vertex -31.070595205269186 -28.349438164979347 1
    endloop
  endfacet
  facet normal 0 0 -1
    outer loop
      vertex -30.913498340914327 -28.055530603866675 1
      vertex -31.008469557843192 -26.177851954085263 1
      vertex -30.814117770716653 -27.921531416921802 1
    endloop
  endfacet
  facet normal 0 0 -1
    outer loop
      vertex -30.814117770716653 -27.921531416921802 1
      vertex -30.724586983568287 -26.04358549596388 1
      vertex -30.702081528017132 -27.797918471982868 1
    endloop
  endfacet
  facet normal 0 0 -1
    outer loop
      vertex -30.702081528017132 -27.797918471982868 1
      vertex -30.724586983568287 -26.04358549596388 1
      vertex -30.578468583078198 -27.685882229283347 1
    endloop
  endfacet
  facet normal 0 0 -1
    outer loop
      vertex -30.578468583078198 -27.685882229283347 1
      vertex -30.724586983568287 -26.04358549596388 1
      vertex -30.444469396133325 -27.586501659085673 1
    endloop
  endfacet
  facet normal 0 0 -1
    outer loop
      vertex -30.444469396133325 -27.586501659085673 1
      vertex -30.42891096721428 -25.93779092565693 1
      vertex -30.301374452604197 -27.500733850607798 1
    endloop
  endfacet
  facet normal 0 0 -1
    outer loop
      vertex -30.814117770716653 -27.921531416921802 1
      vertex -31.008469557843192 -26.177851954085263 1
      vertex -30.724586983568287 -26.04358549596388 1
    endloop
  endfacet
  facet normal 0 0 -1
    outer loop
      vertex -30.444469396133325 -27.586501659085673 1
      vertex -30.724586983568287 -26.04358549596388 1
      vertex -30.42891096721428 -25.93779092565693 1
    endloop
  endfacet
  facet normal 0 0 -1
    outer loop
      vertex -30.301374452604197 -27.500733850607798 1
      vertex -30.42891096721428 -25.93779092565693 1
      vertex -30.150561835020653 -27.429404794730814 1
    endloop
  endfacet
  facet normal 0 0 -1
    outer loop
      vertex -30.150561835020653 -27.429404794730814 1
      vertex -30.12428903045161 -25.861487102709663 1
      vertex -29.993483951332585 -27.373201429255246 1
    endloop
  endfacet
  facet normal 0 0 -1
    outer loop
      vertex -29.993483951332585 -27.373201429255246 1
      vertex -30.12428903045161 -25.861487102709663 1
      vertex -29.83165354742742 -27.332665023314508 1
    endloop
  endfacet
  facet normal 0 0 -1
    outer loop
      vertex -29.83165354742742 -27.332665023314508 1
      vertex -29.813654849054593 -25.81540887464897 1
      vertex -29.666629138560253 -27.308185964657266 1
    endloop
  endfacet
  facet normal 0 0 -1
    outer loop
      vertex -30.150561835020653 -27.429404794730814 1
      vertex -30.42891096721428 -25.93779092565693 1
      vertex -30.12428903045161 -25.861487102709663 1
    endloop
  endfacet
  facet normal 0 0 -1
    outer loop
      vertex -30.12428903045161 -25.861487102709663 1
      vertex -29.813654849054593 -25.81540887464897 1
      vertex -29.83165354742742 -27.332665023314508 1
    endloop
  endfacet
  facet normal 0.04906767432741541 0.9987954562051725 0
    outer loop
      vertex -29.813654849054593 -32.184591125351034 1
      vertex -29.5 -32.2 0
      vertex -29.813654849054593 -32.184591125351034 0
    endloop
  endfacet
  facet normal -0.04906767432741541 0.9987954562051725 0
    outer loop
      vertex -29.5 -32.2 1
      vertex -29.186345150945407 -32.184591125351034 0
      vertex -29.5 -32.2 0
    endloop
  endfacet
  facet normal -0.14673047445536444 0.9891765099647806 0
    outer loop
      vertex -29.186345150945407 -32.184591125351034 1
      vertex -28.87571096954839 -32.13851289729034 0
      vertex -29.186345150945407 -32.184591125351034 0
    endloop
  endfacet
  facet normal -0.24298017990327958 0.9700312531945401 0
    outer loop
      vertex -28.87571096954839 -32.13851289729034 1
      vertex -28.57108903278572 -32.062209074343066 0
      vertex -28.87571096954839 -32.13851289729034 0
    endloop
  endfacet
  facet normal 0.04906767432741541 0.9987954562051725 -4.0828981297529697e-19
    outer loop
      vertex -29.813654849054593 -32.184591125351034 1
      vertex -29.5 -32.2 1
      vertex -29.5 -32.2 0
    endloop
  endfacet
  facet normal -0.04906767432741541 0.9987954562051725 4.0828981297529697e-19
    outer loop
      vertex -29.5 -32.2 1
      vertex -29.186345150945407 -32.184591125351034 1
      vertex -29.186345150945407 -32.184591125351034 0
    endloop
  endfacet
  facet normal -0.14673047445536444 0.9891765099647806 -2.5061906152673715e-18
    outer loop
      vertex -29.186345150945407 -32.184591125351034 1
      vertex -28.87571096954839 -32.13851289729034 1
      vertex -28.87571096954839 -32.13851289729034 0
    endloop
  endfacet
  facet normal -0.24298017990327958 0.9700312531945401 2.2759421679626684e-18
    outer loop
      vertex -28.87571096954839 -32.13851289729034 1
      vertex -28.57108903278572 -32.062209074343066 1
      vertex -28.57108903278572 -32.062209074343066 0
    endloop
  endfacet
  facet normal -0.33688985339221134 0.9415440651830239 0
    outer loop
      vertex -28.57108903278572 -32.062209074343066 1
      vertex -28.275413016431713 -31.95641450403612 0
      vertex -28.57108903278572 -32.062209074343066 0
    endloop
  endfacet
  facet normal -0.4275550934302809 0.9039892931234439 0
    outer loop
      vertex -28.275413016431713 -31.95641450403612 1
      vertex -27.991530442156808 -31.822148045914737 0
      vertex -28.275413016431713 -31.95641450403612 0
    endloop
  endfacet
  facet normal -0.5141027441932213 0.8577286100002723 0
    outer loop
      vertex -27.991530442156808 -31.822148045914737 1
      vertex -27.722175254337273 -31.660702759368146 0
      vertex -27.991530442156808 -31.822148045914737 0
    endloop
  endfacet
  facet normal -0.5956993044924348 0.8032075314806439 0
    outer loop
      vertex -27.722175254337273 -31.660702759368146 1
      vertex -27.469941490676334 -31.473633450760758 0
      vertex -27.722175254337273 -31.660702759368146 0
    endloop
  endfacet
  facet normal -0.6715589548470221 0.7409511253549558 0
    outer loop
      vertex -27.469941490676334 -31.473633450760758 1
      vertex -27.23725830020305 -31.26274169979695 0
      vertex -27.469941490676334 -31.473633450760758 0
    endloop
  endfacet
  facet normal -0.33688985339221134 0.9415440651830239 6.948843051791534e-18
    outer loop
      vertex -28.57108903278572 -32.062209074343066 1
      vertex -28.275413016431713 -31.95641450403612 1
      vertex -28.275413016431713 -31.95641450403612 0
    endloop
  endfacet
  facet normal -0.4275550934302809 0.9039892931234439 -5.739774279327228e-18
    outer loop
      vertex -28.275413016431713 -31.95641450403612 1
      vertex -27.991530442156808 -31.822148045914737 1
      vertex -27.991530442156808 -31.822148045914737 0
    endloop
  endfacet
  facet normal -0.5141027441932213 0.8577286100002723 -9.812840315208272e-18
    outer loop
      vertex -27.991530442156808 -31.822148045914737 1
      vertex -27.722175254337273 -31.660702759368146 1
      vertex -27.722175254337273 -31.660702759368146 0
    endloop
  endfacet
  facet normal -0.5956993044924348 0.8032075314806439 4.5807802870797516e-18
    outer loop
      vertex -27.722175254337273 -31.660702759368146 1
      vertex -27.469941490676334 -31.473633450760758 1
      vertex -27.469941490676334 -31.473633450760758 0
    endloop
  endfacet
  facet normal -0.6715589548470221 0.7409511253549558 -9.075032377827126e-20
    outer loop
      vertex -27.469941490676334 -31.473633450760758 1
      vertex -27.23725830020305 -31.26274169979695 1
      vertex -27.23725830020305 -31.26274169979695 0
    endloop
  endfacet
  facet normal 0 0 -1
    outer loop
      vertex -29.813654849054593 -32.184591125351034 1
      vertex -29.5 -30.7 1
      vertex -29.5 -32.2 1
    endloop
  endfacet
  facet normal 0 0 -1
    outer loop
      vertex -29.813654849054593 -32.184591125351034 1
      vertex -29.666629138560253 -30.691814035342734 1
      vertex -29.5 -30.7 1
    endloop
  endfacet
  facet normal 0 0 -1
    outer loop
      vertex -29.5 -32.2 1
      vertex -29.5 -30.7 1
      vertex -29.186345150945407 -32.184591125351034 1
    endloop
  endfacet
  facet normal 0 0 -1
    outer loop
      vertex -29.186345150945407 -32.184591125351034 1
      vertex -29.5 -30.7 1
      vertex -29.333370861439747 -30.691814035342734 1
    endloop
  endfacet
  facet normal 0 0 -1
    outer loop
      vertex -29.186345150945407 -32.184591125351034 1
      vertex -29.333370861439747 -30.691814035342734 1
      vertex -29.16834645257258 -30.667334976685492 1
    endloop
  endfacet
  facet normal 0 0 -1
    outer loop
      vertex -29.186345150945407 -32.184591125351034 1
      vertex -29.16834645257258 -30.667334976685492 1
      vertex -28.87571096954839 -32.13851289729034 1
    endloop
  endfacet
  facet normal 0 0 -1
    outer loop
      vertex -29.16834645257258 -30.667334976685492 1
      vertex -29.006516048667415 -30.626798570744754 1
      vertex -28.87571096954839 -32.13851289729034 1
    endloop
  endfacet
  facet normal 0 0 -1
    outer loop
      vertex -28.87571096954839 -32.13851289729034 1
      vertex -29.006516048667415 -30.626798570744754 1
      vertex -28.849438164979347 -30.570595205269186 1
    endloop
  endfacet
  facet normal 0 0 -1
    outer loop
      vertex -28.87571096954839 -32.13851289729034 1
      vertex -28.849438164979347 -30.570595205269186 1
      vertex -28.57108903278572 -32.062209074343066 1
    endloop
  endfacet
  facet normal 0 0 -1
    outer loop
      vertex -28.849438164979347 -30.570595205269186 1
      vertex -28.698625547395803 -30.499266149392202 1
      vertex -28.57108903278572 -32.062209074343066 1
    endloop
  endfacet
  facet normal 0 0 -1
    outer loop
      vertex -28.57108903278572 -32.062209074343066 1
      vertex -28.698625547395803 -30.499266149392202 1
      vertex -28.555530603866675 -30.413498340914327 1
    endloop
  endfacet
  facet normal 0 0 -1
    outer loop
      vertex -28.57108903278572 -32.062209074343066 1
      vertex -28.555530603866675 -30.413498340914327 1
      vertex -28.275413016431713 -31.95641450403612 1
    endloop
  endfacet
  facet normal 0 0 -1
    outer loop
      vertex -28.275413016431713 -31.95641450403612 1
      vertex -28.185882229283347 -30.078468583078198 1
      vertex -27.991530442156808 -31.822148045914737 1
    endloop
  endfacet
  facet normal 0 0 -1
    outer loop
      vertex -27.991530442156808 -31.822148045914737 1
      vertex -27.929404794730814 -29.650561835020653 1
      vertex -27.722175254337273 -31.660702759368146 1
    endloop
  endfacet
  facet normal 0 0 -1
    outer loop
      vertex -28.555530603866675 -30.413498340914327 1
      vertex -28.421531416921802 -30.314117770716653 1
      vertex -28.275413016431713 -31.95641450403612 1
    endloop
  endfacet
  facet normal 0 0 -1
    outer loop
      vertex -28.421531416921802 -30.314117770716653 1
      vertex -28.297918471982868 -30.202081528017132 1
      vertex -28.275413016431713 -31.95641450403612 1
    endloop
  endfacet
  facet normal 0 0 -1
    outer loop
      vertex -28.275413016431713 -31.95641450403612 1
      vertex -28.297918471982868 -30.202081528017132 1
      vertex -28.185882229283347 -30.078468583078198 1
    endloop
  endfacet
  facet normal 0 0 -1
    outer loop
      vertex -27.991530442156808 -31.822148045914737 1
      vertex -28.185882229283347 -30.078468583078198 1
      vertex -28.086501659085673 -29.944469396133325 1
    endloop
  endfacet
  facet normal 0 0 -1
    outer loop
      vertex -27.991530442156808 -31.822148045914737 1
      vertex -28.086501659085673 -29.944469396133325 1
      vertex -28.000733850607798 -29.801374452604197 1
    endloop
  endfacet
  facet normal 0 0 -1
    outer loop
      vertex -27.991530442156808 -31.822148045914737 1
      vertex -28.000733850607798 -29.801374452604197 1
      vertex -27.929404794730814 -29.650561835020653 1
    endloop
  endfacet
  facet normal 0 0 -1
    outer loop
      vertex -27.722175254337273 -31.660702759368146 1
      vertex -27.929404794730814 -29.650561835020653 1
      vertex -27.873201429255246 -29.493483951332585 1
    endloop
  endfacet
  facet normal 0 0 -1
    outer loop
      vertex -27.722175254337273 -31.660702759368146 1
      vertex -27.873201429255246 -29.493483951332585 1
      vertex -27.832665023314508 -29.33165354742742 1
    endloop
  endfacet
  facet normal 0 0 -1
    outer loop
      vertex -27.722175254337273 -31.660702759368146 1
      vertex -27.832665023314508 -29.33165354742742 1
      vertex -27.808185964657266 -29.166629138560253 1
    endloop
  endfacet
  facet normal 0 0 -1
    outer loop
      vertex -27.722175254337273 -31.660702759368146 1
      vertex -27.808185964657266 -29.166629138560253 1
      vertex -27.8 -29 1
    endloop
  endfacet
  facet normal 0 0 -1
    outer loop
      vertex -27.722175254337273 -31.660702759368146 1
      vertex -27.722175254337273 -26.339297240631854 1
      vertex -27.469941490676334 -31.473633450760758 1
    endloop
  endfacet
  facet normal 0 0 -1
    outer loop
      vertex -27.469941490676334 -31.473633450760758 1
      vertex -27.469941490676334 -26.526366549239242 1
      vertex -27.23725830020305 -31.26274169979695 1
    endloop
  endfacet
  facet normal 0 0 -1
    outer loop
      vertex -27.722175254337273 -31.660702759368146 1
      vertex -27.8 -29 1
      vertex -27.722175254337273 -26.339297240631854 1
    endloop
  endfacet
  facet normal 0 0 -1
    outer loop
      vertex -27.23725830020305 -31.26274169979695 1
      vertex -27.469941490676334 -26.526366549239242 1
      vertex -27.23725830020305 -26.73725830020305 1
    endloop
  endfacet
  facet normal 0.04906767432741541 -0.9987954562051725 0
    outer loop
      vertex -29.5 -25.8 1
      vertex -29.813654849054593 -25.81540887464897 0
      vertex -29.5 -25.8 0
    endloop
  endfacet
  facet normal -0.04906767432741541 -0.9987954562051725 0
    outer loop
      vertex -29.186345150945407 -25.81540887464897 1
      vertex -29.5 -25.8 0
      vertex -29.186345150945407 -25.81540887464897 0
    endloop
  endfacet
  facet normal -0.14673047445536444 -0.9891765099647806 0
    outer loop
      vertex -28.87571096954839 -25.861487102709663 1
      vertex -29.186345150945407 -25.81540887464897 0
      vertex -28.87571096954839 -25.861487102709663 0
    endloop
  endfacet
  facet normal -0.2429801799032583 -0.9700312531945454 0
    outer loop
      vertex -28.57108903278572 -25.93779092565693 1
      vertex -28.87571096954839 -25.861487102709663 0
      vertex -28.57108903278572 -25.93779092565693 0
    endloop
  endfacet
  facet normal 0.04906767432741541 -0.9987954562051725 0
    outer loop
      vertex -29.813654849054593 -25.81540887464897 1
      vertex -29.813654849054593 -25.81540887464897 0
      vertex -29.5 -25.8 1
    endloop
  endfacet
  facet normal -0.04906767432741541 -0.9987954562051725 0
    outer loop
      vertex -29.5 -25.8 1
      vertex -29.5 -25.8 0
      vertex -29.186345150945407 -25.81540887464897 1
    endloop
  endfacet
  facet normal -0.14673047445536444 -0.9891765099647806 0
    outer loop
      vertex -29.186345150945407 -25.81540887464897 1
      vertex -29.186345150945407 -25.81540887464897 0
      vertex -28.87571096954839 -25.861487102709663 1
    endloop
  endfacet
  facet normal -0.2429801799032583 -0.9700312531945454 0
    outer loop
      vertex -28.87571096954839 -25.861487102709663 1
      vertex -28.87571096954839 -25.861487102709663 0
      vertex -28.57108903278572 -25.93779092565693 1
    endloop
  endfacet
  facet normal -0.33688985339222133 -0.9415440651830204 0
    outer loop
      vertex -28.275413016431713 -26.04358549596388 1
      vertex -28.57108903278572 -25.93779092565693 0
      vertex -28.275413016431713 -26.04358549596388 0
    endloop
  endfacet
  facet normal -0.4275550934302809 -0.9039892931234439 0
    outer loop
      vertex -27.991530442156808 -26.177851954085263 1
      vertex -28.275413016431713 -26.04358549596388 0
      vertex -27.991530442156808 -26.177851954085263 0
    endloop
  endfacet
  facet normal -0.5141027441932213 -0.8577286100002723 0
    outer loop
      vertex -27.722175254337273 -26.339297240631854 1
      vertex -27.991530442156808 -26.177851954085263 0
      vertex -27.722175254337273 -26.339297240631854 0
    endloop
  endfacet
  facet normal -0.5956993044924348 -0.8032075314806439 0
    outer loop
      vertex -27.469941490676334 -26.526366549239242 1
      vertex -27.722175254337273 -26.339297240631854 0
      vertex -27.469941490676334 -26.526366549239242 0
    endloop
  endfacet
  facet normal -0.6715589548470221 -0.7409511253549558 0
    outer loop
      vertex -27.23725830020305 -26.73725830020305 1
      vertex -27.469941490676334 -26.526366549239242 0
      vertex -27.23725830020305 -26.73725830020305 0
    endloop
  endfacet
  facet normal -0.4275550934302809 -0.9039892931234439 5.739774279327228e-18
    outer loop
      vertex -27.991530442156808 -26.177851954085263 1
      vertex -28.275413016431713 -26.04358549596388 1
      vertex -28.275413016431713 -26.04358549596388 0
    endloop
  endfacet
  facet normal -0.33688985339222133 -0.9415440651830204 0
    outer loop
      vertex -28.57108903278572 -25.93779092565693 1
      vertex -28.57108903278572 -25.93779092565693 0
      vertex -28.275413016431713 -26.04358549596388 1
    endloop
  endfacet
  facet normal -0.5141027441932213 -0.8577286100002723 0
    outer loop
      vertex -27.991530442156808 -26.177851954085263 1
      vertex -27.991530442156808 -26.177851954085263 0
      vertex -27.722175254337273 -26.339297240631854 1
    endloop
  endfacet
  facet normal -0.5956993044924348 -0.8032075314806439 0
    outer loop
      vertex -27.722175254337273 -26.339297240631854 1
      vertex -27.722175254337273 -26.339297240631854 0
      vertex -27.469941490676334 -26.526366549239242 1
    endloop
  endfacet
  facet normal -0.6715589548470221 -0.7409511253549558 0
    outer loop
      vertex -27.469941490676334 -26.526366549239242 1
      vertex -27.469941490676334 -26.526366549239242 0
      vertex -27.23725830020305 -26.73725830020305 1
    endloop
  endfacet
  facet normal 0 0 -1
    outer loop
      vertex -29.666629138560253 -27.308185964657266 1
      vertex -29.813654849054593 -25.81540887464897 1
      vertex -29.5 -27.3 1
    endloop
  endfacet
  facet normal 0 0 -1
    outer loop
      vertex -29.5 -27.3 1
      vertex -29.186345150945407 -25.81540887464897 1
      vertex -29.333370861439747 -27.308185964657266 1
    endloop
  endfacet
  facet normal 0 0 -1
    outer loop
      vertex -29.333370861439747 -27.308185964657266 1
      vertex -29.186345150945407 -25.81540887464897 1
      vertex -29.16834645257258 -27.332665023314508 1
    endloop
  endfacet
  facet normal 0 0 -1
    outer loop
      vertex -29.813654849054593 -25.81540887464897 1
      vertex -29.5 -25.8 1
      vertex -29.5 -27.3 1
    endloop
  endfacet
  facet normal 0 0 -1
    outer loop
      vertex -29.5 -27.3 1
      vertex -29.5 -25.8 1
      vertex -29.186345150945407 -25.81540887464897 1
    endloop
  endfacet
  facet normal 0 0 -1
    outer loop
      vertex -29.16834645257258 -27.332665023314508 1
      vertex -28.87571096954839 -25.861487102709663 1
      vertex -29.006516048667415 -27.373201429255246 1
    endloop
  endfacet
  facet normal 0 0 -1
    outer loop
      vertex -28.849438164979347 -27.429404794730814 1
      vertex -29.006516048667415 -27.373201429255246 1
      vertex -28.87571096954839 -25.861487102709663 1
    endloop
  endfacet
  facet normal 0 0 -1
    outer loop
      vertex -28.849438164979347 -27.429404794730814 1
      vertex -28.57108903278572 -25.93779092565693 1
      vertex -28.698625547395803 -27.500733850607798 1
    endloop
  endfacet
  facet normal 0 0 -1
    outer loop
      vertex -28.698625547395803 -27.500733850607798 1
      vertex -28.57108903278572 -25.93779092565693 1
      vertex -28.555530603866675 -27.586501659085673 1
    endloop
  endfacet
  facet normal 0 0 -1
    outer loop
      vertex -29.16834645257258 -27.332665023314508 1
      vertex -29.186345150945407 -25.81540887464897 1
      vertex -28.87571096954839 -25.861487102709663 1
    endloop
  endfacet
  facet normal 0 0 -1
    outer loop
      vertex -28.849438164979347 -27.429404794730814 1
      vertex -28.87571096954839 -25.861487102709663 1
      vertex -28.57108903278572 -25.93779092565693 1
    endloop
  endfacet
  facet normal 0 0 -1
    outer loop
      vertex -28.555530603866675 -27.586501659085673 1
      vertex -28.275413016431713 -26.04358549596388 1
      vertex -28.421531416921802 -27.685882229283347 1
    endloop
  endfacet
  facet normal 0 0 -1
    outer loop
      vertex -28.421531416921802 -27.685882229283347 1
      vertex -28.275413016431713 -26.04358549596388 1
      vertex -28.297918471982868 -27.797918471982868 1
    endloop
  endfacet
  facet normal 0 0 -1
    outer loop
      vertex -28.297918471982868 -27.797918471982868 1
      vertex -28.275413016431713 -26.04358549596388 1
      vertex -28.185882229283347 -27.921531416921802 1
    endloop
  endfacet
  facet normal 0 0 -1
    outer loop
      vertex -28.086501659085673 -28.055530603866675 1
      vertex -27.991530442156808 -26.177851954085263 1
      vertex -28.000733850607798 -28.198625547395803 1
    endloop
  endfacet
  facet normal 0 0 -1
    outer loop
      vertex -28.000733850607798 -28.198625547395803 1
      vertex -27.991530442156808 -26.177851954085263 1
      vertex -27.929404794730814 -28.349438164979347 1
    endloop
  endfacet
  facet normal 0 0 -1
    outer loop
      vertex -28.185882229283347 -27.921531416921802 1
      vertex -27.991530442156808 -26.177851954085263 1
      vertex -28.086501659085673 -28.055530603866675 1
    endloop
  endfacet
  facet normal 0 0 -1
    outer loop
      vertex -27.991530442156808 -26.177851954085263 1
      vertex -27.722175254337273 -26.339297240631854 1
      vertex -27.929404794730814 -28.349438164979347 1
    endloop
  endfacet
  facet normal 0 0 -1
    outer loop
      vertex -28.555530603866675 -27.586501659085673 1
      vertex -28.57108903278572 -25.93779092565693 1
      vertex -28.275413016431713 -26.04358549596388 1
    endloop
  endfacet
  facet normal 0 0 -1
    outer loop
      vertex -28.185882229283347 -27.921531416921802 1
      vertex -28.275413016431713 -26.04358549596388 1
      vertex -27.991530442156808 -26.177851954085263 1
    endloop
  endfacet
  facet normal 0 0 -1
    outer loop
      vertex -27.832665023314508 -28.66834645257258 1
      vertex -27.873201429255246 -28.506516048667415 1
      vertex -27.722175254337273 -26.339297240631854 1
    endloop
  endfacet
  facet normal 0 0 -1
    outer loop
      vertex -27.8 -29 1
      vertex -27.808185964657266 -28.833370861439747 1
      vertex -27.722175254337273 -26.339297240631854 1
    endloop
  endfacet
  facet normal 0 0 -1
    outer loop
      vertex -27.832665023314508 -28.66834645257258 1
      vertex -27.722175254337273 -26.339297240631854 1
      vertex -27.808185964657266 -28.833370861439747 1
    endloop
  endfacet
  facet normal 0 0 -1
    outer loop
      vertex -27.929404794730814 -28.349438164979347 1
      vertex -27.722175254337273 -26.339297240631854 1
      vertex -27.873201429255246 -28.506516048667415 1
    endloop
  endfacet
  facet normal 0 0 -1
    outer loop
      vertex -27.469941490676334 -31.473633450760758 1
      vertex -27.722175254337273 -26.339297240631854 1
      vertex -27.469941490676334 -26.526366549239242 1
    endloop
  endfacet
  facet normal -0.7409511253549558 0.6715589548470221 0
    outer loop
      vertex -27.23725830020305 -31.26274169979695 1
      vertex -27.026366549239242 -31.030058509323666 0
      vertex -27.23725830020305 -31.26274169979695 0
    endloop
  endfacet
  facet normal -0.8032075314806439 0.5956993044924348 0
    outer loop
      vertex -27.026366549239242 -31.030058509323666 1
      vertex -26.839297240631854 -30.777824745662727 0
      vertex -27.026366549239242 -31.030058509323666 0
    endloop
  endfacet
  facet normal -0.7409511253549558 0.6715589548470221 -9.075032377827126e-20
    outer loop
      vertex -27.23725830020305 -31.26274169979695 1
      vertex -27.026366549239242 -31.030058509323666 1
      vertex -27.026366549239242 -31.030058509323666 0
    endloop
  endfacet
  facet normal -0.8577286100002723 0.5141027441932213 0
    outer loop
      vertex -26.839297240631854 -30.777824745662727 1
      vertex -26.677851954085263 -30.508469557843192 0
      vertex -26.839297240631854 -30.777824745662727 0
    endloop
  endfacet
  facet normal -0.9039892931234439 0.4275550934302809 0
    outer loop
      vertex -26.677851954085263 -30.508469557843192 1
      vertex -26.54358549596388 -30.224586983568287 0
      vertex -26.677851954085263 -30.508469557843192 0
    endloop
  endfacet
  facet normal -0.9415440651830204 0.33688985339222133 0
    outer loop
      vertex -26.54358549596388 -30.224586983568287 1
      vertex -26.43779092565693 -29.92891096721428 0
      vertex -26.54358549596388 -30.224586983568287 0
    endloop
  endfacet
  facet normal -0.9700312531945454 0.2429801799032583 0
    outer loop
      vertex -26.43779092565693 -29.92891096721428 1
      vertex -26.361487102709663 -29.62428903045161 0
      vertex -26.43779092565693 -29.92891096721428 0
    endloop
  endfacet
  facet normal -0.9891765099647806 0.14673047445536444 0
    outer loop
      vertex -26.361487102709663 -29.62428903045161 1
      vertex -26.31540887464897 -29.313654849054593 0
      vertex -26.361487102709663 -29.62428903045161 0
    endloop
  endfacet
  facet normal -0.9891765099647806 -0.14673047445536444 0
    outer loop
      vertex -26.31540887464897 -28.686345150945407 1
      vertex -26.361487102709663 -28.37571096954839 0
      vertex -26.31540887464897 -28.686345150945407 0
    endloop
  endfacet
  facet normal -0.9700312531945454 -0.2429801799032583 0
    outer loop
      vertex -26.361487102709663 -28.37571096954839 1
      vertex -26.43779092565693 -28.07108903278572 0
      vertex -26.361487102709663 -28.37571096954839 0
    endloop
  endfacet
  facet normal -0.9987954562051725 0.04906767432741541 0
    outer loop
      vertex -26.31540887464897 -29.313654849054593 1
      vertex -26.3 -29 0
      vertex -26.31540887464897 -29.313654849054593 0
    endloop
  endfacet
  facet normal -0.9987954562051725 -0.04906767432741541 0
    outer loop
      vertex -26.3 -29 1
      vertex -26.31540887464897 -28.686345150945407 0
      vertex -26.3 -29 0
    endloop
  endfacet
  facet normal -0.8032075314806439 0.5956993044924348 4.5807802870797516e-18
    outer loop
      vertex -27.026366549239242 -31.030058509323666 1
      vertex -26.839297240631854 -30.777824745662727 1
      vertex -26.839297240631854 -30.777824745662727 0
    endloop
  endfacet
  facet normal -0.8577286100002723 0.5141027441932213 -9.812840315208272e-18
    outer loop
      vertex -26.839297240631854 -30.777824745662727 1
      vertex -26.677851954085263 -30.508469557843192 1
      vertex -26.677851954085263 -30.508469557843192 0
    endloop
  endfacet
  facet normal -0.9039892931234439 0.4275550934302809 -5.739774279327228e-18
    outer loop
      vertex -26.677851954085263 -30.508469557843192 1
      vertex -26.54358549596388 -30.224586983568287 1
      vertex -26.54358549596388 -30.224586983568287 0
    endloop
  endfacet
  facet normal -0.9415440651830204 0.33688985339222133 -6.61547671855983e-18
    outer loop
      vertex -26.54358549596388 -30.224586983568287 1
      vertex -26.43779092565693 -29.92891096721428 1
      vertex -26.43779092565693 -29.92891096721428 0
    endloop
  endfacet
  facet normal -0.9700312531945454 0.2429801799032583 3.759399793625668e-18
    outer loop
      vertex -26.43779092565693 -29.92891096721428 1
      vertex -26.361487102709663 -29.62428903045161 1
      vertex -26.361487102709663 -29.62428903045161 0
    endloop
  endfacet
  facet normal -0.9891765099647806 0.14673047445536444 -2.5061906152673715e-18
    outer loop
      vertex -26.361487102709663 -29.62428903045161 1
      vertex -26.31540887464897 -29.313654849054593 1
      vertex -26.31540887464897 -29.313654849054593 0
    endloop
  endfacet
  facet normal -0.9891765099647806 -0.14673047445536444 2.5061906152673715e-18
    outer loop
      vertex -26.31540887464897 -28.686345150945407 1
      vertex -26.361487102709663 -28.37571096954839 1
      vertex -26.361487102709663 -28.37571096954839 0
    endloop
  endfacet
  facet normal -0.9700312531945454 -0.2429801799032583 0
    outer loop
      vertex -26.43779092565693 -28.07108903278572 1
      vertex -26.43779092565693 -28.07108903278572 0
      vertex -26.361487102709663 -28.37571096954839 1
    endloop
  endfacet
  facet normal -0.9987954562051725 0.04906767432741541 4.0828981297529697e-19
    outer loop
      vertex -26.31540887464897 -29.313654849054593 1
      vertex -26.3 -29 1
      vertex -26.3 -29 0
    endloop
  endfacet
  facet normal -0.9987954562051725 -0.04906767432741541 0
    outer loop
      vertex -26.31540887464897 -28.686345150945407 1
      vertex -26.31540887464897 -28.686345150945407 0
      vertex -26.3 -29 1
    endloop
  endfacet
  facet normal 0 0 -1
    outer loop
      vertex -27.23725830020305 -31.26274169979695 1
      vertex -27.23725830020305 -26.73725830020305 1
      vertex -27.026366549239242 -31.030058509323666 1
    endloop
  endfacet
  facet normal 0 0 -1
    outer loop
      vertex -27.026366549239242 -31.030058509323666 1
      vertex -27.026366549239242 -26.969941490676334 1
      vertex -26.839297240631854 -30.777824745662727 1
    endloop
  endfacet
  facet normal 0 0 -1
    outer loop
      vertex -27.026366549239242 -31.030058509323666 1
      vertex -27.23725830020305 -26.73725830020305 1
      vertex -27.026366549239242 -26.969941490676334 1
    endloop
  endfacet
  facet normal 0 0 -1
    outer loop
      vertex -26.839297240631854 -30.777824745662727 1
      vertex -26.839297240631854 -27.222175254337273 1
      vertex -26.677851954085263 -30.508469557843192 1
    endloop
  endfacet
  facet normal 0 0 -1
    outer loop
      vertex -26.677851954085263 -30.508469557843192 1
      vertex -26.677851954085263 -27.491530442156808 1
      vertex -26.54358549596388 -30.224586983568287 1
    endloop
  endfacet
  facet normal 0 0 -1
    outer loop
      vertex -26.839297240631854 -30.777824745662727 1
      vertex -27.026366549239242 -26.969941490676334 1
      vertex -26.839297240631854 -27.222175254337273 1
    endloop
  endfacet
  facet normal 0 0 -1
    outer loop
      vertex -26.677851954085263 -30.508469557843192 1
      vertex -26.839297240631854 -27.222175254337273 1
      vertex -26.677851954085263 -27.491530442156808 1
    endloop
  endfacet
  facet normal 0 0 -1
    outer loop
      vertex -26.54358549596388 -30.224586983568287 1
      vertex -26.54358549596388 -27.775413016431713 1
      vertex -26.43779092565693 -29.92891096721428 1
    endloop
  endfacet
  facet normal 0 0 -1
    outer loop
      vertex -26.43779092565693 -29.92891096721428 1
      vertex -26.43779092565693 -28.07108903278572 1
      vertex -26.361487102709663 -29.62428903045161 1
    endloop
  endfacet
  facet normal 0 0 -1
    outer loop
      vertex -26.361487102709663 -29.62428903045161 1
      vertex -26.361487102709663 -28.37571096954839 1
      vertex -26.31540887464897 -29.313654849054593 1
    endloop
  endfacet
  facet normal 0 0 -1
    outer loop
      vertex -26.54358549596388 -30.224586983568287 1
      vertex -26.677851954085263 -27.491530442156808 1
      vertex -26.54358549596388 -27.775413016431713 1
    endloop
  endfacet
  facet normal 0 0 -1
    outer loop
      vertex -26.43779092565693 -29.92891096721428 1
      vertex -26.54358549596388 -27.775413016431713 1
      vertex -26.43779092565693 -28.07108903278572 1
    endloop
  endfacet
  facet normal 0 0 -1
    outer loop
      vertex -26.43779092565693 -28.07108903278572 1
      vertex -26.361487102709663 -28.37571096954839 1
      vertex -26.361487102709663 -29.62428903045161 1
    endloop
  endfacet
  facet normal 0 0 -1
    outer loop
      vertex -26.31540887464897 -29.313654849054593 1
      vertex -26.361487102709663 -28.37571096954839 1
      vertex -26.31540887464897 -28.686345150945407 1
    endloop
  endfacet
  facet normal 0 0 -1
    outer loop
      vertex -26.31540887464897 -29.313654849054593 1
      vertex -26.31540887464897 -28.686345150945407 1
      vertex -26.3 -29 1
    endloop
  endfacet
  facet normal -0.7409511253549558 -0.6715589548470221 0
    outer loop
      vertex -27.026366549239242 -26.969941490676334 1
      vertex -27.23725830020305 -26.73725830020305 0
      vertex -27.026366549239242 -26.969941490676334 0
    endloop
  endfacet
  facet normal -0.8032075314806439 -0.5956993044924348 0
    outer loop
      vertex -26.839297240631854 -27.222175254337273 1
      vertex -27.026366549239242 -26.969941490676334 0
      vertex -26.839297240631854 -27.222175254337273 0
    endloop
  endfacet
  facet normal -0.8577286100002723 -0.5141027441932213 0
    outer loop
      vertex -26.677851954085263 -27.491530442156808 1
      vertex -26.839297240631854 -27.222175254337273 0
      vertex -26.677851954085263 -27.491530442156808 0
    endloop
  endfacet
  facet normal -0.9039892931234439 -0.4275550934302809 0
    outer loop
      vertex -26.54358549596388 -27.775413016431713 1
      vertex -26.677851954085263 -27.491530442156808 0
      vertex -26.54358549596388 -27.775413016431713 0
    endloop
  endfacet
  facet normal -0.9415440651830204 -0.33688985339222133 0
    outer loop
      vertex -26.43779092565693 -28.07108903278572 1
      vertex -26.54358549596388 -27.775413016431713 0
      vertex -26.43779092565693 -28.07108903278572 0
    endloop
  endfacet
  facet normal -0.7409511253549558 -0.6715589548470221 0
    outer loop
      vertex -27.23725830020305 -26.73725830020305 1
      vertex -27.23725830020305 -26.73725830020305 0
      vertex -27.026366549239242 -26.969941490676334 1
    endloop
  endfacet
  facet normal -0.8032075314806439 -0.5956993044924348 0
    outer loop
      vertex -27.026366549239242 -26.969941490676334 1
      vertex -27.026366549239242 -26.969941490676334 0
      vertex -26.839297240631854 -27.222175254337273 1
    endloop
  endfacet
  facet normal -0.9039892931234439 -0.4275550934302809 0
    outer loop
      vertex -26.677851954085263 -27.491530442156808 1
      vertex -26.677851954085263 -27.491530442156808 0
      vertex -26.54358549596388 -27.775413016431713 1
    endloop
  endfacet
  facet normal -0.8577286100002723 -0.5141027441932213 9.812840315208272e-18
    outer loop
      vertex -26.677851954085263 -27.491530442156808 1
      vertex -26.839297240631854 -27.222175254337273 1
      vertex -26.839297240631854 -27.222175254337273 0
    endloop
  endfacet
  facet normal -0.9415440651830204 -0.33688985339222133 6.61547671855983e-18
    outer loop
      vertex -26.43779092565693 -28.07108903278572 1
      vertex -26.54358549596388 -27.775413016431713 1
      vertex -26.54358549596388 -27.775413016431713 0
    endloop
  endfacet
  facet normal 0.9700312531945441 0.2429801799032638 1.2863758580428701e-18
    outer loop
      vertex 12.873201429255245 -29.493483951332585 1
      vertex 12.832665023314508 -29.33165354742742 1
      vertex 12.832665023314508 -29.33165354742742 3
    endloop
  endfacet
  facet normal 0.9891765099647816 0.1467304744553569 -9.678646355782916e-19
    outer loop
      vertex 12.832665023314508 -29.33165354742742 1
      vertex 12.808185964657266 -29.166629138560253 1
      vertex 12.808185964657266 -29.166629138560253 3
    endloop
  endfacet
  facet normal 0.9987954562051724 0.04906767432741787 -1.0175603021745209e-19
    outer loop
      vertex 12.808185964657266 -29.166629138560253 1
      vertex 12.8 -29 1
      vertex 12.8 -29 3
    endloop
  endfacet
  facet normal 0.9987954562051724 -0.04906767432741787 1.0175603021745209e-19
    outer loop
      vertex 12.8 -29 1
      vertex 12.808185964657266 -28.833370861439747 1
      vertex 12.808185964657266 -28.833370861439747 3
    endloop
  endfacet
  facet normal 0.9891765099647816 -0.1467304744553569 9.678646355782916e-19
    outer loop
      vertex 12.808185964657266 -28.833370861439747 1
      vertex 12.832665023314508 -28.66834645257258 1
      vertex 12.832665023314508 -28.66834645257258 3
    endloop
  endfacet
  facet normal 0.9700312531945441 -0.2429801799032638 -1.2863758580428701e-18
    outer loop
      vertex 12.832665023314508 -28.66834645257258 1
      vertex 12.873201429255245 -28.506516048667415 1
      vertex 12.873201429255245 -28.506516048667415 3
    endloop
  endfacet
  facet normal 0.9415440651830207 0.3368898533922202 0
    outer loop
      vertex 12.873201429255245 -29.493483951332585 1
      vertex 12.873201429255245 -29.493483951332585 3
      vertex 12.929404794730813 -29.650561835020653 1
    endloop
  endfacet
  facet normal 0.9039892931234447 0.4275550934302793 0
    outer loop
      vertex 12.929404794730813 -29.650561835020653 1
      vertex 12.929404794730813 -29.650561835020653 3
      vertex 13.000733850607796 -29.801374452604197 1
    endloop
  endfacet
  facet normal 0.8032075314806443 0.5956993044924344 0
    outer loop
      vertex 13.086501659085673 -29.944469396133325 1
      vertex 13.086501659085673 -29.944469396133325 3
      vertex 13.185882229283347 -30.078468583078198 1
    endloop
  endfacet
  facet normal 0.8577286100002712 0.5141027441932232 0
    outer loop
      vertex 13.000733850607796 -29.801374452604197 1
      vertex 13.000733850607796 -29.801374452604197 3
      vertex 13.086501659085673 -29.944469396133325 1
    endloop
  endfacet
  facet normal 0.6715589548470182 0.7409511253549592 0
    outer loop
      vertex 13.29791847198287 -30.202081528017132 1
      vertex 13.29791847198287 -30.202081528017132 3
      vertex 13.421531416921802 -30.314117770716653 1
    endloop
  endfacet
  facet normal 0.5956993044924292 0.8032075314806479 -4.0261420298635346e-19
    outer loop
      vertex 13.555530603866677 -30.413498340914327 1
      vertex 13.421531416921802 -30.314117770716653 1
      vertex 13.421531416921802 -30.314117770716653 3
    endloop
  endfacet
  facet normal 0.7409511253549588 0.6715589548470189 0
    outer loop
      vertex 13.185882229283347 -30.078468583078198 1
      vertex 13.185882229283347 -30.078468583078198 3
      vertex 13.29791847198287 -30.202081528017132 1
    endloop
  endfacet
  facet normal 0.9415440651830207 -0.3368898533922202 1.0504980084579302e-18
    outer loop
      vertex 12.873201429255245 -28.506516048667415 1
      vertex 12.929404794730813 -28.349438164979347 1
      vertex 12.929404794730813 -28.349438164979347 3
    endloop
  endfacet
  facet normal 0.9039892931234447 -0.4275550934302793 -1.474207710125228e-18
    outer loop
      vertex 12.929404794730813 -28.349438164979347 1
      vertex 13.000733850607796 -28.198625547395803 1
      vertex 13.000733850607796 -28.198625547395803 3
    endloop
  endfacet
  facet normal 0.51410274419322 0.857728610000273 0
    outer loop
      vertex 13.555530603866677 -30.413498340914327 1
      vertex 13.555530603866677 -30.413498340914327 3
      vertex 13.698625547395803 -30.499266149392202 1
    endloop
  endfacet
  facet normal 0.4275550934302793 0.9039892931234447 0
    outer loop
      vertex 13.698625547395803 -30.499266149392202 1
      vertex 13.698625547395803 -30.499266149392202 3
      vertex 13.849438164979347 -30.570595205269186 1
    endloop
  endfacet
  facet normal 0.3368898533922202 0.9415440651830207 0
    outer loop
      vertex 13.849438164979347 -30.570595205269186 1
      vertex 13.849438164979347 -30.570595205269186 3
      vertex 14.006516048667415 -30.626798570744754 1
    endloop
  endfacet
  facet normal 0.24298017990327378 0.9700312531945415 0
    outer loop
      vertex 14.006516048667415 -30.626798570744754 1
      vertex 14.006516048667415 -30.626798570744754 3
      vertex 14.168346452572582 -30.667334976685492 1
    endloop
  endfacet
  facet normal 0.1467304744553569 0.9891765099647816 0
    outer loop
      vertex 14.168346452572582 -30.667334976685492 1
      vertex 14.168346452572582 -30.667334976685492 3
      vertex 14.333370861439747 -30.691814035342734 1
    endloop
  endfacet
  facet normal 0.04906767432741787 0.9987954562051724 0
    outer loop
      vertex 14.333370861439747 -30.691814035342734 1
      vertex 14.333370861439747 -30.691814035342734 3
      vertex 14.5 -30.7 1
    endloop
  endfacet
  facet normal -0.04906767432741787 0.9987954562051724 0
    outer loop
      vertex 14.5 -30.7 1
      vertex 14.5 -30.7 3
      vertex 14.666629138560253 -30.691814035342734 1
    endloop
  endfacet
  facet normal 0.8577286100002712 -0.5141027441932232 6.586711081735616e-19
    outer loop
      vertex 13.000733850607796 -28.198625547395803 1
      vertex 13.086501659085673 -28.055530603866675 1
      vertex 13.086501659085673 -28.055530603866675 3
    endloop
  endfacet
  facet normal 0.8032075314806443 -0.5956993044924344 1.6207366918292273e-18
    outer loop
      vertex 13.086501659085673 -28.055530603866675 1
      vertex 13.185882229283347 -27.921531416921802 1
      vertex 13.185882229283347 -27.921531416921802 3
    endloop
  endfacet
  facet normal 0.7409511253549588 -0.6715589548470189 -3.9181210293969695e-19
    outer loop
      vertex 13.185882229283347 -27.921531416921802 1
      vertex 13.29791847198287 -27.797918471982868 1
      vertex 13.29791847198287 -27.797918471982868 3
    endloop
  endfacet
  facet normal 0.6715589548470182 -0.7409511253549592 -1.976323750907194e-18
    outer loop
      vertex 13.29791847198287 -27.797918471982868 1
      vertex 13.421531416921802 -27.685882229283347 1
      vertex 13.421531416921802 -27.685882229283347 3
    endloop
  endfacet
  facet normal 0.5956993044924292 -0.8032075314806479 4.0261420298635346e-19
    outer loop
      vertex 13.421531416921802 -27.685882229283347 1
      vertex 13.555530603866677 -27.586501659085673 1
      vertex 13.555530603866677 -27.586501659085673 3
    endloop
  endfacet
  facet normal 0.51410274419322 -0.857728610000273 -1.1893810717514644e-18
    outer loop
      vertex 13.555530603866677 -27.586501659085673 1
      vertex 13.698625547395803 -27.500733850607798 1
      vertex 13.698625547395803 -27.500733850607798 3
    endloop
  endfacet
  facet normal 0.4275550934302793 -0.9039892931234447 -1.474207710125228e-18
    outer loop
      vertex 13.698625547395803 -27.500733850607798 1
      vertex 13.849438164979347 -27.429404794730814 1
      vertex 13.849438164979347 -27.429404794730814 3
    endloop
  endfacet
  facet normal 0.3368898533922202 -0.9415440651830207 1.0504980084579302e-18
    outer loop
      vertex 13.849438164979347 -27.429404794730814 1
      vertex 14.006516048667415 -27.373201429255246 1
      vertex 14.006516048667415 -27.373201429255246 3
    endloop
  endfacet
  facet normal 0.24298017990327378 -0.9700312531945415 -1.7203995005301128e-19
    outer loop
      vertex 14.006516048667415 -27.373201429255246 1
      vertex 14.168346452572582 -27.332665023314508 1
      vertex 14.168346452572582 -27.332665023314508 3
    endloop
  endfacet
  facet normal 0.1467304744553569 -0.9891765099647816 9.678646355782916e-19
    outer loop
      vertex 14.168346452572582 -27.332665023314508 1
      vertex 14.333370861439747 -27.308185964657266 1
      vertex 14.333370861439747 -27.308185964657266 3
    endloop
  endfacet
  facet normal 0.04906767432741787 -0.9987954562051724 1.0175603021745209e-19
    outer loop
      vertex 14.333370861439747 -27.308185964657266 1
      vertex 14.5 -27.3 1
      vertex 14.5 -27.3 3
    endloop
  endfacet
  facet normal -0.04906767432741787 -0.9987954562051724 -1.0175603021745209e-19
    outer loop
      vertex 14.5 -27.3 1
      vertex 14.666629138560253 -27.308185964657266 1
      vertex 14.666629138560253 -27.308185964657266 3
    endloop
  endfacet
  facet normal -0.1467304744553569 0.9891765099647816 0
    outer loop
      vertex 14.666629138560253 -30.691814035342734 1
      vertex 14.666629138560253 -30.691814035342734 3
      vertex 14.831653547427418 -30.667334976685492 1
    endloop
  endfacet
  facet normal -0.24298017990327378 0.9700312531945415 0
    outer loop
      vertex 14.831653547427418 -30.667334976685492 1
      vertex 14.831653547427418 -30.667334976685492 3
      vertex 14.993483951332585 -30.626798570744754 1
    endloop
  endfacet
  facet normal -0.3368898533922202 0.9415440651830207 0
    outer loop
      vertex 14.993483951332585 -30.626798570744754 1
      vertex 14.993483951332585 -30.626798570744754 3
      vertex 15.150561835020653 -30.570595205269186 1
    endloop
  endfacet
  facet normal -0.4275550934302793 0.9039892931234447 0
    outer loop
      vertex 15.150561835020653 -30.570595205269186 1
      vertex 15.150561835020653 -30.570595205269186 3
      vertex 15.301374452604197 -30.499266149392202 1
    endloop
  endfacet
  facet normal -0.51410274419322 0.857728610000273 0
    outer loop
      vertex 15.301374452604197 -30.499266149392202 1
      vertex 15.301374452604197 -30.499266149392202 3
      vertex 15.444469396133323 -30.413498340914327 1
    endloop
  endfacet
  facet normal -0.5956993044924292 0.8032075314806479 0
    outer loop
      vertex 15.444469396133323 -30.413498340914327 1
      vertex 15.444469396133323 -30.413498340914327 3
      vertex 15.578468583078198 -30.314117770716653 1
    endloop
  endfacet
  facet normal -0.6715589548470182 0.7409511253549592 0
    outer loop
      vertex 15.578468583078198 -30.314117770716653 1
      vertex 15.578468583078198 -30.314117770716653 3
      vertex 15.70208152801713 -30.202081528017132 1
    endloop
  endfacet
  facet normal -0.7409511253549588 0.6715589548470189 0
    outer loop
      vertex 15.70208152801713 -30.202081528017132 1
      vertex 15.70208152801713 -30.202081528017132 3
      vertex 15.814117770716653 -30.078468583078198 1
    endloop
  endfacet
  facet normal -0.8032075314806443 0.5956993044924344 0
    outer loop
      vertex 15.814117770716653 -30.078468583078198 1
      vertex 15.814117770716653 -30.078468583078198 3
      vertex 15.913498340914327 -29.944469396133325 1
    endloop
  endfacet
  facet normal -0.8577286100002712 0.5141027441932232 0
    outer loop
      vertex 15.913498340914327 -29.944469396133325 1
      vertex 15.913498340914327 -29.944469396133325 3
      vertex 15.999266149392204 -29.801374452604197 1
    endloop
  endfacet
  facet normal -0.9039892931234487 0.4275550934302706 0
    outer loop
      vertex 15.999266149392204 -29.801374452604197 1
      vertex 15.999266149392204 -29.801374452604197 3
      vertex 16.070595205269186 -29.650561835020653 1
    endloop
  endfacet
  facet normal -0.9415440651830207 0.3368898533922202 0
    outer loop
      vertex 16.070595205269186 -29.650561835020653 1
      vertex 16.070595205269186 -29.650561835020653 3
      vertex 16.126798570744754 -29.493483951332585 1
    endloop
  endfacet
  facet normal -0.9700312531945415 0.24298017990327378 0
    outer loop
      vertex 16.126798570744754 -29.493483951332585 1
      vertex 16.126798570744754 -29.493483951332585 3
      vertex 16.167334976685492 -29.33165354742742 1
    endloop
  endfacet
  facet normal -0.9891765099647816 0.1467304744553569 0
    outer loop
      vertex 16.167334976685492 -29.33165354742742 1
      vertex 16.167334976685492 -29.33165354742742 3
      vertex 16.191814035342734 -29.166629138560253 1
    endloop
  endfacet
  facet normal -0.9987954562051724 0.04906767432741787 0
    outer loop
      vertex 16.191814035342734 -29.166629138560253 1
      vertex 16.191814035342734 -29.166629138560253 3
      vertex 16.2 -29 1
    endloop
  endfacet
  facet normal -0.9987954562051724 -0.04906767432741787 0
    outer loop
      vertex 16.2 -29 1
      vertex 16.2 -29 3
      vertex 16.191814035342734 -28.833370861439747 1
    endloop
  endfacet
  facet normal -0.8577286100002712 -0.5141027441932232 -6.586711081735616e-19
    outer loop
      vertex 15.913498340914327 -28.055530603866675 1
      vertex 15.999266149392204 -28.198625547395803 1
      vertex 15.999266149392204 -28.198625547395803 3
    endloop
  endfacet
  facet normal -0.9039892931234487 -0.4275550934302706 -1.4782394413499552e-18
    outer loop
      vertex 15.999266149392204 -28.198625547395803 1
      vertex 16.070595205269186 -28.349438164979347 1
      vertex 16.070595205269186 -28.349438164979347 3
    endloop
  endfacet
  facet normal -0.9891765099647816 -0.1467304744553569 -9.678646355782916e-19
    outer loop
      vertex 16.167334976685492 -28.66834645257258 1
      vertex 16.191814035342734 -28.833370861439747 1
      vertex 16.191814035342734 -28.833370861439747 3
    endloop
  endfacet
  facet normal -0.9700312531945415 -0.24298017990327378 0
    outer loop
      vertex 16.167334976685492 -28.66834645257258 1
      vertex 16.167334976685492 -28.66834645257258 3
      vertex 16.126798570744754 -28.506516048667415 1
    endloop
  endfacet
  facet normal -0.9415440651830207 -0.3368898533922202 -1.0504980084579302e-18
    outer loop
      vertex 16.070595205269186 -28.349438164979347 1
      vertex 16.126798570744754 -28.506516048667415 1
      vertex 16.126798570744754 -28.506516048667415 3
    endloop
  endfacet
  facet normal -0.1467304744553569 -0.9891765099647816 -9.678646355782916e-19
    outer loop
      vertex 14.666629138560253 -27.308185964657266 1
      vertex 14.831653547427418 -27.332665023314508 1
      vertex 14.831653547427418 -27.332665023314508 3
    endloop
  endfacet
  facet normal -0.24298017990327378 -0.9700312531945415 1.7203995005301128e-19
    outer loop
      vertex 14.831653547427418 -27.332665023314508 1
      vertex 14.993483951332585 -27.373201429255246 1
      vertex 14.993483951332585 -27.373201429255246 3
    endloop
  endfacet
  facet normal -0.4275550934302793 -0.9039892931234447 1.474207710125228e-18
    outer loop
      vertex 15.150561835020653 -27.429404794730814 1
      vertex 15.301374452604197 -27.500733850607798 1
      vertex 15.301374452604197 -27.500733850607798 3
    endloop
  endfacet
  facet normal -0.3368898533922202 -0.9415440651830207 0
    outer loop
      vertex 15.150561835020653 -27.429404794730814 1
      vertex 15.150561835020653 -27.429404794730814 3
      vertex 14.993483951332585 -27.373201429255246 1
    endloop
  endfacet
  facet normal -0.51410274419322 -0.857728610000273 1.1893810717514644e-18
    outer loop
      vertex 15.301374452604197 -27.500733850607798 1
      vertex 15.444469396133323 -27.586501659085673 1
      vertex 15.444469396133323 -27.586501659085673 3
    endloop
  endfacet
  facet normal -0.5956993044924292 -0.8032075314806479 -4.0261420298635346e-19
    outer loop
      vertex 15.444469396133323 -27.586501659085673 1
      vertex 15.578468583078198 -27.685882229283347 1
      vertex 15.578468583078198 -27.685882229283347 3
    endloop
  endfacet
  facet normal -0.7409511253549588 -0.6715589548470189 3.9181210293969695e-19
    outer loop
      vertex 15.70208152801713 -27.797918471982868 1
      vertex 15.814117770716653 -27.921531416921802 1
      vertex 15.814117770716653 -27.921531416921802 3
    endloop
  endfacet
  facet normal -0.6715589548470182 -0.7409511253549592 1.976323750907194e-18
    outer loop
      vertex 15.578468583078198 -27.685882229283347 1
      vertex 15.70208152801713 -27.797918471982868 1
      vertex 15.70208152801713 -27.797918471982868 3
    endloop
  endfacet
  facet normal -0.8032075314806443 -0.5956993044924344 0
    outer loop
      vertex 15.913498340914327 -28.055530603866675 1
      vertex 15.913498340914327 -28.055530603866675 3
      vertex 15.814117770716653 -27.921531416921802 1
    endloop
  endfacet
  facet normal 0.9700312531945441 0.2429801799032638 0
    outer loop
      vertex 12.873201429255245 -29.493483951332585 1
      vertex 12.832665023314508 -29.33165354742742 3
      vertex 12.873201429255245 -29.493483951332585 3
    endloop
  endfacet
  facet normal 0.9891765099647816 0.1467304744553569 0
    outer loop
      vertex 12.832665023314508 -29.33165354742742 1
      vertex 12.808185964657266 -29.166629138560253 3
      vertex 12.832665023314508 -29.33165354742742 3
    endloop
  endfacet
  facet normal 0.9987954562051724 0.04906767432741787 0
    outer loop
      vertex 12.808185964657266 -29.166629138560253 1
      vertex 12.8 -29 3
      vertex 12.808185964657266 -29.166629138560253 3
    endloop
  endfacet
  facet normal 0.9987954562051724 -0.04906767432741787 0
    outer loop
      vertex 12.8 -29 1
      vertex 12.808185964657266 -28.833370861439747 3
      vertex 12.8 -29 3
    endloop
  endfacet
  facet normal 0.9891765099647816 -0.1467304744553569 0
    outer loop
      vertex 12.808185964657266 -28.833370861439747 1
      vertex 12.832665023314508 -28.66834645257258 3
      vertex 12.808185964657266 -28.833370861439747 3
    endloop
  endfacet
  facet normal 0.9700312531945441 -0.2429801799032638 0
    outer loop
      vertex 12.832665023314508 -28.66834645257258 1
      vertex 12.873201429255245 -28.506516048667415 3
      vertex 12.832665023314508 -28.66834645257258 3
    endloop
  endfacet
  facet normal 0.9415440651830207 0.3368898533922202 0
    outer loop
      vertex 12.929404794730813 -29.650561835020653 1
      vertex 12.873201429255245 -29.493483951332585 3
      vertex 12.929404794730813 -29.650561835020653 3
    endloop
  endfacet
  facet normal 0.9039892931234447 0.4275550934302793 0
    outer loop
      vertex 13.000733850607796 -29.801374452604197 1
      vertex 12.929404794730813 -29.650561835020653 3
      vertex 13.000733850607796 -29.801374452604197 3
    endloop
  endfacet
  facet normal 0.8577286100002712 0.5141027441932232 0
    outer loop
      vertex 13.086501659085673 -29.944469396133325 1
      vertex 13.000733850607796 -29.801374452604197 3
      vertex 13.086501659085673 -29.944469396133325 3
    endloop
  endfacet
  facet normal 0.8032075314806443 0.5956993044924344 0
    outer loop
      vertex 13.185882229283347 -30.078468583078198 1
      vertex 13.086501659085673 -29.944469396133325 3
      vertex 13.185882229283347 -30.078468583078198 3
    endloop
  endfacet
  facet normal 0.6715589548470182 0.7409511253549592 0
    outer loop
      vertex 13.421531416921802 -30.314117770716653 1
      vertex 13.29791847198287 -30.202081528017132 3
      vertex 13.421531416921802 -30.314117770716653 3
    endloop
  endfacet
  facet normal 0.7409511253549588 0.6715589548470189 0
    outer loop
      vertex 13.29791847198287 -30.202081528017132 1
      vertex 13.185882229283347 -30.078468583078198 3
      vertex 13.29791847198287 -30.202081528017132 3
    endloop
  endfacet
  facet normal 0.9415440651830207 -0.3368898533922202 0
    outer loop
      vertex 12.873201429255245 -28.506516048667415 1
      vertex 12.929404794730813 -28.349438164979347 3
      vertex 12.873201429255245 -28.506516048667415 3
    endloop
  endfacet
  facet normal 0.9039892931234447 -0.4275550934302793 0
    outer loop
      vertex 12.929404794730813 -28.349438164979347 1
      vertex 13.000733850607796 -28.198625547395803 3
      vertex 12.929404794730813 -28.349438164979347 3
    endloop
  endfacet
  facet normal 0.8577286100002712 -0.5141027441932232 0
    outer loop
      vertex 13.000733850607796 -28.198625547395803 1
      vertex 13.086501659085673 -28.055530603866675 3
      vertex 13.000733850607796 -28.198625547395803 3
    endloop
  endfacet
  facet normal 0.5956993044924292 0.8032075314806479 0
    outer loop
      vertex 13.555530603866677 -30.413498340914327 1
      vertex 13.421531416921802 -30.314117770716653 3
      vertex 13.555530603866677 -30.413498340914327 3
    endloop
  endfacet
  facet normal 0.51410274419322 0.857728610000273 0
    outer loop
      vertex 13.698625547395803 -30.499266149392202 1
      vertex 13.555530603866677 -30.413498340914327 3
      vertex 13.698625547395803 -30.499266149392202 3
    endloop
  endfacet
  facet normal 0.4275550934302793 0.9039892931234447 0
    outer loop
      vertex 13.849438164979347 -30.570595205269186 1
      vertex 13.698625547395803 -30.499266149392202 3
      vertex 13.849438164979347 -30.570595205269186 3
    endloop
  endfacet
  facet normal 0.3368898533922202 0.9415440651830207 0
    outer loop
      vertex 14.006516048667415 -30.626798570744754 1
      vertex 13.849438164979347 -30.570595205269186 3
      vertex 14.006516048667415 -30.626798570744754 3
    endloop
  endfacet
  facet normal 0.24298017990327378 0.9700312531945415 0
    outer loop
      vertex 14.168346452572582 -30.667334976685492 1
      vertex 14.006516048667415 -30.626798570744754 3
      vertex 14.168346452572582 -30.667334976685492 3
    endloop
  endfacet
  facet normal 0.1467304744553569 0.9891765099647816 0
    outer loop
      vertex 14.333370861439747 -30.691814035342734 1
      vertex 14.168346452572582 -30.667334976685492 3
      vertex 14.333370861439747 -30.691814035342734 3
    endloop
  endfacet
  facet normal 0.04906767432741787 0.9987954562051724 0
    outer loop
      vertex 14.5 -30.7 1
      vertex 14.333370861439747 -30.691814035342734 3
      vertex 14.5 -30.7 3
    endloop
  endfacet
  facet normal -0.04906767432741787 0.9987954562051724 0
    outer loop
      vertex 14.666629138560253 -30.691814035342734 1
      vertex 14.5 -30.7 3
      vertex 14.666629138560253 -30.691814035342734 3
    endloop
  endfacet
  facet normal 0.8032075314806443 -0.5956993044924344 0
    outer loop
      vertex 13.086501659085673 -28.055530603866675 1
      vertex 13.185882229283347 -27.921531416921802 3
      vertex 13.086501659085673 -28.055530603866675 3
    endloop
  endfacet
  facet normal 0.7409511253549588 -0.6715589548470189 0
    outer loop
      vertex 13.185882229283347 -27.921531416921802 1
      vertex 13.29791847198287 -27.797918471982868 3
      vertex 13.185882229283347 -27.921531416921802 3
    endloop
  endfacet
  facet normal 0.6715589548470182 -0.7409511253549592 0
    outer loop
      vertex 13.29791847198287 -27.797918471982868 1
      vertex 13.421531416921802 -27.685882229283347 3
      vertex 13.29791847198287 -27.797918471982868 3
    endloop
  endfacet
  facet normal 0.5956993044924292 -0.8032075314806479 0
    outer loop
      vertex 13.421531416921802 -27.685882229283347 1
      vertex 13.555530603866677 -27.586501659085673 3
      vertex 13.421531416921802 -27.685882229283347 3
    endloop
  endfacet
  facet normal 0.51410274419322 -0.857728610000273 0
    outer loop
      vertex 13.555530603866677 -27.586501659085673 1
      vertex 13.698625547395803 -27.500733850607798 3
      vertex 13.555530603866677 -27.586501659085673 3
    endloop
  endfacet
  facet normal 0.4275550934302793 -0.9039892931234447 0
    outer loop
      vertex 13.698625547395803 -27.500733850607798 1
      vertex 13.849438164979347 -27.429404794730814 3
      vertex 13.698625547395803 -27.500733850607798 3
    endloop
  endfacet
  facet normal 0.3368898533922202 -0.9415440651830207 0
    outer loop
      vertex 13.849438164979347 -27.429404794730814 1
      vertex 14.006516048667415 -27.373201429255246 3
      vertex 13.849438164979347 -27.429404794730814 3
    endloop
  endfacet
  facet normal 0.24298017990327378 -0.9700312531945415 0
    outer loop
      vertex 14.006516048667415 -27.373201429255246 1
      vertex 14.168346452572582 -27.332665023314508 3
      vertex 14.006516048667415 -27.373201429255246 3
    endloop
  endfacet
  facet normal 0.1467304744553569 -0.9891765099647816 0
    outer loop
      vertex 14.168346452572582 -27.332665023314508 1
      vertex 14.333370861439747 -27.308185964657266 3
      vertex 14.168346452572582 -27.332665023314508 3
    endloop
  endfacet
  facet normal 0.04906767432741787 -0.9987954562051724 0
    outer loop
      vertex 14.333370861439747 -27.308185964657266 1
      vertex 14.5 -27.3 3
      vertex 14.333370861439747 -27.308185964657266 3
    endloop
  endfacet
  facet normal -0.04906767432741787 -0.9987954562051724 0
    outer loop
      vertex 14.5 -27.3 1
      vertex 14.666629138560253 -27.308185964657266 3
      vertex 14.5 -27.3 3
    endloop
  endfacet
  facet normal -0.1467304744553569 0.9891765099647816 0
    outer loop
      vertex 14.831653547427418 -30.667334976685492 1
      vertex 14.666629138560253 -30.691814035342734 3
      vertex 14.831653547427418 -30.667334976685492 3
    endloop
  endfacet
  facet normal -0.24298017990327378 0.9700312531945415 0
    outer loop
      vertex 14.993483951332585 -30.626798570744754 1
      vertex 14.831653547427418 -30.667334976685492 3
      vertex 14.993483951332585 -30.626798570744754 3
    endloop
  endfacet
  facet normal -0.3368898533922202 0.9415440651830207 0
    outer loop
      vertex 15.150561835020653 -30.570595205269186 1
      vertex 14.993483951332585 -30.626798570744754 3
      vertex 15.150561835020653 -30.570595205269186 3
    endloop
  endfacet
  facet normal -0.4275550934302793 0.9039892931234447 0
    outer loop
      vertex 15.301374452604197 -30.499266149392202 1
      vertex 15.150561835020653 -30.570595205269186 3
      vertex 15.301374452604197 -30.499266149392202 3
    endloop
  endfacet
  facet normal -0.51410274419322 0.857728610000273 0
    outer loop
      vertex 15.444469396133323 -30.413498340914327 1
      vertex 15.301374452604197 -30.499266149392202 3
      vertex 15.444469396133323 -30.413498340914327 3
    endloop
  endfacet
  facet normal -0.5956993044924292 0.8032075314806479 0
    outer loop
      vertex 15.578468583078198 -30.314117770716653 1
      vertex 15.444469396133323 -30.413498340914327 3
      vertex 15.578468583078198 -30.314117770716653 3
    endloop
  endfacet
  facet normal -0.6715589548470182 0.7409511253549592 0
    outer loop
      vertex 15.70208152801713 -30.202081528017132 1
      vertex 15.578468583078198 -30.314117770716653 3
      vertex 15.70208152801713 -30.202081528017132 3
    endloop
  endfacet
  facet normal -0.7409511253549588 0.6715589548470189 0
    outer loop
      vertex 15.814117770716653 -30.078468583078198 1
      vertex 15.70208152801713 -30.202081528017132 3
      vertex 15.814117770716653 -30.078468583078198 3
    endloop
  endfacet
  facet normal -0.8032075314806443 0.5956993044924344 0
    outer loop
      vertex 15.913498340914327 -29.944469396133325 1
      vertex 15.814117770716653 -30.078468583078198 3
      vertex 15.913498340914327 -29.944469396133325 3
    endloop
  endfacet
  facet normal -0.8577286100002712 0.5141027441932232 0
    outer loop
      vertex 15.999266149392204 -29.801374452604197 1
      vertex 15.913498340914327 -29.944469396133325 3
      vertex 15.999266149392204 -29.801374452604197 3
    endloop
  endfacet
  facet normal -0.9039892931234487 0.4275550934302706 0
    outer loop
      vertex 16.070595205269186 -29.650561835020653 1
      vertex 15.999266149392204 -29.801374452604197 3
      vertex 16.070595205269186 -29.650561835020653 3
    endloop
  endfacet
  facet normal -0.9415440651830207 0.3368898533922202 0
    outer loop
      vertex 16.126798570744754 -29.493483951332585 1
      vertex 16.070595205269186 -29.650561835020653 3
      vertex 16.126798570744754 -29.493483951332585 3
    endloop
  endfacet
  facet normal -0.9700312531945415 0.24298017990327378 0
    outer loop
      vertex 16.167334976685492 -29.33165354742742 1
      vertex 16.126798570744754 -29.493483951332585 3
      vertex 16.167334976685492 -29.33165354742742 3
    endloop
  endfacet
  facet normal -0.9891765099647816 0.1467304744553569 0
    outer loop
      vertex 16.191814035342734 -29.166629138560253 1
      vertex 16.167334976685492 -29.33165354742742 3
      vertex 16.191814035342734 -29.166629138560253 3
    endloop
  endfacet
  facet normal -0.9987954562051724 0.04906767432741787 0
    outer loop
      vertex 16.2 -29 1
      vertex 16.191814035342734 -29.166629138560253 3
      vertex 16.2 -29 3
    endloop
  endfacet
  facet normal -0.9987954562051724 -0.04906767432741787 0
    outer loop
      vertex 16.191814035342734 -28.833370861439747 1
      vertex 16.2 -29 3
      vertex 16.191814035342734 -28.833370861439747 3
    endloop
  endfacet
  facet normal -0.9039892931234487 -0.4275550934302706 0
    outer loop
      vertex 15.999266149392204 -28.198625547395803 1
      vertex 16.070595205269186 -28.349438164979347 3
      vertex 15.999266149392204 -28.198625547395803 3
    endloop
  endfacet
  facet normal -0.9415440651830207 -0.3368898533922202 0
    outer loop
      vertex 16.070595205269186 -28.349438164979347 1
      vertex 16.126798570744754 -28.506516048667415 3
      vertex 16.070595205269186 -28.349438164979347 3
    endloop
  endfacet
  facet normal -0.9891765099647816 -0.1467304744553569 0
    outer loop
      vertex 16.167334976685492 -28.66834645257258 1
      vertex 16.191814035342734 -28.833370861439747 3
      vertex 16.167334976685492 -28.66834645257258 3
    endloop
  endfacet
  facet normal -0.9700312531945415 -0.24298017990327378 0
    outer loop
      vertex 16.126798570744754 -28.506516048667415 1
      vertex 16.167334976685492 -28.66834645257258 3
      vertex 16.126798570744754 -28.506516048667415 3
    endloop
  endfacet
  facet normal -0.1467304744553569 -0.9891765099647816 0
    outer loop
      vertex 14.666629138560253 -27.308185964657266 1
      vertex 14.831653547427418 -27.332665023314508 3
      vertex 14.666629138560253 -27.308185964657266 3
    endloop
  endfacet
  facet normal -0.24298017990327378 -0.9700312531945415 0
    outer loop
      vertex 14.831653547427418 -27.332665023314508 1
      vertex 14.993483951332585 -27.373201429255246 3
      vertex 14.831653547427418 -27.332665023314508 3
    endloop
  endfacet
  facet normal -0.4275550934302793 -0.9039892931234447 0
    outer loop
      vertex 15.150561835020653 -27.429404794730814 1
      vertex 15.301374452604197 -27.500733850607798 3
      vertex 15.150561835020653 -27.429404794730814 3
    endloop
  endfacet
  facet normal -0.3368898533922202 -0.9415440651830207 0
    outer loop
      vertex 14.993483951332585 -27.373201429255246 1
      vertex 15.150561835020653 -27.429404794730814 3
      vertex 14.993483951332585 -27.373201429255246 3
    endloop
  endfacet
  facet normal -0.51410274419322 -0.857728610000273 0
    outer loop
      vertex 15.301374452604197 -27.500733850607798 1
      vertex 15.444469396133323 -27.586501659085673 3
      vertex 15.301374452604197 -27.500733850607798 3
    endloop
  endfacet
  facet normal -0.5956993044924292 -0.8032075314806479 0
    outer loop
      vertex 15.444469396133323 -27.586501659085673 1
      vertex 15.578468583078198 -27.685882229283347 3
      vertex 15.444469396133323 -27.586501659085673 3
    endloop
  endfacet
  facet normal -0.6715589548470182 -0.7409511253549592 0
    outer loop
      vertex 15.578468583078198 -27.685882229283347 1
      vertex 15.70208152801713 -27.797918471982868 3
      vertex 15.578468583078198 -27.685882229283347 3
    endloop
  endfacet
  facet normal -0.7409511253549588 -0.6715589548470189 0
    outer loop
      vertex 15.70208152801713 -27.797918471982868 1
      vertex 15.814117770716653 -27.921531416921802 3
      vertex 15.70208152801713 -27.797918471982868 3
    endloop
  endfacet
  facet normal -0.8032075314806443 -0.5956993044924344 0
    outer loop
      vertex 15.814117770716653 -27.921531416921802 1
      vertex 15.913498340914327 -28.055530603866675 3
      vertex 15.814117770716653 -27.921531416921802 3
    endloop
  endfacet
  facet normal -0.8577286100002712 -0.5141027441932232 0
    outer loop
      vertex 15.913498340914327 -28.055530603866675 1
      vertex 15.999266149392204 -28.198625547395803 3
      vertex 15.913498340914327 -28.055530603866675 3
    endloop
  endfacet
  facet normal 0.7409511253549586 0.671558954847019 0
    outer loop
      vertex 12.026366549239242 -31.030058509323666 1
      vertex 12.237258300203047 -31.26274169979695 0
      vertex 12.026366549239242 -31.030058509323666 0
    endloop
  endfacet
  facet normal 0.8032075314806439 0.5956993044924348 0
    outer loop
      vertex 12.026366549239242 -31.030058509323666 1
      vertex 12.026366549239242 -31.030058509323666 0
      vertex 11.839297240631854 -30.777824745662727 1
    endloop
  endfacet
  facet normal 0.7409511253549586 0.671558954847019 -9.479123914125856e-18
    outer loop
      vertex 12.026366549239242 -31.030058509323666 1
      vertex 12.237258300203047 -31.26274169979695 1
      vertex 12.237258300203047 -31.26274169979695 0
    endloop
  endfacet
  facet normal 0.9039892931234439 0.4275550934302809 0
    outer loop
      vertex 11.543585495963882 -30.224586983568287 1
      vertex 11.677851954085263 -30.508469557843192 0
      vertex 11.543585495963882 -30.224586983568287 0
    endloop
  endfacet
  facet normal 0.9415440651830221 0.33688985339221633 0
    outer loop
      vertex 11.437790925656932 -29.92891096721428 1
      vertex 11.543585495963882 -30.224586983568287 0
      vertex 11.437790925656932 -29.92891096721428 0
    endloop
  endfacet
  facet normal 0.9700312531945441 0.2429801799032636 0
    outer loop
      vertex 11.361487102709663 -29.62428903045161 1
      vertex 11.437790925656932 -29.92891096721428 0
      vertex 11.361487102709663 -29.62428903045161 0
    endloop
  endfacet
  facet normal 0.9987954562051725 0.04906767432741541 0
    outer loop
      vertex 11.3 -29 1
      vertex 11.31540887464897 -29.313654849054593 0
      vertex 11.3 -29 0
    endloop
  endfacet
  facet normal 0.9987954562051725 -0.04906767432741541 0
    outer loop
      vertex 11.31540887464897 -28.686345150945407 1
      vertex 11.3 -29 0
      vertex 11.31540887464897 -28.686345150945407 0
    endloop
  endfacet
  facet normal 0.9891765099647806 0.14673047445536444 0
    outer loop
      vertex 11.31540887464897 -29.313654849054593 1
      vertex 11.361487102709663 -29.62428903045161 0
      vertex 11.31540887464897 -29.313654849054593 0
    endloop
  endfacet
  facet normal 0.9891765099647806 -0.14673047445536444 0
    outer loop
      vertex 11.361487102709663 -28.37571096954839 1
      vertex 11.31540887464897 -28.686345150945407 0
      vertex 11.361487102709663 -28.37571096954839 0
    endloop
  endfacet
  facet normal 0.9700312531945441 -0.2429801799032636 0
    outer loop
      vertex 11.437790925656932 -28.07108903278572 1
      vertex 11.361487102709663 -28.37571096954839 0
      vertex 11.437790925656932 -28.07108903278572 0
    endloop
  endfacet
  facet normal 0.8577286100002723 0.5141027441932213 0
    outer loop
      vertex 11.677851954085263 -30.508469557843192 1
      vertex 11.839297240631854 -30.777824745662727 0
      vertex 11.677851954085263 -30.508469557843192 0
    endloop
  endfacet
  facet normal 0.8032075314806439 0.5956993044924348 0
    outer loop
      vertex 11.839297240631854 -30.777824745662727 1
      vertex 12.026366549239242 -31.030058509323666 0
      vertex 11.839297240631854 -30.777824745662727 0
    endloop
  endfacet
  facet normal 0.9700312531945441 0.2429801799032636 -3.3885353872099163e-18
    outer loop
      vertex 11.361487102709663 -29.62428903045161 1
      vertex 11.437790925656932 -29.92891096721428 1
      vertex 11.437790925656932 -29.92891096721428 0
    endloop
  endfacet
  facet normal 0.9415440651830221 0.33688985339221633 -1.6668316661583862e-19
    outer loop
      vertex 11.437790925656932 -29.92891096721428 1
      vertex 11.543585495963882 -30.224586983568287 1
      vertex 11.543585495963882 -30.224586983568287 0
    endloop
  endfacet
  facet normal 0.9987954562051725 0.04906767432741541 0
    outer loop
      vertex 11.31540887464897 -29.313654849054593 1
      vertex 11.31540887464897 -29.313654849054593 0
      vertex 11.3 -29 1
    endloop
  endfacet
  facet normal 0.9987954562051725 -0.04906767432741541 0
    outer loop
      vertex 11.3 -29 1
      vertex 11.3 -29 0
      vertex 11.31540887464897 -28.686345150945407 1
    endloop
  endfacet
  facet normal 0.9891765099647806 0.14673047445536444 0
    outer loop
      vertex 11.361487102709663 -29.62428903045161 1
      vertex 11.361487102709663 -29.62428903045161 0
      vertex 11.31540887464897 -29.313654849054593 1
    endloop
  endfacet
  facet normal 0.9891765099647806 -0.14673047445536444 0
    outer loop
      vertex 11.31540887464897 -28.686345150945407 1
      vertex 11.31540887464897 -28.686345150945407 0
      vertex 11.361487102709663 -28.37571096954839 1
    endloop
  endfacet
  facet normal 0.9700312531945441 -0.2429801799032636 0
    outer loop
      vertex 11.361487102709663 -28.37571096954839 1
      vertex 11.361487102709663 -28.37571096954839 0
      vertex 11.437790925656932 -28.07108903278572 1
    endloop
  endfacet
  facet normal 0.8577286100002723 0.5141027441932213 9.812840315208272e-18
    outer loop
      vertex 11.677851954085263 -30.508469557843192 1
      vertex 11.839297240631854 -30.777824745662727 1
      vertex 11.839297240631854 -30.777824745662727 0
    endloop
  endfacet
  facet normal 0.9039892931234439 0.4275550934302809 5.739774279327228e-18
    outer loop
      vertex 11.543585495963882 -30.224586983568287 1
      vertex 11.677851954085263 -30.508469557843192 1
      vertex 11.677851954085263 -30.508469557843192 0
    endloop
  endfacet
  facet normal 0 0 -1
    outer loop
      vertex 11.31540887464897 -29.313654849054593 1
      vertex 11.3 -29 1
      vertex 11.31540887464897 -28.686345150945407 1
    endloop
  endfacet
  facet normal 0 0 -1
    outer loop
      vertex 11.361487102709663 -29.62428903045161 1
      vertex 11.31540887464897 -29.313654849054593 1
      vertex 11.31540887464897 -28.686345150945407 1
    endloop
  endfacet
  facet normal 0 0 -1
    outer loop
      vertex 11.361487102709663 -29.62428903045161 1
      vertex 11.361487102709663 -28.37571096954839 1
      vertex 11.437790925656932 -29.92891096721428 1
    endloop
  endfacet
  facet normal 0 0 -1
    outer loop
      vertex 11.437790925656932 -29.92891096721428 1
      vertex 11.437790925656932 -28.07108903278572 1
      vertex 11.543585495963882 -30.224586983568287 1
    endloop
  endfacet
  facet normal 0 0 -1
    outer loop
      vertex 11.361487102709663 -29.62428903045161 1
      vertex 11.31540887464897 -28.686345150945407 1
      vertex 11.361487102709663 -28.37571096954839 1
    endloop
  endfacet
  facet normal 0 0 -1
    outer loop
      vertex 11.543585495963882 -30.224586983568287 1
      vertex 11.543585495963882 -27.775413016431713 1
      vertex 11.677851954085263 -30.508469557843192 1
    endloop
  endfacet
  facet normal 0 0 -1
    outer loop
      vertex 11.361487102709663 -28.37571096954839 1
      vertex 11.437790925656932 -28.07108903278572 1
      vertex 11.437790925656932 -29.92891096721428 1
    endloop
  endfacet
  facet normal 0 0 -1
    outer loop
      vertex 11.543585495963882 -30.224586983568287 1
      vertex 11.437790925656932 -28.07108903278572 1
      vertex 11.543585495963882 -27.775413016431713 1
    endloop
  endfacet
  facet normal 0 0 -1
    outer loop
      vertex 11.677851954085263 -30.508469557843192 1
      vertex 11.677851954085263 -27.491530442156808 1
      vertex 11.839297240631854 -30.777824745662727 1
    endloop
  endfacet
  facet normal 0 0 -1
    outer loop
      vertex 12.026366549239242 -31.030058509323666 1
      vertex 11.839297240631854 -30.777824745662727 1
      vertex 11.839297240631854 -27.222175254337273 1
    endloop
  endfacet
  facet normal 0 0 -1
    outer loop
      vertex 12.026366549239242 -31.030058509323666 1
      vertex 12.026366549239242 -26.969941490676334 1
      vertex 12.237258300203047 -31.26274169979695 1
    endloop
  endfacet
  facet normal 0 0 -1
    outer loop
      vertex 11.677851954085263 -30.508469557843192 1
      vertex 11.543585495963882 -27.775413016431713 1
      vertex 11.677851954085263 -27.491530442156808 1
    endloop
  endfacet
  facet normal 0 0 -1
    outer loop
      vertex 11.839297240631854 -30.777824745662727 1
      vertex 11.677851954085263 -27.491530442156808 1
      vertex 11.839297240631854 -27.222175254337273 1
    endloop
  endfacet
  facet normal 0 0 -1
    outer loop
      vertex 12.026366549239242 -31.030058509323666 1
      vertex 11.839297240631854 -27.222175254337273 1
      vertex 12.026366549239242 -26.969941490676334 1
    endloop
  endfacet
  facet normal 0 0 -1
    outer loop
      vertex 12.237258300203047 -31.26274169979695 1
      vertex 12.026366549239242 -26.969941490676334 1
      vertex 12.237258300203047 -26.73725830020305 1
    endloop
  endfacet
  facet normal 0.9415440651830221 -0.33688985339221633 0
    outer loop
      vertex 11.543585495963882 -27.775413016431713 1
      vertex 11.437790925656932 -28.07108903278572 0
      vertex 11.543585495963882 -27.775413016431713 0
    endloop
  endfacet
  facet normal 0.9039892931234439 -0.4275550934302809 0
    outer loop
      vertex 11.677851954085263 -27.491530442156808 1
      vertex 11.543585495963882 -27.775413016431713 0
      vertex 11.677851954085263 -27.491530442156808 0
    endloop
  endfacet
  facet normal 0.8577286100002723 -0.5141027441932213 0
    outer loop
      vertex 11.839297240631854 -27.222175254337273 1
      vertex 11.677851954085263 -27.491530442156808 0
      vertex 11.839297240631854 -27.222175254337273 0
    endloop
  endfacet
  facet normal 0.8032075314806439 -0.5956993044924348 0
    outer loop
      vertex 12.026366549239242 -26.969941490676334 1
      vertex 11.839297240631854 -27.222175254337273 0
      vertex 12.026366549239242 -26.969941490676334 0
    endloop
  endfacet
  facet normal 0.7409511253549586 -0.671558954847019 0
    outer loop
      vertex 12.237258300203047 -26.73725830020305 1
      vertex 12.026366549239242 -26.969941490676334 0
      vertex 12.237258300203047 -26.73725830020305 0
    endloop
  endfacet
  facet normal 0.9415440651830221 -0.33688985339221633 0
    outer loop
      vertex 11.437790925656932 -28.07108903278572 1
      vertex 11.437790925656932 -28.07108903278572 0
      vertex 11.543585495963882 -27.775413016431713 1
    endloop
  endfacet
  facet normal 0.9039892931234439 -0.4275550934302809 0
    outer loop
      vertex 11.543585495963882 -27.775413016431713 1
      vertex 11.543585495963882 -27.775413016431713 0
      vertex 11.677851954085263 -27.491530442156808 1
    endloop
  endfacet
  facet normal 0.8577286100002723 -0.5141027441932213 0
    outer loop
      vertex 11.677851954085263 -27.491530442156808 1
      vertex 11.677851954085263 -27.491530442156808 0
      vertex 11.839297240631854 -27.222175254337273 1
    endloop
  endfacet
  facet normal 0.8032075314806439 -0.5956993044924348 0
    outer loop
      vertex 11.839297240631854 -27.222175254337273 1
      vertex 11.839297240631854 -27.222175254337273 0
      vertex 12.026366549239242 -26.969941490676334 1
    endloop
  endfacet
  facet normal 0.7409511253549586 -0.671558954847019 0
    outer loop
      vertex 12.026366549239242 -26.969941490676334 1
      vertex 12.026366549239242 -26.969941490676334 0
      vertex 12.237258300203047 -26.73725830020305 1
    endloop
  endfacet
  facet normal 0.6715589548470192 0.7409511253549583 0
    outer loop
      vertex 12.237258300203047 -31.26274169979695 1
      vertex 12.469941490676334 -31.473633450760758 0
      vertex 12.237258300203047 -31.26274169979695 0
    endloop
  endfacet
  facet normal 0.5956993044924348 0.8032075314806439 0
    outer loop
      vertex 12.469941490676334 -31.473633450760758 1
      vertex 12.722175254337273 -31.660702759368146 0
      vertex 12.469941490676334 -31.473633450760758 0
    endloop
  endfacet
  facet normal 0.5141027441932213 0.8577286100002723 0
    outer loop
      vertex 12.722175254337273 -31.660702759368146 1
      vertex 12.991530442156808 -31.822148045914737 0
      vertex 12.722175254337273 -31.660702759368146 0
    endloop
  endfacet
  facet normal 0.4275550934302809 0.9039892931234439 0
    outer loop
      vertex 12.991530442156808 -31.822148045914737 1
      vertex 13.275413016431713 -31.95641450403612 0
      vertex 12.991530442156808 -31.822148045914737 0
    endloop
  endfacet
  facet normal 0.33688985339221134 0.9415440651830239 0
    outer loop
      vertex 13.275413016431713 -31.95641450403612 1
      vertex 13.571089032785721 -32.062209074343066 0
      vertex 13.275413016431713 -31.95641450403612 0
    endloop
  endfacet
  facet normal 0.6715589548470192 0.7409511253549583 3.4953390192951827e-19
    outer loop
      vertex 12.237258300203047 -31.26274169979695 1
      vertex 12.469941490676334 -31.473633450760758 1
      vertex 12.469941490676334 -31.473633450760758 0
    endloop
  endfacet
  facet normal 0.5956993044924348 0.8032075314806439 -4.5807802870797516e-18
    outer loop
      vertex 12.469941490676334 -31.473633450760758 1
      vertex 12.722175254337273 -31.660702759368146 1
      vertex 12.722175254337273 -31.660702759368146 0
    endloop
  endfacet
  facet normal 0.5141027441932213 0.8577286100002723 9.812840315208272e-18
    outer loop
      vertex 12.722175254337273 -31.660702759368146 1
      vertex 12.991530442156808 -31.822148045914737 1
      vertex 12.991530442156808 -31.822148045914737 0
    endloop
  endfacet
  facet normal 0.4275550934302809 0.9039892931234439 5.739774279327228e-18
    outer loop
      vertex 12.991530442156808 -31.822148045914737 1
      vertex 13.275413016431713 -31.95641450403612 1
      vertex 13.275413016431713 -31.95641450403612 0
    endloop
  endfacet
  facet normal 0.33688985339221134 0.9415440651830239 -6.948843051791534e-18
    outer loop
      vertex 13.275413016431713 -31.95641450403612 1
      vertex 13.571089032785721 -32.062209074343066 1
      vertex 13.571089032785721 -32.062209074343066 0
    endloop
  endfacet
  facet normal 0.24298017990327958 0.9700312531945401 0
    outer loop
      vertex 13.571089032785721 -32.062209074343066 1
      vertex 13.87571096954839 -32.13851289729034 0
      vertex 13.571089032785721 -32.062209074343066 0
    endloop
  endfacet
  facet normal 0.14673047445536444 0.9891765099647806 0
    outer loop
      vertex 13.87571096954839 -32.13851289729034 1
      vertex 14.186345150945407 -32.184591125351034 0
      vertex 13.87571096954839 -32.13851289729034 0
    endloop
  endfacet
  facet normal 0.04906767432741541 0.9987954562051725 0
    outer loop
      vertex 14.186345150945407 -32.184591125351034 1
      vertex 14.5 -32.2 0
      vertex 14.186345150945407 -32.184591125351034 0
    endloop
  endfacet
  facet normal -0.04906767432741541 0.9987954562051725 0
    outer loop
      vertex 14.5 -32.2 1
      vertex 14.813654849054593 -32.184591125351034 0
      vertex 14.5 -32.2 0
    endloop
  endfacet
  facet normal 0.24298017990327958 0.9700312531945401 -2.2759421679626684e-18
    outer loop
      vertex 13.571089032785721 -32.062209074343066 1
      vertex 13.87571096954839 -32.13851289729034 1
      vertex 13.87571096954839 -32.13851289729034 0
    endloop
  endfacet
  facet normal 0.14673047445536444 0.9891765099647806 2.5061906152673715e-18
    outer loop
      vertex 13.87571096954839 -32.13851289729034 1
      vertex 14.186345150945407 -32.184591125351034 1
      vertex 14.186345150945407 -32.184591125351034 0
    endloop
  endfacet
  facet normal 0.04906767432741541 0.9987954562051725 -4.0828981297529697e-19
    outer loop
      vertex 14.186345150945407 -32.184591125351034 1
      vertex 14.5 -32.2 1
      vertex 14.5 -32.2 0
    endloop
  endfacet
  facet normal -0.04906767432741541 0.9987954562051725 4.0828981297529697e-19
    outer loop
      vertex 14.5 -32.2 1
      vertex 14.813654849054593 -32.184591125351034 1
      vertex 14.813654849054593 -32.184591125351034 0
    endloop
  endfacet
  facet normal 0 0 -1
    outer loop
      vertex 12.722175254337273 -31.660702759368146 1
      vertex 12.873201429255245 -29.493483951332585 1
      vertex 12.991530442156808 -31.822148045914737 1
    endloop
  endfacet
  facet normal 0 0 -1
    outer loop
      vertex 12.991530442156808 -31.822148045914737 1
      vertex 13.086501659085673 -29.944469396133325 1
      vertex 13.275413016431713 -31.95641450403612 1
    endloop
  endfacet
  facet normal 0 0 -1
    outer loop
      vertex 13.275413016431713 -31.95641450403612 1
      vertex 13.421531416921802 -30.314117770716653 1
      vertex 13.571089032785721 -32.062209074343066 1
    endloop
  endfacet
  facet normal 0 0 -1
    outer loop
      vertex 12.237258300203047 -31.26274169979695 1
      vertex 12.237258300203047 -26.73725830020305 1
      vertex 12.469941490676334 -31.473633450760758 1
    endloop
  endfacet
  facet normal 0 0 -1
    outer loop
      vertex 12.469941490676334 -31.473633450760758 1
      vertex 12.469941490676334 -26.526366549239242 1
      vertex 12.722175254337273 -31.660702759368146 1
    endloop
  endfacet
  facet normal 0 0 -1
    outer loop
      vertex 12.722175254337273 -31.660702759368146 1
      vertex 12.8 -29 1
      vertex 12.808185964657266 -29.166629138560253 1
    endloop
  endfacet
  facet normal 0 0 -1
    outer loop
      vertex 12.722175254337273 -31.660702759368146 1
      vertex 12.808185964657266 -29.166629138560253 1
      vertex 12.832665023314508 -29.33165354742742 1
    endloop
  endfacet
  facet normal 0 0 -1
    outer loop
      vertex 12.722175254337273 -31.660702759368146 1
      vertex 12.832665023314508 -29.33165354742742 1
      vertex 12.873201429255245 -29.493483951332585 1
    endloop
  endfacet
  facet normal 0 0 -1
    outer loop
      vertex 12.469941490676334 -31.473633450760758 1
      vertex 12.237258300203047 -26.73725830020305 1
      vertex 12.469941490676334 -26.526366549239242 1
    endloop
  endfacet
  facet normal 0 0 -1
    outer loop
      vertex 12.722175254337273 -31.660702759368146 1
      vertex 12.722175254337273 -26.339297240631854 1
      vertex 12.8 -29 1
    endloop
  endfacet
  facet normal 0 0 -1
    outer loop
      vertex 12.722175254337273 -31.660702759368146 1
      vertex 12.469941490676334 -26.526366549239242 1
      vertex 12.722175254337273 -26.339297240631854 1
    endloop
  endfacet
  facet normal 0 0 -1
    outer loop
      vertex 12.873201429255245 -29.493483951332585 1
      vertex 12.929404794730813 -29.650561835020653 1
      vertex 12.991530442156808 -31.822148045914737 1
    endloop
  endfacet
  facet normal 0 0 -1
    outer loop
      vertex 12.929404794730813 -29.650561835020653 1
      vertex 13.000733850607796 -29.801374452604197 1
      vertex 12.991530442156808 -31.822148045914737 1
    endloop
  endfacet
  facet normal 0 0 -1
    outer loop
      vertex 12.991530442156808 -31.822148045914737 1
      vertex 13.000733850607796 -29.801374452604197 1
      vertex 13.086501659085673 -29.944469396133325 1
    endloop
  endfacet
  facet normal 0 0 -1
    outer loop
      vertex 13.275413016431713 -31.95641450403612 1
      vertex 13.086501659085673 -29.944469396133325 1
      vertex 13.185882229283347 -30.078468583078198 1
    endloop
  endfacet
  facet normal 0 0 -1
    outer loop
      vertex 13.275413016431713 -31.95641450403612 1
      vertex 13.185882229283347 -30.078468583078198 1
      vertex 13.29791847198287 -30.202081528017132 1
    endloop
  endfacet
  facet normal 0 0 -1
    outer loop
      vertex 13.275413016431713 -31.95641450403612 1
      vertex 13.29791847198287 -30.202081528017132 1
      vertex 13.421531416921802 -30.314117770716653 1
    endloop
  endfacet
  facet normal 0 0 -1
    outer loop
      vertex 13.571089032785721 -32.062209074343066 1
      vertex 13.555530603866677 -30.413498340914327 1
      vertex 13.698625547395803 -30.499266149392202 1
    endloop
  endfacet
  facet normal 0 0 -1
    outer loop
      vertex 13.571089032785721 -32.062209074343066 1
      vertex 13.698625547395803 -30.499266149392202 1
      vertex 13.87571096954839 -32.13851289729034 1
    endloop
  endfacet
  facet normal 0 0 -1
    outer loop
      vertex 13.87571096954839 -32.13851289729034 1
      vertex 14.006516048667415 -30.626798570744754 1
      vertex 14.186345150945407 -32.184591125351034 1
    endloop
  endfacet
  facet normal 0 0 -1
    outer loop
      vertex 13.698625547395803 -30.499266149392202 1
      vertex 13.849438164979347 -30.570595205269186 1
      vertex 13.87571096954839 -32.13851289729034 1
    endloop
  endfacet
  facet normal 0 0 -1
    outer loop
      vertex 13.87571096954839 -32.13851289729034 1
      vertex 13.849438164979347 -30.570595205269186 1
      vertex 14.006516048667415 -30.626798570744754 1
    endloop
  endfacet
  facet normal 0 0 -1
    outer loop
      vertex 14.186345150945407 -32.184591125351034 1
      vertex 14.333370861439747 -30.691814035342734 1
      vertex 14.5 -32.2 1
    endloop
  endfacet
  facet normal 0 0 -1
    outer loop
      vertex 14.006516048667415 -30.626798570744754 1
      vertex 14.168346452572582 -30.667334976685492 1
      vertex 14.186345150945407 -32.184591125351034 1
    endloop
  endfacet
  facet normal 0 0 -1
    outer loop
      vertex 14.186345150945407 -32.184591125351034 1
      vertex 14.168346452572582 -30.667334976685492 1
      vertex 14.333370861439747 -30.691814035342734 1
    endloop
  endfacet
  facet normal 0 0 -1
    outer loop
      vertex 14.5 -32.2 1
      vertex 14.5 -30.7 1
      vertex 14.813654849054593 -32.184591125351034 1
    endloop
  endfacet
  facet normal 0 0 -1
    outer loop
      vertex 14.5 -32.2 1
      vertex 14.333370861439747 -30.691814035342734 1
      vertex 14.5 -30.7 1
    endloop
  endfacet
  facet normal 0 0 -1
    outer loop
      vertex 14.5 -30.7 1
      vertex 14.666629138560253 -30.691814035342734 1
      vertex 14.813654849054593 -32.184591125351034 1
    endloop
  endfacet
  facet normal 0 0 -1
    outer loop
      vertex 13.571089032785721 -32.062209074343066 1
      vertex 13.421531416921802 -30.314117770716653 1
      vertex 13.555530603866677 -30.413498340914327 1
    endloop
  endfacet
  facet normal 0.6715589548470192 -0.7409511253549583 0
    outer loop
      vertex 12.469941490676334 -26.526366549239242 1
      vertex 12.237258300203047 -26.73725830020305 0
      vertex 12.469941490676334 -26.526366549239242 0
    endloop
  endfacet
  facet normal 0.5956993044924348 -0.8032075314806439 0
    outer loop
      vertex 12.722175254337273 -26.339297240631854 1
      vertex 12.469941490676334 -26.526366549239242 0
      vertex 12.722175254337273 -26.339297240631854 0
    endloop
  endfacet
  facet normal 0.5141027441932213 -0.8577286100002723 0
    outer loop
      vertex 12.991530442156808 -26.177851954085263 1
      vertex 12.722175254337273 -26.339297240631854 0
      vertex 12.991530442156808 -26.177851954085263 0
    endloop
  endfacet
  facet normal 0.4275550934302809 -0.9039892931234439 0
    outer loop
      vertex 13.275413016431713 -26.04358549596388 1
      vertex 12.991530442156808 -26.177851954085263 0
      vertex 13.275413016431713 -26.04358549596388 0
    endloop
  endfacet
  facet normal 0.33688985339222133 -0.9415440651830204 0
    outer loop
      vertex 13.571089032785721 -25.93779092565693 1
      vertex 13.275413016431713 -26.04358549596388 0
      vertex 13.571089032785721 -25.93779092565693 0
    endloop
  endfacet
  facet normal 0.6715589548470192 -0.7409511253549583 0
    outer loop
      vertex 12.237258300203047 -26.73725830020305 1
      vertex 12.237258300203047 -26.73725830020305 0
      vertex 12.469941490676334 -26.526366549239242 1
    endloop
  endfacet
  facet normal 0.5956993044924348 -0.8032075314806439 0
    outer loop
      vertex 12.469941490676334 -26.526366549239242 1
      vertex 12.469941490676334 -26.526366549239242 0
      vertex 12.722175254337273 -26.339297240631854 1
    endloop
  endfacet
  facet normal 0.5141027441932213 -0.8577286100002723 0
    outer loop
      vertex 12.722175254337273 -26.339297240631854 1
      vertex 12.722175254337273 -26.339297240631854 0
      vertex 12.991530442156808 -26.177851954085263 1
    endloop
  endfacet
  facet normal 0.4275550934302809 -0.9039892931234439 0
    outer loop
      vertex 12.991530442156808 -26.177851954085263 1
      vertex 12.991530442156808 -26.177851954085263 0
      vertex 13.275413016431713 -26.04358549596388 1
    endloop
  endfacet
  facet normal 0.33688985339222133 -0.9415440651830204 0
    outer loop
      vertex 13.275413016431713 -26.04358549596388 1
      vertex 13.275413016431713 -26.04358549596388 0
      vertex 13.571089032785721 -25.93779092565693 1
    endloop
  endfacet
  facet normal 0.2429801799032583 -0.9700312531945454 0
    outer loop
      vertex 13.87571096954839 -25.861487102709663 1
      vertex 13.571089032785721 -25.93779092565693 0
      vertex 13.87571096954839 -25.861487102709663 0
    endloop
  endfacet
  facet normal 0.14673047445536444 -0.9891765099647806 0
    outer loop
      vertex 14.186345150945407 -25.81540887464897 1
      vertex 13.87571096954839 -25.861487102709663 0
      vertex 14.186345150945407 -25.81540887464897 0
    endloop
  endfacet
  facet normal 0.04906767432741541 -0.9987954562051725 0
    outer loop
      vertex 14.5 -25.8 1
      vertex 14.186345150945407 -25.81540887464897 0
      vertex 14.5 -25.8 0
    endloop
  endfacet
  facet normal -0.04906767432741541 -0.9987954562051725 0
    outer loop
      vertex 14.813654849054593 -25.81540887464897 1
      vertex 14.5 -25.8 0
      vertex 14.813654849054593 -25.81540887464897 0
    endloop
  endfacet
  facet normal 0.2429801799032583 -0.9700312531945454 0
    outer loop
      vertex 13.571089032785721 -25.93779092565693 1
      vertex 13.571089032785721 -25.93779092565693 0
      vertex 13.87571096954839 -25.861487102709663 1
    endloop
  endfacet
  facet normal 0.14673047445536444 -0.9891765099647806 0
    outer loop
      vertex 13.87571096954839 -25.861487102709663 1
      vertex 13.87571096954839 -25.861487102709663 0
      vertex 14.186345150945407 -25.81540887464897 1
    endloop
  endfacet
  facet normal 0.04906767432741541 -0.9987954562051725 0
    outer loop
      vertex 14.186345150945407 -25.81540887464897 1
      vertex 14.186345150945407 -25.81540887464897 0
      vertex 14.5 -25.8 1
    endloop
  endfacet
  facet normal -0.04906767432741541 -0.9987954562051725 0
    outer loop
      vertex 14.5 -25.8 1
      vertex 14.5 -25.8 0
      vertex 14.813654849054593 -25.81540887464897 1
    endloop
  endfacet
  facet normal 0 0 -1
    outer loop
      vertex 12.8 -29 1
      vertex 12.722175254337273 -26.339297240631854 1
      vertex 12.808185964657266 -28.833370861439747 1
    endloop
  endfacet
  facet normal 0 0 -1
    outer loop
      vertex 12.808185964657266 -28.833370861439747 1
      vertex 12.722175254337273 -26.339297240631854 1
      vertex 12.832665023314508 -28.66834645257258 1
    endloop
  endfacet
  facet normal 0 0 -1
    outer loop
      vertex 12.832665023314508 -28.66834645257258 1
      vertex 12.722175254337273 -26.339297240631854 1
      vertex 12.873201429255245 -28.506516048667415 1
    endloop
  endfacet
  facet normal 0 0 -1
    outer loop
      vertex 12.873201429255245 -28.506516048667415 1
      vertex 12.722175254337273 -26.339297240631854 1
      vertex 12.929404794730813 -28.349438164979347 1
    endloop
  endfacet
  facet normal 0 0 -1
    outer loop
      vertex 12.929404794730813 -28.349438164979347 1
      vertex 12.722175254337273 -26.339297240631854 1
      vertex 13.000733850607796 -28.198625547395803 1
    endloop
  endfacet
  facet normal 0 0 -1
    outer loop
      vertex 13.000733850607796 -28.198625547395803 1
      vertex 12.991530442156808 -26.177851954085263 1
      vertex 13.086501659085673 -28.055530603866675 1
    endloop
  endfacet
  facet normal 0 0 -1
    outer loop
      vertex 12.722175254337273 -26.339297240631854 1
      vertex 12.991530442156808 -26.177851954085263 1
      vertex 13.000733850607796 -28.198625547395803 1
    endloop
  endfacet
  facet normal 0 0 -1
    outer loop
      vertex 13.086501659085673 -28.055530603866675 1
      vertex 12.991530442156808 -26.177851954085263 1
      vertex 13.185882229283347 -27.921531416921802 1
    endloop
  endfacet
  facet normal 0 0 -1
    outer loop
      vertex 13.185882229283347 -27.921531416921802 1
      vertex 12.991530442156808 -26.177851954085263 1
      vertex 13.29791847198287 -27.797918471982868 1
    endloop
  endfacet
  facet normal 0 0 -1
    outer loop
      vertex 13.29791847198287 -27.797918471982868 1
      vertex 13.275413016431713 -26.04358549596388 1
      vertex 13.421531416921802 -27.685882229283347 1
    endloop
  endfacet
  facet normal 0 0 -1
    outer loop
      vertex 13.421531416921802 -27.685882229283347 1
      vertex 13.275413016431713 -26.04358549596388 1
      vertex 13.555530603866677 -27.586501659085673 1
    endloop
  endfacet
  facet normal 0 0 -1
    outer loop
      vertex 13.29791847198287 -27.797918471982868 1
      vertex 12.991530442156808 -26.177851954085263 1
      vertex 13.275413016431713 -26.04358549596388 1
    endloop
  endfacet
  facet normal 0 0 -1
    outer loop
      vertex 13.555530603866677 -27.586501659085673 1
      vertex 13.275413016431713 -26.04358549596388 1
      vertex 13.698625547395803 -27.500733850607798 1
    endloop
  endfacet
  facet normal 0 0 -1
    outer loop
      vertex 13.698625547395803 -27.500733850607798 1
      vertex 13.571089032785721 -25.93779092565693 1
      vertex 13.849438164979347 -27.429404794730814 1
    endloop
  endfacet
  facet normal 0 0 -1
    outer loop
      vertex 13.849438164979347 -27.429404794730814 1
      vertex 13.571089032785721 -25.93779092565693 1
      vertex 14.006516048667415 -27.373201429255246 1
    endloop
  endfacet
  facet normal 0 0 -1
    outer loop
      vertex 14.006516048667415 -27.373201429255246 1
      vertex 13.87571096954839 -25.861487102709663 1
      vertex 14.168346452572582 -27.332665023314508 1
    endloop
  endfacet
  facet normal 0 0 -1
    outer loop
      vertex 13.698625547395803 -27.500733850607798 1
      vertex 13.275413016431713 -26.04358549596388 1
      vertex 13.571089032785721 -25.93779092565693 1
    endloop
  endfacet
  facet normal 0 0 -1
    outer loop
      vertex 13.571089032785721 -25.93779092565693 1
      vertex 13.87571096954839 -25.861487102709663 1
      vertex 14.006516048667415 -27.373201429255246 1
    endloop
  endfacet
  facet normal 0 0 -1
    outer loop
      vertex 13.87571096954839 -25.861487102709663 1
      vertex 14.333370861439747 -27.308185964657266 1
      vertex 14.168346452572582 -27.332665023314508 1
    endloop
  endfacet
  facet normal 0 0 -1
    outer loop
      vertex 14.333370861439747 -27.308185964657266 1
      vertex 14.186345150945407 -25.81540887464897 1
      vertex 14.5 -27.3 1
    endloop
  endfacet
  facet normal 0 0 -1
    outer loop
      vertex 14.5 -27.3 1
      vertex 14.5 -25.8 1
      vertex 14.666629138560253 -27.308185964657266 1
    endloop
  endfacet
  facet normal 0 0 -1
    outer loop
      vertex 13.87571096954839 -25.861487102709663 1
      vertex 14.186345150945407 -25.81540887464897 1
      vertex 14.333370861439747 -27.308185964657266 1
    endloop
  endfacet
  facet normal 0 0 -1
    outer loop
      vertex 14.5 -27.3 1
      vertex 14.186345150945407 -25.81540887464897 1
      vertex 14.5 -25.8 1
    endloop
  endfacet
  facet normal 0 0 -1
    outer loop
      vertex 14.5 -25.8 1
      vertex 14.813654849054593 -25.81540887464897 1
      vertex 14.666629138560253 -27.308185964657266 1
    endloop
  endfacet
  facet normal -0.14673047445536444 0.9891765099647806 0
    outer loop
      vertex 14.813654849054593 -32.184591125351034 1
      vertex 15.12428903045161 -32.13851289729034 0
      vertex 14.813654849054593 -32.184591125351034 0
    endloop
  endfacet
  facet normal -0.24298017990327958 0.9700312531945401 0
    outer loop
      vertex 15.12428903045161 -32.13851289729034 1
      vertex 15.428910967214279 -32.062209074343066 0
      vertex 15.12428903045161 -32.13851289729034 0
    endloop
  endfacet
  facet normal -0.33688985339221134 0.9415440651830239 0
    outer loop
      vertex 15.428910967214279 -32.062209074343066 1
      vertex 15.724586983568287 -31.95641450403612 0
      vertex 15.428910967214279 -32.062209074343066 0
    endloop
  endfacet
  facet normal -0.4275550934302809 0.9039892931234439 0
    outer loop
      vertex 15.724586983568287 -31.95641450403612 1
      vertex 16.008469557843192 -31.822148045914737 0
      vertex 15.724586983568287 -31.95641450403612 0
    endloop
  endfacet
  facet normal -0.14673047445536444 0.9891765099647806 -2.5061906152673715e-18
    outer loop
      vertex 14.813654849054593 -32.184591125351034 1
      vertex 15.12428903045161 -32.13851289729034 1
      vertex 15.12428903045161 -32.13851289729034 0
    endloop
  endfacet
  facet normal -0.24298017990327958 0.9700312531945401 2.2759421679626684e-18
    outer loop
      vertex 15.12428903045161 -32.13851289729034 1
      vertex 15.428910967214279 -32.062209074343066 1
      vertex 15.428910967214279 -32.062209074343066 0
    endloop
  endfacet
  facet normal -0.33688985339221134 0.9415440651830239 6.948843051791534e-18
    outer loop
      vertex 15.428910967214279 -32.062209074343066 1
      vertex 15.724586983568287 -31.95641450403612 1
      vertex 15.724586983568287 -31.95641450403612 0
    endloop
  endfacet
  facet normal -0.4275550934302809 0.9039892931234439 -5.739774279327228e-18
    outer loop
      vertex 15.724586983568287 -31.95641450403612 1
      vertex 16.008469557843192 -31.822148045914737 1
      vertex 16.008469557843192 -31.822148045914737 0
    endloop
  endfacet
  facet normal -0.5141027441932213 0.8577286100002723 0
    outer loop
      vertex 16.008469557843192 -31.822148045914737 1
      vertex 16.277824745662727 -31.660702759368146 0
      vertex 16.008469557843192 -31.822148045914737 0
    endloop
  endfacet
  facet normal -0.5956993044924348 0.8032075314806439 0
    outer loop
      vertex 16.277824745662727 -31.660702759368146 1
      vertex 16.530058509323666 -31.473633450760758 0
      vertex 16.277824745662727 -31.660702759368146 0
    endloop
  endfacet
  facet normal -0.6715589548470221 0.7409511253549558 0
    outer loop
      vertex 16.530058509323666 -31.473633450760758 1
      vertex 16.76274169979695 -31.26274169979695 0
      vertex 16.530058509323666 -31.473633450760758 0
    endloop
  endfacet
  facet normal -0.7409511253549558 0.6715589548470221 0
    outer loop
      vertex 16.76274169979695 -31.26274169979695 1
      vertex 16.973633450760758 -31.030058509323666 0
      vertex 16.76274169979695 -31.26274169979695 0
    endloop
  endfacet
  facet normal -0.8032075314806439 0.5956993044924348 0
    outer loop
      vertex 16.973633450760758 -31.030058509323666 1
      vertex 17.160702759368146 -30.777824745662727 0
      vertex 16.973633450760758 -31.030058509323666 0
    endloop
  endfacet
  facet normal -0.5141027441932213 0.8577286100002723 -9.812840315208272e-18
    outer loop
      vertex 16.008469557843192 -31.822148045914737 1
      vertex 16.277824745662727 -31.660702759368146 1
      vertex 16.277824745662727 -31.660702759368146 0
    endloop
  endfacet
  facet normal -0.5956993044924348 0.8032075314806439 4.5807802870797516e-18
    outer loop
      vertex 16.277824745662727 -31.660702759368146 1
      vertex 16.530058509323666 -31.473633450760758 1
      vertex 16.530058509323666 -31.473633450760758 0
    endloop
  endfacet
  facet normal -0.6715589548470221 0.7409511253549558 -9.075032377827126e-20
    outer loop
      vertex 16.530058509323666 -31.473633450760758 1
      vertex 16.76274169979695 -31.26274169979695 1
      vertex 16.76274169979695 -31.26274169979695 0
    endloop
  endfacet
  facet normal -0.7409511253549558 0.6715589548470221 -9.075032377827126e-20
    outer loop
      vertex 16.76274169979695 -31.26274169979695 1
      vertex 16.973633450760758 -31.030058509323666 1
      vertex 16.973633450760758 -31.030058509323666 0
    endloop
  endfacet
  facet normal -0.8032075314806439 0.5956993044924348 4.5807802870797516e-18
    outer loop
      vertex 16.973633450760758 -31.030058509323666 1
      vertex 17.160702759368146 -30.777824745662727 1
      vertex 17.160702759368146 -30.777824745662727 0
    endloop
  endfacet
  facet normal 0 0 -1
    outer loop
      vertex 14.813654849054593 -32.184591125351034 1
      vertex 14.666629138560253 -30.691814035342734 1
      vertex 15.12428903045161 -32.13851289729034 1
    endloop
  endfacet
  facet normal 0 0 -1
    outer loop
      vertex 14.666629138560253 -30.691814035342734 1
      vertex 14.831653547427418 -30.667334976685492 1
      vertex 15.12428903045161 -32.13851289729034 1
    endloop
  endfacet
  facet normal 0 0 -1
    outer loop
      vertex 14.831653547427418 -30.667334976685492 1
      vertex 14.993483951332585 -30.626798570744754 1
      vertex 15.12428903045161 -32.13851289729034 1
    endloop
  endfacet
  facet normal 0 0 -1
    outer loop
      vertex 15.12428903045161 -32.13851289729034 1
      vertex 14.993483951332585 -30.626798570744754 1
      vertex 15.428910967214279 -32.062209074343066 1
    endloop
  endfacet
  facet normal 0 0 -1
    outer loop
      vertex 14.993483951332585 -30.626798570744754 1
      vertex 15.150561835020653 -30.570595205269186 1
      vertex 15.428910967214279 -32.062209074343066 1
    endloop
  endfacet
  facet normal 0 0 -1
    outer loop
      vertex 15.150561835020653 -30.570595205269186 1
      vertex 15.301374452604197 -30.499266149392202 1
      vertex 15.428910967214279 -32.062209074343066 1
    endloop
  endfacet
  facet normal 0 0 -1
    outer loop
      vertex 15.301374452604197 -30.499266149392202 1
      vertex 15.724586983568287 -31.95641450403612 1
      vertex 15.428910967214279 -32.062209074343066 1
    endloop
  endfacet
  facet normal 0 0 -1
    outer loop
      vertex 15.301374452604197 -30.499266149392202 1
      vertex 15.444469396133323 -30.413498340914327 1
      vertex 15.724586983568287 -31.95641450403612 1
    endloop
  endfacet
  facet normal 0 0 -1
    outer loop
      vertex 15.724586983568287 -31.95641450403612 1
      vertex 15.70208152801713 -30.202081528017132 1
      vertex 16.008469557843192 -31.822148045914737 1
    endloop
  endfacet
  facet normal 0 0 -1
    outer loop
      vertex 15.724586983568287 -31.95641450403612 1
      vertex 15.444469396133323 -30.413498340914327 1
      vertex 15.578468583078198 -30.314117770716653 1
    endloop
  endfacet
  facet normal 0 0 -1
    outer loop
      vertex 15.724586983568287 -31.95641450403612 1
      vertex 15.578468583078198 -30.314117770716653 1
      vertex 15.70208152801713 -30.202081528017132 1
    endloop
  endfacet
  facet normal 0 0 -1
    outer loop
      vertex 15.70208152801713 -30.202081528017132 1
      vertex 15.814117770716653 -30.078468583078198 1
      vertex 16.008469557843192 -31.822148045914737 1
    endloop
  endfacet
  facet normal 0 0 -1
    outer loop
      vertex 16.008469557843192 -31.822148045914737 1
      vertex 15.814117770716653 -30.078468583078198 1
      vertex 15.913498340914327 -29.944469396133325 1
    endloop
  endfacet
  facet normal 0 0 -1
    outer loop
      vertex 16.008469557843192 -31.822148045914737 1
      vertex 15.999266149392204 -29.801374452604197 1
      vertex 16.277824745662727 -31.660702759368146 1
    endloop
  endfacet
  facet normal 0 0 -1
    outer loop
      vertex 16.008469557843192 -31.822148045914737 1
      vertex 15.913498340914327 -29.944469396133325 1
      vertex 15.999266149392204 -29.801374452604197 1
    endloop
  endfacet
  facet normal 0 0 -1
    outer loop
      vertex 15.999266149392204 -29.801374452604197 1
      vertex 16.070595205269186 -29.650561835020653 1
      vertex 16.277824745662727 -31.660702759368146 1
    endloop
  endfacet
  facet normal 0 0 -1
    outer loop
      vertex 16.070595205269186 -29.650561835020653 1
      vertex 16.126798570744754 -29.493483951332585 1
      vertex 16.277824745662727 -31.660702759368146 1
    endloop
  endfacet
  facet normal 0 0 -1
    outer loop
      vertex 16.277824745662727 -31.660702759368146 1
      vertex 16.126798570744754 -29.493483951332585 1
      vertex 16.167334976685492 -29.33165354742742 1
    endloop
  endfacet
  facet normal 0 0 -1
    outer loop
      vertex 16.277824745662727 -31.660702759368146 1
      vertex 16.167334976685492 -29.33165354742742 1
      vertex 16.191814035342734 -29.166629138560253 1
    endloop
  endfacet
  facet normal 0 0 -1
    outer loop
      vertex 16.277824745662727 -31.660702759368146 1
      vertex 16.191814035342734 -29.166629138560253 1
      vertex 16.2 -29 1
    endloop
  endfacet
  facet normal 0 0 -1
    outer loop
      vertex 16.277824745662727 -31.660702759368146 1
      vertex 16.277824745662727 -26.339297240631854 1
      vertex 16.530058509323666 -31.473633450760758 1
    endloop
  endfacet
  facet normal 0 0 -1
    outer loop
      vertex 16.277824745662727 -31.660702759368146 1
      vertex 16.2 -29 1
      vertex 16.277824745662727 -26.339297240631854 1
    endloop
  endfacet
  facet normal 0 0 -1
    outer loop
      vertex 16.530058509323666 -31.473633450760758 1
      vertex 16.530058509323666 -26.526366549239242 1
      vertex 16.76274169979695 -31.26274169979695 1
    endloop
  endfacet
  facet normal 0 0 -1
    outer loop
      vertex 16.76274169979695 -31.26274169979695 1
      vertex 16.76274169979695 -26.73725830020305 1
      vertex 16.973633450760758 -31.030058509323666 1
    endloop
  endfacet
  facet normal 0 0 -1
    outer loop
      vertex 16.973633450760758 -31.030058509323666 1
      vertex 16.973633450760758 -26.969941490676334 1
      vertex 17.160702759368146 -30.777824745662727 1
    endloop
  endfacet
  facet normal 0 0 -1
    outer loop
      vertex 16.76274169979695 -31.26274169979695 1
      vertex 16.530058509323666 -26.526366549239242 1
      vertex 16.76274169979695 -26.73725830020305 1
    endloop
  endfacet
  facet normal 0 0 -1
    outer loop
      vertex 16.973633450760758 -31.030058509323666 1
      vertex 16.76274169979695 -26.73725830020305 1
      vertex 16.973633450760758 -26.969941490676334 1
    endloop
  endfacet
  facet normal 0 0 -1
    outer loop
      vertex 17.160702759368146 -30.777824745662727 1
      vertex 16.973633450760758 -26.969941490676334 1
      vertex 17.160702759368146 -27.222175254337273 1
    endloop
  endfacet
  facet normal -0.14673047445536444 -0.9891765099647806 0
    outer loop
      vertex 15.12428903045161 -25.861487102709663 1
      vertex 14.813654849054593 -25.81540887464897 0
      vertex 15.12428903045161 -25.861487102709663 0
    endloop
  endfacet
  facet normal -0.2429801799032583 -0.9700312531945454 0
    outer loop
      vertex 15.428910967214279 -25.93779092565693 1
      vertex 15.12428903045161 -25.861487102709663 0
      vertex 15.428910967214279 -25.93779092565693 0
    endloop
  endfacet
  facet normal -0.33688985339222133 -0.9415440651830204 0
    outer loop
      vertex 15.724586983568287 -26.04358549596388 1
      vertex 15.428910967214279 -25.93779092565693 0
      vertex 15.724586983568287 -26.04358549596388 0
    endloop
  endfacet
  facet normal -0.4275550934302809 -0.9039892931234439 0
    outer loop
      vertex 16.008469557843192 -26.177851954085263 1
      vertex 15.724586983568287 -26.04358549596388 0
      vertex 16.008469557843192 -26.177851954085263 0
    endloop
  endfacet
  facet normal -0.14673047445536444 -0.9891765099647806 0
    outer loop
      vertex 14.813654849054593 -25.81540887464897 1
      vertex 14.813654849054593 -25.81540887464897 0
      vertex 15.12428903045161 -25.861487102709663 1
    endloop
  endfacet
  facet normal -0.2429801799032583 -0.9700312531945454 0
    outer loop
      vertex 15.12428903045161 -25.861487102709663 1
      vertex 15.12428903045161 -25.861487102709663 0
      vertex 15.428910967214279 -25.93779092565693 1
    endloop
  endfacet
  facet normal -0.33688985339222133 -0.9415440651830204 0
    outer loop
      vertex 15.428910967214279 -25.93779092565693 1
      vertex 15.428910967214279 -25.93779092565693 0
      vertex 15.724586983568287 -26.04358549596388 1
    endloop
  endfacet
  facet normal -0.4275550934302809 -0.9039892931234439 0
    outer loop
      vertex 15.724586983568287 -26.04358549596388 1
      vertex 15.724586983568287 -26.04358549596388 0
      vertex 16.008469557843192 -26.177851954085263 1
    endloop
  endfacet
  facet normal -0.5141027441932213 -0.8577286100002723 0
    outer loop
      vertex 16.277824745662727 -26.339297240631854 1
      vertex 16.008469557843192 -26.177851954085263 0
      vertex 16.277824745662727 -26.339297240631854 0
    endloop
  endfacet
  facet normal -0.5956993044924348 -0.8032075314806439 0
    outer loop
      vertex 16.530058509323666 -26.526366549239242 1
      vertex 16.277824745662727 -26.339297240631854 0
      vertex 16.530058509323666 -26.526366549239242 0
    endloop
  endfacet
  facet normal -0.7409511253549558 -0.6715589548470221 0
    outer loop
      vertex 16.973633450760758 -26.969941490676334 1
      vertex 16.76274169979695 -26.73725830020305 0
      vertex 16.973633450760758 -26.969941490676334 0
    endloop
  endfacet
  facet normal -0.8032075314806439 -0.5956993044924348 0
    outer loop
      vertex 17.160702759368146 -27.222175254337273 1
      vertex 16.973633450760758 -26.969941490676334 0
      vertex 17.160702759368146 -27.222175254337273 0
    endloop
  endfacet
  facet normal -0.6715589548470221 -0.7409511253549558 0
    outer loop
      vertex 16.76274169979695 -26.73725830020305 1
      vertex 16.530058509323666 -26.526366549239242 0
      vertex 16.76274169979695 -26.73725830020305 0
    endloop
  endfacet
  facet normal -0.5141027441932213 -0.8577286100002723 0
    outer loop
      vertex 16.008469557843192 -26.177851954085263 1
      vertex 16.008469557843192 -26.177851954085263 0
      vertex 16.277824745662727 -26.339297240631854 1
    endloop
  endfacet
  facet normal -0.5956993044924348 -0.8032075314806439 0
    outer loop
      vertex 16.277824745662727 -26.339297240631854 1
      vertex 16.277824745662727 -26.339297240631854 0
      vertex 16.530058509323666 -26.526366549239242 1
    endloop
  endfacet
  facet normal -0.7409511253549558 -0.6715589548470221 0
    outer loop
      vertex 16.76274169979695 -26.73725830020305 1
      vertex 16.76274169979695 -26.73725830020305 0
      vertex 16.973633450760758 -26.969941490676334 1
    endloop
  endfacet
  facet normal -0.8032075314806439 -0.5956993044924348 0
    outer loop
      vertex 16.973633450760758 -26.969941490676334 1
      vertex 16.973633450760758 -26.969941490676334 0
      vertex 17.160702759368146 -27.222175254337273 1
    endloop
  endfacet
  facet normal -0.6715589548470221 -0.7409511253549558 0
    outer loop
      vertex 16.530058509323666 -26.526366549239242 1
      vertex 16.530058509323666 -26.526366549239242 0
      vertex 16.76274169979695 -26.73725830020305 1
    endloop
  endfacet
  facet normal 0 0 -1
    outer loop
      vertex 14.666629138560253 -27.308185964657266 1
      vertex 14.813654849054593 -25.81540887464897 1
      vertex 14.831653547427418 -27.332665023314508 1
    endloop
  endfacet
  facet normal 0 0 -1
    outer loop
      vertex 14.831653547427418 -27.332665023314508 1
      vertex 14.813654849054593 -25.81540887464897 1
      vertex 14.993483951332585 -27.373201429255246 1
    endloop
  endfacet
  facet normal 0 0 -1
    outer loop
      vertex 15.150561835020653 -27.429404794730814 1
      vertex 14.993483951332585 -27.373201429255246 1
      vertex 15.12428903045161 -25.861487102709663 1
    endloop
  endfacet
  facet normal 0 0 -1
    outer loop
      vertex 15.150561835020653 -27.429404794730814 1
      vertex 15.12428903045161 -25.861487102709663 1
      vertex 15.301374452604197 -27.500733850607798 1
    endloop
  endfacet
  facet normal 0 0 -1
    outer loop
      vertex 14.813654849054593 -25.81540887464897 1
      vertex 15.12428903045161 -25.861487102709663 1
      vertex 14.993483951332585 -27.373201429255246 1
    endloop
  endfacet
  facet normal 0 0 -1
    outer loop
      vertex 15.301374452604197 -27.500733850607798 1
      vertex 15.12428903045161 -25.861487102709663 1
      vertex 15.428910967214279 -25.93779092565693 1
    endloop
  endfacet
  facet normal 0 0 -1
    outer loop
      vertex 15.301374452604197 -27.500733850607798 1
      vertex 15.428910967214279 -25.93779092565693 1
      vertex 15.444469396133323 -27.586501659085673 1
    endloop
  endfacet
  facet normal 0 0 -1
    outer loop
      vertex 15.444469396133323 -27.586501659085673 1
      vertex 15.428910967214279 -25.93779092565693 1
      vertex 15.578468583078198 -27.685882229283347 1
    endloop
  endfacet
  facet normal 0 0 -1
    outer loop
      vertex 15.578468583078198 -27.685882229283347 1
      vertex 15.724586983568287 -26.04358549596388 1
      vertex 15.70208152801713 -27.797918471982868 1
    endloop
  endfacet
  facet normal 0 0 -1
    outer loop
      vertex 15.70208152801713 -27.797918471982868 1
      vertex 15.724586983568287 -26.04358549596388 1
      vertex 15.814117770716653 -27.921531416921802 1
    endloop
  endfacet
  facet normal 0 0 -1
    outer loop
      vertex 15.913498340914327 -28.055530603866675 1
      vertex 15.814117770716653 -27.921531416921802 1
      vertex 15.724586983568287 -26.04358549596388 1
    endloop
  endfacet
  facet normal 0 0 -1
    outer loop
      vertex 15.913498340914327 -28.055530603866675 1
      vertex 15.724586983568287 -26.04358549596388 1
      vertex 16.008469557843192 -26.177851954085263 1
    endloop
  endfacet
  facet normal 0 0 -1
    outer loop
      vertex 15.578468583078198 -27.685882229283347 1
      vertex 15.428910967214279 -25.93779092565693 1
      vertex 15.724586983568287 -26.04358549596388 1
    endloop
  endfacet
  facet normal 0 0 -1
    outer loop
      vertex 15.913498340914327 -28.055530603866675 1
      vertex 16.008469557843192 -26.177851954085263 1
      vertex 15.999266149392204 -28.198625547395803 1
    endloop
  endfacet
  facet normal 0 0 -1
    outer loop
      vertex 15.999266149392204 -28.198625547395803 1
      vertex 16.008469557843192 -26.177851954085263 1
      vertex 16.070595205269186 -28.349438164979347 1
    endloop
  endfacet
  facet normal 0 0 -1
    outer loop
      vertex 16.070595205269186 -28.349438164979347 1
      vertex 16.008469557843192 -26.177851954085263 1
      vertex 16.126798570744754 -28.506516048667415 1
    endloop
  endfacet
  facet normal 0 0 -1
    outer loop
      vertex 16.2 -29 1
      vertex 16.191814035342734 -28.833370861439747 1
      vertex 16.277824745662727 -26.339297240631854 1
    endloop
  endfacet
  facet normal 0 0 -1
    outer loop
      vertex 16.167334976685492 -28.66834645257258 1
      vertex 16.126798570744754 -28.506516048667415 1
      vertex 16.277824745662727 -26.339297240631854 1
    endloop
  endfacet
  facet normal 0 0 -1
    outer loop
      vertex 16.167334976685492 -28.66834645257258 1
      vertex 16.277824745662727 -26.339297240631854 1
      vertex 16.191814035342734 -28.833370861439747 1
    endloop
  endfacet
  facet normal 0 0 -1
    outer loop
      vertex 16.008469557843192 -26.177851954085263 1
      vertex 16.277824745662727 -26.339297240631854 1
      vertex 16.126798570744754 -28.506516048667415 1
    endloop
  endfacet
  facet normal 0 0 -1
    outer loop
      vertex 16.530058509323666 -31.473633450760758 1
      vertex 16.277824745662727 -26.339297240631854 1
      vertex 16.530058509323666 -26.526366549239242 1
    endloop
  endfacet
  facet normal -0.8577286100002723 0.5141027441932213 0
    outer loop
      vertex 17.160702759368146 -30.777824745662727 1
      vertex 17.322148045914737 -30.508469557843192 0
      vertex 17.160702759368146 -30.777824745662727 0
    endloop
  endfacet
  facet normal -0.9039892931234439 0.4275550934302809 0
    outer loop
      vertex 17.322148045914737 -30.508469557843192 1
      vertex 17.45641450403612 -30.224586983568287 0
      vertex 17.322148045914737 -30.508469557843192 0
    endloop
  endfacet
  facet normal -0.9415440651830204 0.33688985339222133 0
    outer loop
      vertex 17.45641450403612 -30.224586983568287 1
      vertex 17.56220907434307 -29.92891096721428 0
      vertex 17.45641450403612 -30.224586983568287 0
    endloop
  endfacet
  facet normal -0.9700312531945454 0.2429801799032583 0
    outer loop
      vertex 17.56220907434307 -29.92891096721428 1
      vertex 17.638512897290337 -29.62428903045161 0
      vertex 17.56220907434307 -29.92891096721428 0
    endloop
  endfacet
  facet normal -0.9891765099647806 0.14673047445536444 0
    outer loop
      vertex 17.638512897290337 -29.62428903045161 1
      vertex 17.68459112535103 -29.313654849054593 0
      vertex 17.638512897290337 -29.62428903045161 0
    endloop
  endfacet
  facet normal -0.9987954562051725 0.04906767432741541 0
    outer loop
      vertex 17.68459112535103 -29.313654849054593 1
      vertex 17.7 -29 0
      vertex 17.68459112535103 -29.313654849054593 0
    endloop
  endfacet
  facet normal -0.9987954562051725 -0.04906767432741541 0
    outer loop
      vertex 17.7 -29 1
      vertex 17.68459112535103 -28.686345150945407 0
      vertex 17.7 -29 0
    endloop
  endfacet
  facet normal -0.9700312531945454 -0.2429801799032583 0
    outer loop
      vertex 17.638512897290337 -28.37571096954839 1
      vertex 17.56220907434307 -28.07108903278572 0
      vertex 17.638512897290337 -28.37571096954839 0
    endloop
  endfacet
  facet normal -0.9891765099647806 -0.14673047445536444 0
    outer loop
      vertex 17.68459112535103 -28.686345150945407 1
      vertex 17.638512897290337 -28.37571096954839 0
      vertex 17.68459112535103 -28.686345150945407 0
    endloop
  endfacet
  facet normal -0.8577286100002723 0.5141027441932213 -9.812840315208272e-18
    outer loop
      vertex 17.160702759368146 -30.777824745662727 1
      vertex 17.322148045914737 -30.508469557843192 1
      vertex 17.322148045914737 -30.508469557843192 0
    endloop
  endfacet
  facet normal -0.9039892931234439 0.4275550934302809 -5.739774279327228e-18
    outer loop
      vertex 17.322148045914737 -30.508469557843192 1
      vertex 17.45641450403612 -30.224586983568287 1
      vertex 17.45641450403612 -30.224586983568287 0
    endloop
  endfacet
  facet normal -0.9415440651830204 0.33688985339222133 -6.61547671855983e-18
    outer loop
      vertex 17.45641450403612 -30.224586983568287 1
      vertex 17.56220907434307 -29.92891096721428 1
      vertex 17.56220907434307 -29.92891096721428 0
    endloop
  endfacet
  facet normal -0.9700312531945454 0.2429801799032583 3.759399793625668e-18
    outer loop
      vertex 17.56220907434307 -29.92891096721428 1
      vertex 17.638512897290337 -29.62428903045161 1
      vertex 17.638512897290337 -29.62428903045161 0
    endloop
  endfacet
  facet normal -0.9891765099647806 0.14673047445536444 -2.5061906152673715e-18
    outer loop
      vertex 17.638512897290337 -29.62428903045161 1
      vertex 17.68459112535103 -29.313654849054593 1
      vertex 17.68459112535103 -29.313654849054593 0
    endloop
  endfacet
  facet normal -0.9987954562051725 0.04906767432741541 4.0828981297529697e-19
    outer loop
      vertex 17.68459112535103 -29.313654849054593 1
      vertex 17.7 -29 1
      vertex 17.7 -29 0
    endloop
  endfacet
  facet normal -0.9700312531945454 -0.2429801799032583 0
    outer loop
      vertex 17.56220907434307 -28.07108903278572 1
      vertex 17.56220907434307 -28.07108903278572 0
      vertex 17.638512897290337 -28.37571096954839 1
    endloop
  endfacet
  facet normal -0.9987954562051725 -0.04906767432741541 -4.0828981297529697e-19
    outer loop
      vertex 17.7 -29 1
      vertex 17.68459112535103 -28.686345150945407 1
      vertex 17.68459112535103 -28.686345150945407 0
    endloop
  endfacet
  facet normal -0.9891765099647806 -0.14673047445536444 2.5061906152673715e-18
    outer loop
      vertex 17.68459112535103 -28.686345150945407 1
      vertex 17.638512897290337 -28.37571096954839 1
      vertex 17.638512897290337 -28.37571096954839 0
    endloop
  endfacet
  facet normal 0 0 -1
    outer loop
      vertex 17.160702759368146 -30.777824745662727 1
      vertex 17.160702759368146 -27.222175254337273 1
      vertex 17.322148045914737 -30.508469557843192 1
    endloop
  endfacet
  facet normal 0 0 -1
    outer loop
      vertex 17.322148045914737 -30.508469557843192 1
      vertex 17.322148045914737 -27.491530442156808 1
      vertex 17.45641450403612 -30.224586983568287 1
    endloop
  endfacet
  facet normal 0 0 -1
    outer loop
      vertex 17.45641450403612 -30.224586983568287 1
      vertex 17.45641450403612 -27.775413016431713 1
      vertex 17.56220907434307 -29.92891096721428 1
    endloop
  endfacet
  facet normal 0 0 -1
    outer loop
      vertex 17.322148045914737 -30.508469557843192 1
      vertex 17.160702759368146 -27.222175254337273 1
      vertex 17.322148045914737 -27.491530442156808 1
    endloop
  endfacet
  facet normal 0 0 -1
    outer loop
      vertex 17.45641450403612 -30.224586983568287 1
      vertex 17.322148045914737 -27.491530442156808 1
      vertex 17.45641450403612 -27.775413016431713 1
    endloop
  endfacet
  facet normal 0 0 -1
    outer loop
      vertex 17.56220907434307 -29.92891096721428 1
      vertex 17.56220907434307 -28.07108903278572 1
      vertex 17.638512897290337 -29.62428903045161 1
    endloop
  endfacet
  facet normal 0 0 -1
    outer loop
      vertex 17.638512897290337 -29.62428903045161 1
      vertex 17.638512897290337 -28.37571096954839 1
      vertex 17.68459112535103 -29.313654849054593 1
    endloop
  endfacet
  facet normal 0 0 -1
    outer loop
      vertex 17.68459112535103 -29.313654849054593 1
      vertex 17.68459112535103 -28.686345150945407 1
      vertex 17.7 -29 1
    endloop
  endfacet
  facet normal 0 0 -1
    outer loop
      vertex 17.56220907434307 -29.92891096721428 1
      vertex 17.45641450403612 -27.775413016431713 1
      vertex 17.56220907434307 -28.07108903278572 1
    endloop
  endfacet
  facet normal 0 0 -1
    outer loop
      vertex 17.638512897290337 -29.62428903045161 1
      vertex 17.56220907434307 -28.07108903278572 1
      vertex 17.638512897290337 -28.37571096954839 1
    endloop
  endfacet
  facet normal 0 0 -1
    outer loop
      vertex 17.68459112535103 -29.313654849054593 1
      vertex 17.638512897290337 -28.37571096954839 1
      vertex 17.68459112535103 -28.686345150945407 1
    endloop
  endfacet
  facet normal -0.9039892931234439 -0.4275550934302809 0
    outer loop
      vertex 17.45641450403612 -27.775413016431713 1
      vertex 17.322148045914737 -27.491530442156808 0
      vertex 17.45641450403612 -27.775413016431713 0
    endloop
  endfacet
  facet normal -0.8577286100002723 -0.5141027441932213 0
    outer loop
      vertex 17.322148045914737 -27.491530442156808 1
      vertex 17.160702759368146 -27.222175254337273 0
      vertex 17.322148045914737 -27.491530442156808 0
    endloop
  endfacet
  facet normal -0.9415440651830204 -0.33688985339222133 0
    outer loop
      vertex 17.56220907434307 -28.07108903278572 1
      vertex 17.45641450403612 -27.775413016431713 0
      vertex 17.56220907434307 -28.07108903278572 0
    endloop
  endfacet
  facet normal -0.9415440651830204 -0.33688985339222133 0
    outer loop
      vertex 17.45641450403612 -27.775413016431713 1
      vertex 17.45641450403612 -27.775413016431713 0
      vertex 17.56220907434307 -28.07108903278572 1
    endloop
  endfacet
  facet normal -0.9039892931234439 -0.4275550934302809 0
    outer loop
      vertex 17.322148045914737 -27.491530442156808 1
      vertex 17.322148045914737 -27.491530442156808 0
      vertex 17.45641450403612 -27.775413016431713 1
    endloop
  endfacet
  facet normal -0.8577286100002723 -0.5141027441932213 9.812840315208272e-18
    outer loop
      vertex 17.322148045914737 -27.491530442156808 1
      vertex 17.160702759368146 -27.222175254337273 1
      vertex 17.160702759368146 -27.222175254337273 0
    endloop
  endfacet
  facet normal 0.8032075314806215 0.5956993044924649 1.468673264709644e-18
    outer loop
      vertex -30.814117770716653 117.92153141692181 1
      vertex -30.913498340914327 118.05553060386667 1
      vertex -30.913498340914327 118.05553060386667 3
    endloop
  endfacet
  facet normal 0.6715589548470013 0.7409511253549746 0
    outer loop
      vertex -30.702081528017132 117.79791847198287 1
      vertex -30.702081528017132 117.79791847198287 3
      vertex -30.578468583078198 117.68588222928335 1
    endloop
  endfacet
  facet normal 0.7409511253549832 0.6715589548469918 0
    outer loop
      vertex -30.814117770716653 117.92153141692181 1
      vertex -30.814117770716653 117.92153141692181 3
      vertex -30.702081528017132 117.79791847198287 1
    endloop
  endfacet
  facet normal 0.5956993044924618 0.8032075314806238 0
    outer loop
      vertex -30.578468583078198 117.68588222928335 1
      vertex -30.578468583078198 117.68588222928335 3
      vertex -30.444469396133325 117.58650165908567 1
    endloop
  endfacet
  facet normal 0.514102744193184 0.8577286100002947 0
    outer loop
      vertex -30.444469396133325 117.58650165908567 1
      vertex -30.444469396133325 117.58650165908567 3
      vertex -30.301374452604197 117.5007338506078 1
    endloop
  endfacet
  facet normal 0.3368898533922202 0.9415440651830207 -1.0504980084579302e-18
    outer loop
      vertex -29.993483951332585 117.37320142925525 1
      vertex -30.150561835020653 117.42940479473081 1
      vertex -30.150561835020653 117.42940479473081 3
    endloop
  endfacet
  facet normal 0.42755509343029674 0.9039892931234363 0
    outer loop
      vertex -30.301374452604197 117.5007338506078 1
      vertex -30.301374452604197 117.5007338506078 3
      vertex -30.150561835020653 117.42940479473081 1
    endloop
  endfacet
  facet normal 0.24298017990329382 0.9700312531945365 0
    outer loop
      vertex -29.993483951332585 117.37320142925525 1
      vertex -29.993483951332585 117.37320142925525 3
      vertex -29.83165354742742 117.3326650233145 1
    endloop
  endfacet
  facet normal 0.14673047445531523 0.9891765099647878 0
    outer loop
      vertex -29.83165354742742 117.3326650233145 1
      vertex -29.83165354742742 117.3326650233145 3
      vertex -29.666629138560253 117.30818596465727 1
    endloop
  endfacet
  facet normal 0.9415440651830158 0.33688985339223376 0
    outer loop
      vertex -31.126798570744754 118.50651604866741 1
      vertex -31.126798570744754 118.50651604866741 3
      vertex -31.070595205269186 118.34943816497935 1
    endloop
  endfacet
  facet normal 0.9700312531945428 0.24298017990326878 7.554845840387305e-20
    outer loop
      vertex -31.126798570744754 118.50651604866741 1
      vertex -31.167334976685492 118.66834645257258 1
      vertex -31.167334976685492 118.66834645257258 3
    endloop
  endfacet
  facet normal 0.9891765099647821 0.1467304744553538 0
    outer loop
      vertex -31.191814035342734 118.83337086143975 1
      vertex -31.191814035342734 118.83337086143975 3
      vertex -31.167334976685492 118.66834645257258 1
    endloop
  endfacet
  facet normal 0.9039892931234408 0.4275550934302876 0
    outer loop
      vertex -31.070595205269186 118.34943816497935 1
      vertex -31.070595205269186 118.34943816497935 3
      vertex -30.999266149392202 118.1986255473958 1
    endloop
  endfacet
  facet normal 0.8577286100002872 0.5141027441931966 0
    outer loop
      vertex -30.999266149392202 118.1986255473958 1
      vertex -30.999266149392202 118.1986255473958 3
      vertex -30.913498340914327 118.05553060386667 1
    endloop
  endfacet
  facet normal 0.9987954562051724 0.04906767432741787 -1.0175603021745209e-19
    outer loop
      vertex -31.191814035342734 118.83337086143975 1
      vertex -31.2 119 1
      vertex -31.2 119 3
    endloop
  endfacet
  facet normal 0.9987954562051724 -0.04906767432741787 1.0175603021745209e-19
    outer loop
      vertex -31.2 119 1
      vertex -31.191814035342734 119.16662913856025 1
      vertex -31.191814035342734 119.16662913856025 3
    endloop
  endfacet
  facet normal 0.9891765099647821 -0.1467304744553538 -9.396119795039673e-19
    outer loop
      vertex -31.191814035342734 119.16662913856025 1
      vertex -31.167334976685492 119.33165354742742 1
      vertex -31.167334976685492 119.33165354742742 3
    endloop
  endfacet
  facet normal 0.9700312531945428 -0.24298017990326878 -7.554845840387305e-20
    outer loop
      vertex -31.167334976685492 119.33165354742742 1
      vertex -31.126798570744754 119.49348395133259 1
      vertex -31.126798570744754 119.49348395133259 3
    endloop
  endfacet
  facet normal 0.9415440651830158 -0.33688985339223376 -3.603008364805194e-20
    outer loop
      vertex -31.126798570744754 119.49348395133259 1
      vertex -31.070595205269186 119.65056183502065 1
      vertex -31.070595205269186 119.65056183502065 3
    endloop
  endfacet
  facet normal 0.9039892931234408 -0.4275550934302876 -1.9000452049074774e-18
    outer loop
      vertex -31.070595205269186 119.65056183502065 1
      vertex -30.999266149392202 119.8013744526042 1
      vertex -30.999266149392202 119.8013744526042 3
    endloop
  endfacet
  facet normal 0.8577286100002872 -0.5141027441931966 -5.073698329362254e-19
    outer loop
      vertex -30.999266149392202 119.8013744526042 1
      vertex -30.913498340914327 119.94446939613333 1
      vertex -30.913498340914327 119.94446939613333 3
    endloop
  endfacet
  facet normal 0.8032075314806215 -0.5956993044924649 -1.468673264709644e-18
    outer loop
      vertex -30.913498340914327 119.94446939613333 1
      vertex -30.814117770716653 120.07846858307819 1
      vertex -30.814117770716653 120.07846858307819 3
    endloop
  endfacet
  facet normal 0.7409511253549832 -0.6715589548469918 1.2760216372688407e-18
    outer loop
      vertex -30.814117770716653 120.07846858307819 1
      vertex -30.702081528017132 120.20208152801713 1
      vertex -30.702081528017132 120.20208152801713 3
    endloop
  endfacet
  facet normal 0.6715589548470013 -0.7409511253549746 9.653181419019261e-19
    outer loop
      vertex -30.702081528017132 120.20208152801713 1
      vertex -30.578468583078198 120.31411777071665 1
      vertex -30.578468583078198 120.31411777071665 3
    endloop
  endfacet
  facet normal 0.5956993044924618 -0.8032075314806238 8.963485045909461e-19
    outer loop
      vertex -30.578468583078198 120.31411777071665 1
      vertex -30.444469396133325 120.41349834091433 1
      vertex -30.444469396133325 120.41349834091433 3
    endloop
  endfacet
  facet normal 0.514102744193184 -0.8577286100002947 2.4985663369597428e-18
    outer loop
      vertex -30.444469396133325 120.41349834091433 1
      vertex -30.301374452604197 120.4992661493922 1
      vertex -30.301374452604197 120.4992661493922 3
    endloop
  endfacet
  facet normal 0.42755509343029674 -0.9039892931234363 -2.1800295682775644e-18
    outer loop
      vertex -30.301374452604197 120.4992661493922 1
      vertex -30.150561835020653 120.57059520526919 1
      vertex -30.150561835020653 120.57059520526919 3
    endloop
  endfacet
  facet normal 0.3368898533922202 -0.9415440651830207 1.0504980084579302e-18
    outer loop
      vertex -30.150561835020653 120.57059520526919 1
      vertex -29.993483951332585 120.62679857074475 1
      vertex -29.993483951332585 120.62679857074475 3
    endloop
  endfacet
  facet normal 0.24298017990329382 -0.9700312531945365 -5.429043564723009e-19
    outer loop
      vertex -29.993483951332585 120.62679857074475 1
      vertex -29.83165354742742 120.6673349766855 1
      vertex -29.83165354742742 120.6673349766855 3
    endloop
  endfacet
  facet normal 0.14673047445531523 -0.9891765099647878 1.2799196190101195e-18
    outer loop
      vertex -29.83165354742742 120.6673349766855 1
      vertex -29.666629138560253 120.69181403534273 1
      vertex -29.666629138560253 120.69181403534273 3
    endloop
  endfacet
  facet normal 0.04906767432746035 0.9987954562051702 0
    outer loop
      vertex -29.666629138560253 117.30818596465727 1
      vertex -29.666629138560253 117.30818596465727 3
      vertex -29.5 117.3 1
    endloop
  endfacet
  facet normal -0.04906767432746035 0.9987954562051702 0
    outer loop
      vertex -29.5 117.3 1
      vertex -29.5 117.3 3
      vertex -29.333370861439747 117.30818596465727 1
    endloop
  endfacet
  facet normal -0.14673047445531523 0.9891765099647878 0
    outer loop
      vertex -29.333370861439747 117.30818596465727 1
      vertex -29.333370861439747 117.30818596465727 3
      vertex -29.16834645257258 117.3326650233145 1
    endloop
  endfacet
  facet normal -0.24298017990329382 0.9700312531945365 0
    outer loop
      vertex -29.16834645257258 117.3326650233145 1
      vertex -29.16834645257258 117.3326650233145 3
      vertex -29.006516048667415 117.37320142925525 1
    endloop
  endfacet
  facet normal -0.3368898533922202 0.9415440651830207 0
    outer loop
      vertex -29.006516048667415 117.37320142925525 1
      vertex -29.006516048667415 117.37320142925525 3
      vertex -28.849438164979347 117.42940479473081 1
    endloop
  endfacet
  facet normal -0.42755509343029674 0.9039892931234363 0
    outer loop
      vertex -28.849438164979347 117.42940479473081 1
      vertex -28.849438164979347 117.42940479473081 3
      vertex -28.698625547395803 117.5007338506078 1
    endloop
  endfacet
  facet normal -0.514102744193184 0.8577286100002947 0
    outer loop
      vertex -28.698625547395803 117.5007338506078 1
      vertex -28.698625547395803 117.5007338506078 3
      vertex -28.555530603866675 117.58650165908567 1
    endloop
  endfacet
  facet normal -0.5956993044924618 0.8032075314806238 0
    outer loop
      vertex -28.555530603866675 117.58650165908567 1
      vertex -28.555530603866675 117.58650165908567 3
      vertex -28.421531416921802 117.68588222928335 1
    endloop
  endfacet
  facet normal -0.6715589548470013 0.7409511253549746 0
    outer loop
      vertex -28.421531416921802 117.68588222928335 1
      vertex -28.421531416921802 117.68588222928335 3
      vertex -28.297918471982868 117.79791847198287 1
    endloop
  endfacet
  facet normal -0.7409511253549832 0.6715589548469918 0
    outer loop
      vertex -28.297918471982868 117.79791847198287 1
      vertex -28.297918471982868 117.79791847198287 3
      vertex -28.185882229283347 117.92153141692181 1
    endloop
  endfacet
  facet normal -0.8032075314806215 0.5956993044924649 0
    outer loop
      vertex -28.185882229283347 117.92153141692181 1
      vertex -28.185882229283347 117.92153141692181 3
      vertex -28.086501659085673 118.05553060386667 1
    endloop
  endfacet
  facet normal -0.8577286100002872 0.5141027441931966 0
    outer loop
      vertex -28.086501659085673 118.05553060386667 1
      vertex -28.086501659085673 118.05553060386667 3
      vertex -28.000733850607798 118.1986255473958 1
    endloop
  endfacet
  facet normal 0.04906767432746035 -0.9987954562051702 1.690920394959685e-19
    outer loop
      vertex -29.666629138560253 120.69181403534273 1
      vertex -29.5 120.7 1
      vertex -29.5 120.7 3
    endloop
  endfacet
  facet normal -0.04906767432746035 -0.9987954562051702 -1.690920394959685e-19
    outer loop
      vertex -29.5 120.7 1
      vertex -29.333370861439747 120.69181403534273 1
      vertex -29.333370861439747 120.69181403534273 3
    endloop
  endfacet
  facet normal -0.14673047445531523 -0.9891765099647878 -1.2799196190101195e-18
    outer loop
      vertex -29.333370861439747 120.69181403534273 1
      vertex -29.16834645257258 120.6673349766855 1
      vertex -29.16834645257258 120.6673349766855 3
    endloop
  endfacet
  facet normal -0.24298017990329382 -0.9700312531945365 5.429043564723009e-19
    outer loop
      vertex -29.16834645257258 120.6673349766855 1
      vertex -29.006516048667415 120.62679857074475 1
      vertex -29.006516048667415 120.62679857074475 3
    endloop
  endfacet
  facet normal -0.3368898533922202 -0.9415440651830207 -1.0504980084579302e-18
    outer loop
      vertex -29.006516048667415 120.62679857074475 1
      vertex -28.849438164979347 120.57059520526919 1
      vertex -28.849438164979347 120.57059520526919 3
    endloop
  endfacet
  facet normal -0.42755509343029674 -0.9039892931234363 2.1800295682775644e-18
    outer loop
      vertex -28.849438164979347 120.57059520526919 1
      vertex -28.698625547395803 120.4992661493922 1
      vertex -28.698625547395803 120.4992661493922 3
    endloop
  endfacet
  facet normal -0.514102744193184 -0.8577286100002947 -2.4985663369597428e-18
    outer loop
      vertex -28.698625547395803 120.4992661493922 1
      vertex -28.555530603866675 120.41349834091433 1
      vertex -28.555530603866675 120.41349834091433 3
    endloop
  endfacet
  facet normal -0.9039892931234408 0.4275550934302876 0
    outer loop
      vertex -28.000733850607798 118.1986255473958 1
      vertex -28.000733850607798 118.1986255473958 3
      vertex -27.929404794730814 118.34943816497935 1
    endloop
  endfacet
  facet normal -0.9415440651830158 0.33688985339223376 0
    outer loop
      vertex -27.929404794730814 118.34943816497935 1
      vertex -27.929404794730814 118.34943816497935 3
      vertex -27.873201429255246 118.50651604866741 1
    endloop
  endfacet
  facet normal -0.7409511253549832 -0.6715589548469918 -1.2760216372688407e-18
    outer loop
      vertex -28.297918471982868 120.20208152801713 1
      vertex -28.185882229283347 120.07846858307819 1
      vertex -28.185882229283347 120.07846858307819 3
    endloop
  endfacet
  facet normal -0.5956993044924618 -0.8032075314806238 0
    outer loop
      vertex -28.421531416921802 120.31411777071665 1
      vertex -28.421531416921802 120.31411777071665 3
      vertex -28.555530603866675 120.41349834091433 1
    endloop
  endfacet
  facet normal -0.6715589548470013 -0.7409511253549746 -9.653181419019261e-19
    outer loop
      vertex -28.421531416921802 120.31411777071665 1
      vertex -28.297918471982868 120.20208152801713 1
      vertex -28.297918471982868 120.20208152801713 3
    endloop
  endfacet
  facet normal -0.8577286100002872 -0.5141027441931966 5.073698329362254e-19
    outer loop
      vertex -28.086501659085673 119.94446939613333 1
      vertex -28.000733850607798 119.8013744526042 1
      vertex -28.000733850607798 119.8013744526042 3
    endloop
  endfacet
  facet normal -0.8032075314806215 -0.5956993044924649 1.468673264709644e-18
    outer loop
      vertex -28.185882229283347 120.07846858307819 1
      vertex -28.086501659085673 119.94446939613333 1
      vertex -28.086501659085673 119.94446939613333 3
    endloop
  endfacet
  facet normal -0.9039892931234408 -0.4275550934302876 1.9000452049074774e-18
    outer loop
      vertex -28.000733850607798 119.8013744526042 1
      vertex -27.929404794730814 119.65056183502065 1
      vertex -27.929404794730814 119.65056183502065 3
    endloop
  endfacet
  facet normal -0.9415440651830158 -0.33688985339223376 3.603008364805194e-20
    outer loop
      vertex -27.929404794730814 119.65056183502065 1
      vertex -27.873201429255246 119.49348395133259 1
      vertex -27.873201429255246 119.49348395133259 3
    endloop
  endfacet
  facet normal -0.9700312531945428 0.24298017990326878 0
    outer loop
      vertex -27.873201429255246 118.50651604866741 1
      vertex -27.873201429255246 118.50651604866741 3
      vertex -27.832665023314508 118.66834645257258 1
    endloop
  endfacet
  facet normal -0.9891765099647821 0.1467304744553538 0
    outer loop
      vertex -27.832665023314508 118.66834645257258 1
      vertex -27.832665023314508 118.66834645257258 3
      vertex -27.808185964657266 118.83337086143975 1
    endloop
  endfacet
  facet normal -0.9987954562051724 0.04906767432741787 0
    outer loop
      vertex -27.808185964657266 118.83337086143975 1
      vertex -27.808185964657266 118.83337086143975 3
      vertex -27.8 119 1
    endloop
  endfacet
  facet normal -0.9987954562051724 -0.04906767432741787 0
    outer loop
      vertex -27.8 119 1
      vertex -27.8 119 3
      vertex -27.808185964657266 119.16662913856025 1
    endloop
  endfacet
  facet normal -0.9891765099647821 -0.1467304744553538 0
    outer loop
      vertex -27.808185964657266 119.16662913856025 1
      vertex -27.808185964657266 119.16662913856025 3
      vertex -27.832665023314508 119.33165354742742 1
    endloop
  endfacet
  facet normal -0.9700312531945428 -0.24298017990326878 0
    outer loop
      vertex -27.832665023314508 119.33165354742742 1
      vertex -27.832665023314508 119.33165354742742 3
      vertex -27.873201429255246 119.49348395133259 1
    endloop
  endfacet
  facet normal 0.8577286100002872 0.5141027441931966 0
    outer loop
      vertex -30.913498340914327 118.05553060386667 1
      vertex -30.999266149392202 118.1986255473958 3
      vertex -30.913498340914327 118.05553060386667 3
    endloop
  endfacet
  facet normal 0.8032075314806215 0.5956993044924649 0
    outer loop
      vertex -30.814117770716653 117.92153141692181 1
      vertex -30.913498340914327 118.05553060386667 3
      vertex -30.814117770716653 117.92153141692181 3
    endloop
  endfacet
  facet normal 0.7409511253549832 0.6715589548469918 0
    outer loop
      vertex -30.702081528017132 117.79791847198287 1
      vertex -30.814117770716653 117.92153141692181 3
      vertex -30.702081528017132 117.79791847198287 3
    endloop
  endfacet
  facet normal 0.6715589548470013 0.7409511253549746 0
    outer loop
      vertex -30.578468583078198 117.68588222928335 1
      vertex -30.702081528017132 117.79791847198287 3
      vertex -30.578468583078198 117.68588222928335 3
    endloop
  endfacet
  facet normal 0.5956993044924618 0.8032075314806238 0
    outer loop
      vertex -30.444469396133325 117.58650165908567 1
      vertex -30.578468583078198 117.68588222928335 3
      vertex -30.444469396133325 117.58650165908567 3
    endloop
  endfacet
  facet normal 0.514102744193184 0.8577286100002947 0
    outer loop
      vertex -30.301374452604197 117.5007338506078 1
      vertex -30.444469396133325 117.58650165908567 3
      vertex -30.301374452604197 117.5007338506078 3
    endloop
  endfacet
  facet normal 0.3368898533922202 0.9415440651830207 0
    outer loop
      vertex -29.993483951332585 117.37320142925525 1
      vertex -30.150561835020653 117.42940479473081 3
      vertex -29.993483951332585 117.37320142925525 3
    endloop
  endfacet
  facet normal 0.42755509343029674 0.9039892931234363 0
    outer loop
      vertex -30.150561835020653 117.42940479473081 1
      vertex -30.301374452604197 117.5007338506078 3
      vertex -30.150561835020653 117.42940479473081 3
    endloop
  endfacet
  facet normal 0.24298017990329382 0.9700312531945365 0
    outer loop
      vertex -29.83165354742742 117.3326650233145 1
      vertex -29.993483951332585 117.37320142925525 3
      vertex -29.83165354742742 117.3326650233145 3
    endloop
  endfacet
  facet normal 0.14673047445531523 0.9891765099647878 0
    outer loop
      vertex -29.666629138560253 117.30818596465727 1
      vertex -29.83165354742742 117.3326650233145 3
      vertex -29.666629138560253 117.30818596465727 3
    endloop
  endfacet
  facet normal 0.9700312531945428 0.24298017990326878 0
    outer loop
      vertex -31.126798570744754 118.50651604866741 1
      vertex -31.167334976685492 118.66834645257258 3
      vertex -31.126798570744754 118.50651604866741 3
    endloop
  endfacet
  facet normal 0.9891765099647821 0.1467304744553538 0
    outer loop
      vertex -31.167334976685492 118.66834645257258 1
      vertex -31.191814035342734 118.83337086143975 3
      vertex -31.167334976685492 118.66834645257258 3
    endloop
  endfacet
  facet normal 0.9415440651830158 0.33688985339223376 0
    outer loop
      vertex -31.070595205269186 118.34943816497935 1
      vertex -31.126798570744754 118.50651604866741 3
      vertex -31.070595205269186 118.34943816497935 3
    endloop
  endfacet
  facet normal 0.9039892931234408 0.4275550934302876 0
    outer loop
      vertex -30.999266149392202 118.1986255473958 1
      vertex -31.070595205269186 118.34943816497935 3
      vertex -30.999266149392202 118.1986255473958 3
    endloop
  endfacet
  facet normal 0.9987954562051724 0.04906767432741787 0
    outer loop
      vertex -31.191814035342734 118.83337086143975 1
      vertex -31.2 119 3
      vertex -31.191814035342734 118.83337086143975 3
    endloop
  endfacet
  facet normal 0.9987954562051724 -0.04906767432741787 0
    outer loop
      vertex -31.2 119 1
      vertex -31.191814035342734 119.16662913856025 3
      vertex -31.2 119 3
    endloop
  endfacet
  facet normal 0.9891765099647821 -0.1467304744553538 0
    outer loop
      vertex -31.191814035342734 119.16662913856025 1
      vertex -31.167334976685492 119.33165354742742 3
      vertex -31.191814035342734 119.16662913856025 3
    endloop
  endfacet
  facet normal 0.9700312531945428 -0.24298017990326878 0
    outer loop
      vertex -31.167334976685492 119.33165354742742 1
      vertex -31.126798570744754 119.49348395133259 3
      vertex -31.167334976685492 119.33165354742742 3
    endloop
  endfacet
  facet normal 0.9415440651830158 -0.33688985339223376 0
    outer loop
      vertex -31.126798570744754 119.49348395133259 1
      vertex -31.070595205269186 119.65056183502065 3
      vertex -31.126798570744754 119.49348395133259 3
    endloop
  endfacet
  facet normal 0.9039892931234408 -0.4275550934302876 0
    outer loop
      vertex -31.070595205269186 119.65056183502065 1
      vertex -30.999266149392202 119.8013744526042 3
      vertex -31.070595205269186 119.65056183502065 3
    endloop
  endfacet
  facet normal 0.8577286100002872 -0.5141027441931966 0
    outer loop
      vertex -30.999266149392202 119.8013744526042 1
      vertex -30.913498340914327 119.94446939613333 3
      vertex -30.999266149392202 119.8013744526042 3
    endloop
  endfacet
  facet normal 0.8032075314806215 -0.5956993044924649 0
    outer loop
      vertex -30.913498340914327 119.94446939613333 1
      vertex -30.814117770716653 120.07846858307819 3
      vertex -30.913498340914327 119.94446939613333 3
    endloop
  endfacet
  facet normal 0.7409511253549832 -0.6715589548469918 0
    outer loop
      vertex -30.814117770716653 120.07846858307819 1
      vertex -30.702081528017132 120.20208152801713 3
      vertex -30.814117770716653 120.07846858307819 3
    endloop
  endfacet
  facet normal 0.6715589548470013 -0.7409511253549746 0
    outer loop
      vertex -30.702081528017132 120.20208152801713 1
      vertex -30.578468583078198 120.31411777071665 3
      vertex -30.702081528017132 120.20208152801713 3
    endloop
  endfacet
  facet normal 0.5956993044924618 -0.8032075314806238 0
    outer loop
      vertex -30.578468583078198 120.31411777071665 1
      vertex -30.444469396133325 120.41349834091433 3
      vertex -30.578468583078198 120.31411777071665 3
    endloop
  endfacet
  facet normal 0.514102744193184 -0.8577286100002947 0
    outer loop
      vertex -30.444469396133325 120.41349834091433 1
      vertex -30.301374452604197 120.4992661493922 3
      vertex -30.444469396133325 120.41349834091433 3
    endloop
  endfacet
  facet normal 0.42755509343029674 -0.9039892931234363 0
    outer loop
      vertex -30.301374452604197 120.4992661493922 1
      vertex -30.150561835020653 120.57059520526919 3
      vertex -30.301374452604197 120.4992661493922 3
    endloop
  endfacet
  facet normal 0.3368898533922202 -0.9415440651830207 0
    outer loop
      vertex -30.150561835020653 120.57059520526919 1
      vertex -29.993483951332585 120.62679857074475 3
      vertex -30.150561835020653 120.57059520526919 3
    endloop
  endfacet
  facet normal 0.24298017990329382 -0.9700312531945365 0
    outer loop
      vertex -29.993483951332585 120.62679857074475 1
      vertex -29.83165354742742 120.6673349766855 3
      vertex -29.993483951332585 120.62679857074475 3
    endloop
  endfacet
  facet normal 0.14673047445531523 -0.9891765099647878 0
    outer loop
      vertex -29.83165354742742 120.6673349766855 1
      vertex -29.666629138560253 120.69181403534273 3
      vertex -29.83165354742742 120.6673349766855 3
    endloop
  endfacet
  facet normal 0.04906767432746035 0.9987954562051702 0
    outer loop
      vertex -29.5 117.3 1
      vertex -29.666629138560253 117.30818596465727 3
      vertex -29.5 117.3 3
    endloop
  endfacet
  facet normal -0.04906767432746035 0.9987954562051702 0
    outer loop
      vertex -29.333370861439747 117.30818596465727 1
      vertex -29.5 117.3 3
      vertex -29.333370861439747 117.30818596465727 3
    endloop
  endfacet
  facet normal -0.14673047445531523 0.9891765099647878 0
    outer loop
      vertex -29.16834645257258 117.3326650233145 1
      vertex -29.333370861439747 117.30818596465727 3
      vertex -29.16834645257258 117.3326650233145 3
    endloop
  endfacet
  facet normal -0.24298017990329382 0.9700312531945365 0
    outer loop
      vertex -29.006516048667415 117.37320142925525 1
      vertex -29.16834645257258 117.3326650233145 3
      vertex -29.006516048667415 117.37320142925525 3
    endloop
  endfacet
  facet normal -0.3368898533922202 0.9415440651830207 0
    outer loop
      vertex -28.849438164979347 117.42940479473081 1
      vertex -29.006516048667415 117.37320142925525 3
      vertex -28.849438164979347 117.42940479473081 3
    endloop
  endfacet
  facet normal -0.42755509343029674 0.9039892931234363 0
    outer loop
      vertex -28.698625547395803 117.5007338506078 1
      vertex -28.849438164979347 117.42940479473081 3
      vertex -28.698625547395803 117.5007338506078 3
    endloop
  endfacet
  facet normal -0.514102744193184 0.8577286100002947 0
    outer loop
      vertex -28.555530603866675 117.58650165908567 1
      vertex -28.698625547395803 117.5007338506078 3
      vertex -28.555530603866675 117.58650165908567 3
    endloop
  endfacet
  facet normal -0.5956993044924618 0.8032075314806238 0
    outer loop
      vertex -28.421531416921802 117.68588222928335 1
      vertex -28.555530603866675 117.58650165908567 3
      vertex -28.421531416921802 117.68588222928335 3
    endloop
  endfacet
  facet normal -0.6715589548470013 0.7409511253549746 0
    outer loop
      vertex -28.297918471982868 117.79791847198287 1
      vertex -28.421531416921802 117.68588222928335 3
      vertex -28.297918471982868 117.79791847198287 3
    endloop
  endfacet
  facet normal -0.7409511253549832 0.6715589548469918 0
    outer loop
      vertex -28.185882229283347 117.92153141692181 1
      vertex -28.297918471982868 117.79791847198287 3
      vertex -28.185882229283347 117.92153141692181 3
    endloop
  endfacet
  facet normal -0.8032075314806215 0.5956993044924649 0
    outer loop
      vertex -28.086501659085673 118.05553060386667 1
      vertex -28.185882229283347 117.92153141692181 3
      vertex -28.086501659085673 118.05553060386667 3
    endloop
  endfacet
  facet normal 0.04906767432746035 -0.9987954562051702 0
    outer loop
      vertex -29.666629138560253 120.69181403534273 1
      vertex -29.5 120.7 3
      vertex -29.666629138560253 120.69181403534273 3
    endloop
  endfacet
  facet normal -0.04906767432746035 -0.9987954562051702 0
    outer loop
      vertex -29.5 120.7 1
      vertex -29.333370861439747 120.69181403534273 3
      vertex -29.5 120.7 3
    endloop
  endfacet
  facet normal -0.14673047445531523 -0.9891765099647878 0
    outer loop
      vertex -29.333370861439747 120.69181403534273 1
      vertex -29.16834645257258 120.6673349766855 3
      vertex -29.333370861439747 120.69181403534273 3
    endloop
  endfacet
  facet normal -0.24298017990329382 -0.9700312531945365 0
    outer loop
      vertex -29.16834645257258 120.6673349766855 1
      vertex -29.006516048667415 120.62679857074475 3
      vertex -29.16834645257258 120.6673349766855 3
    endloop
  endfacet
  facet normal -0.3368898533922202 -0.9415440651830207 0
    outer loop
      vertex -29.006516048667415 120.62679857074475 1
      vertex -28.849438164979347 120.57059520526919 3
      vertex -29.006516048667415 120.62679857074475 3
    endloop
  endfacet
  facet normal -0.42755509343029674 -0.9039892931234363 0
    outer loop
      vertex -28.849438164979347 120.57059520526919 1
      vertex -28.698625547395803 120.4992661493922 3
      vertex -28.849438164979347 120.57059520526919 3
    endloop
  endfacet
  facet normal -0.514102744193184 -0.8577286100002947 0
    outer loop
      vertex -28.698625547395803 120.4992661493922 1
      vertex -28.555530603866675 120.41349834091433 3
      vertex -28.698625547395803 120.4992661493922 3
    endloop
  endfacet
  facet normal -0.5956993044924618 -0.8032075314806238 0
    outer loop
      vertex -28.555530603866675 120.41349834091433 1
      vertex -28.421531416921802 120.31411777071665 3
      vertex -28.555530603866675 120.41349834091433 3
    endloop
  endfacet
  facet normal -0.8577286100002872 0.5141027441931966 0
    outer loop
      vertex -28.000733850607798 118.1986255473958 1
      vertex -28.086501659085673 118.05553060386667 3
      vertex -28.000733850607798 118.1986255473958 3
    endloop
  endfacet
  facet normal -0.9039892931234408 0.4275550934302876 0
    outer loop
      vertex -27.929404794730814 118.34943816497935 1
      vertex -28.000733850607798 118.1986255473958 3
      vertex -27.929404794730814 118.34943816497935 3
    endloop
  endfacet
  facet normal -0.9415440651830158 0.33688985339223376 0
    outer loop
      vertex -27.873201429255246 118.50651604866741 1
      vertex -27.929404794730814 118.34943816497935 3
      vertex -27.873201429255246 118.50651604866741 3
    endloop
  endfacet
  facet normal -0.7409511253549832 -0.6715589548469918 0
    outer loop
      vertex -28.297918471982868 120.20208152801713 1
      vertex -28.185882229283347 120.07846858307819 3
      vertex -28.297918471982868 120.20208152801713 3
    endloop
  endfacet
  facet normal -0.6715589548470013 -0.7409511253549746 0
    outer loop
      vertex -28.421531416921802 120.31411777071665 1
      vertex -28.297918471982868 120.20208152801713 3
      vertex -28.421531416921802 120.31411777071665 3
    endloop
  endfacet
  facet normal -0.8032075314806215 -0.5956993044924649 0
    outer loop
      vertex -28.185882229283347 120.07846858307819 1
      vertex -28.086501659085673 119.94446939613333 3
      vertex -28.185882229283347 120.07846858307819 3
    endloop
  endfacet
  facet normal -0.8577286100002872 -0.5141027441931966 0
    outer loop
      vertex -28.086501659085673 119.94446939613333 1
      vertex -28.000733850607798 119.8013744526042 3
      vertex -28.086501659085673 119.94446939613333 3
    endloop
  endfacet
  facet normal -0.9039892931234408 -0.4275550934302876 0
    outer loop
      vertex -28.000733850607798 119.8013744526042 1
      vertex -27.929404794730814 119.65056183502065 3
      vertex -28.000733850607798 119.8013744526042 3
    endloop
  endfacet
  facet normal -0.9415440651830158 -0.33688985339223376 0
    outer loop
      vertex -27.929404794730814 119.65056183502065 1
      vertex -27.873201429255246 119.49348395133259 3
      vertex -27.929404794730814 119.65056183502065 3
    endloop
  endfacet
  facet normal -0.9700312531945428 0.24298017990326878 0
    outer loop
      vertex -27.832665023314508 118.66834645257258 1
      vertex -27.873201429255246 118.50651604866741 3
      vertex -27.832665023314508 118.66834645257258 3
    endloop
  endfacet
  facet normal -0.9891765099647821 0.1467304744553538 0
    outer loop
      vertex -27.808185964657266 118.83337086143975 1
      vertex -27.832665023314508 118.66834645257258 3
      vertex -27.808185964657266 118.83337086143975 3
    endloop
  endfacet
  facet normal -0.9987954562051724 0.04906767432741787 0
    outer loop
      vertex -27.8 119 1
      vertex -27.808185964657266 118.83337086143975 3
      vertex -27.8 119 3
    endloop
  endfacet
  facet normal -0.9987954562051724 -0.04906767432741787 0
    outer loop
      vertex -27.808185964657266 119.16662913856025 1
      vertex -27.8 119 3
      vertex -27.808185964657266 119.16662913856025 3
    endloop
  endfacet
  facet normal -0.9891765099647821 -0.1467304744553538 0
    outer loop
      vertex -27.832665023314508 119.33165354742742 1
      vertex -27.808185964657266 119.16662913856025 3
      vertex -27.832665023314508 119.33165354742742 3
    endloop
  endfacet
  facet normal -0.9700312531945428 -0.24298017990326878 0
    outer loop
      vertex -27.873201429255246 119.49348395133259 1
      vertex -27.832665023314508 119.33165354742742 3
      vertex -27.873201429255246 119.49348395133259 3
    endloop
  endfacet
  facet normal 0.9415440651830239 0.33688985339221134 0
    outer loop
      vertex -32.562209074343066 118.07108903278572 1
      vertex -32.45641450403612 117.77541301643171 0
      vertex -32.562209074343066 118.07108903278572 0
    endloop
  endfacet
  facet normal 0.8577286100002612 0.5141027441932395 0
    outer loop
      vertex -32.32214804591474 117.4915304421568 1
      vertex -32.16070275936814 117.22217525433727 0
      vertex -32.32214804591474 117.4915304421568 0
    endloop
  endfacet
  facet normal 0.903989293123448 0.42755509343027215 0
    outer loop
      vertex -32.45641450403612 117.77541301643171 1
      vertex -32.32214804591474 117.4915304421568 0
      vertex -32.45641450403612 117.77541301643171 0
    endloop
  endfacet
  facet normal 0.8577286100002612 0.5141027441932395 0
    outer loop
      vertex -32.16070275936814 117.22217525433727 1
      vertex -32.16070275936814 117.22217525433727 0
      vertex -32.32214804591474 117.4915304421568 1
    endloop
  endfacet
  facet normal 0.903989293123448 0.42755509343027215 -5.061952478207478e-18
    outer loop
      vertex -32.45641450403612 117.77541301643171 1
      vertex -32.32214804591474 117.4915304421568 1
      vertex -32.32214804591474 117.4915304421568 0
    endloop
  endfacet
  facet normal 0.9415440651830239 0.33688985339221134 -6.948843051791534e-18
    outer loop
      vertex -32.562209074343066 118.07108903278572 1
      vertex -32.45641450403612 117.77541301643171 1
      vertex -32.45641450403612 117.77541301643171 0
    endloop
  endfacet
  facet normal 0.9891765099647799 0.14673047445536938 0
    outer loop
      vertex -32.684591125351034 118.6863451509454 1
      vertex -32.63851289729034 118.3757109695484 0
      vertex -32.684591125351034 118.6863451509454 0
    endloop
  endfacet
  facet normal 0.9700312531945408 0.24298017990327692 0
    outer loop
      vertex -32.63851289729034 118.3757109695484 1
      vertex -32.562209074343066 118.07108903278572 0
      vertex -32.63851289729034 118.3757109695484 0
    endloop
  endfacet
  facet normal 0.9987954562051726 0.0490676743274143 0
    outer loop
      vertex -32.7 119 1
      vertex -32.684591125351034 118.6863451509454 0
      vertex -32.7 119 0
    endloop
  endfacet
  facet normal 0.9987954562051726 -0.0490676743274143 0
    outer loop
      vertex -32.684591125351034 119.3136548490546 1
      vertex -32.7 119 0
      vertex -32.684591125351034 119.3136548490546 0
    endloop
  endfacet
  facet normal 0.9891765099647799 -0.14673047445536938 0
    outer loop
      vertex -32.63851289729034 119.6242890304516 1
      vertex -32.684591125351034 119.3136548490546 0
      vertex -32.63851289729034 119.6242890304516 0
    endloop
  endfacet
  facet normal 0.9700312531945408 -0.24298017990327692 0
    outer loop
      vertex -32.562209074343066 119.92891096721428 1
      vertex -32.63851289729034 119.6242890304516 0
      vertex -32.562209074343066 119.92891096721428 0
    endloop
  endfacet
  facet normal 0.9415440651830239 -0.33688985339221134 0
    outer loop
      vertex -32.45641450403612 120.22458698356829 1
      vertex -32.562209074343066 119.92891096721428 0
      vertex -32.45641450403612 120.22458698356829 0
    endloop
  endfacet
  facet normal 0.903989293123448 -0.42755509343027215 0
    outer loop
      vertex -32.32214804591474 120.5084695578432 1
      vertex -32.45641450403612 120.22458698356829 0
      vertex -32.32214804591474 120.5084695578432 0
    endloop
  endfacet
  facet normal 0.8577286100002612 -0.5141027441932395 0
    outer loop
      vertex -32.16070275936814 120.77782474566273 1
      vertex -32.32214804591474 120.5084695578432 0
      vertex -32.16070275936814 120.77782474566273 0
    endloop
  endfacet
  facet normal 0.9891765099647799 0.14673047445536938 0
    outer loop
      vertex -32.63851289729034 118.3757109695484 1
      vertex -32.63851289729034 118.3757109695484 0
      vertex -32.684591125351034 118.6863451509454 1
    endloop
  endfacet
  facet normal 0.9987954562051726 0.0490676743274143 0
    outer loop
      vertex -32.684591125351034 118.6863451509454 1
      vertex -32.684591125351034 118.6863451509454 0
      vertex -32.7 119 1
    endloop
  endfacet
  facet normal 0.9700312531945408 0.24298017990327692 -3.768693262484039e-18
    outer loop
      vertex -32.63851289729034 118.3757109695484 1
      vertex -32.562209074343066 118.07108903278572 1
      vertex -32.562209074343066 118.07108903278572 0
    endloop
  endfacet
  facet normal 0.9987954562051726 -0.0490676743274143 0
    outer loop
      vertex -32.7 119 1
      vertex -32.7 119 0
      vertex -32.684591125351034 119.3136548490546 1
    endloop
  endfacet
  facet normal 0.9891765099647799 -0.14673047445536938 0
    outer loop
      vertex -32.684591125351034 119.3136548490546 1
      vertex -32.684591125351034 119.3136548490546 0
      vertex -32.63851289729034 119.6242890304516 1
    endloop
  endfacet
  facet normal 0.9700312531945408 -0.24298017990327692 0
    outer loop
      vertex -32.63851289729034 119.6242890304516 1
      vertex -32.63851289729034 119.6242890304516 0
      vertex -32.562209074343066 119.92891096721428 1
    endloop
  endfacet
  facet normal 0.9415440651830239 -0.33688985339221134 0
    outer loop
      vertex -32.562209074343066 119.92891096721428 1
      vertex -32.562209074343066 119.92891096721428 0
      vertex -32.45641450403612 120.22458698356829 1
    endloop
  endfacet
  facet normal 0.903989293123448 -0.42755509343027215 0
    outer loop
      vertex -32.45641450403612 120.22458698356829 1
      vertex -32.45641450403612 120.22458698356829 0
      vertex -32.32214804591474 120.5084695578432 1
    endloop
  endfacet
  facet normal 0.8577286100002612 -0.5141027441932395 0
    outer loop
      vertex -32.32214804591474 120.5084695578432 1
      vertex -32.32214804591474 120.5084695578432 0
      vertex -32.16070275936814 120.77782474566273 1
    endloop
  endfacet
  facet normal 0 0 -1
    outer loop
      vertex -32.63851289729034 118.3757109695484 1
      vertex -32.684591125351034 118.6863451509454 1
      vertex -32.684591125351034 119.3136548490546 1
    endloop
  endfacet
  facet normal 0 0 -1
    outer loop
      vertex -32.63851289729034 118.3757109695484 1
      vertex -32.63851289729034 119.6242890304516 1
      vertex -32.562209074343066 118.07108903278572 1
    endloop
  endfacet
  facet normal 0 0 -1
    outer loop
      vertex -32.562209074343066 118.07108903278572 1
      vertex -32.562209074343066 119.92891096721428 1
      vertex -32.45641450403612 117.77541301643171 1
    endloop
  endfacet
  facet normal 0 0 -1
    outer loop
      vertex -32.684591125351034 118.6863451509454 1
      vertex -32.7 119 1
      vertex -32.684591125351034 119.3136548490546 1
    endloop
  endfacet
  facet normal 0 0 -1
    outer loop
      vertex -32.63851289729034 118.3757109695484 1
      vertex -32.684591125351034 119.3136548490546 1
      vertex -32.63851289729034 119.6242890304516 1
    endloop
  endfacet
  facet normal 0 0 -1
    outer loop
      vertex -32.562209074343066 118.07108903278572 1
      vertex -32.63851289729034 119.6242890304516 1
      vertex -32.562209074343066 119.92891096721428 1
    endloop
  endfacet
  facet normal 0 0 -1
    outer loop
      vertex -32.45641450403612 117.77541301643171 1
      vertex -32.45641450403612 120.22458698356829 1
      vertex -32.32214804591474 117.4915304421568 1
    endloop
  endfacet
  facet normal 0 0 -1
    outer loop
      vertex -32.16070275936814 117.22217525433727 1
      vertex -32.32214804591474 117.4915304421568 1
      vertex -32.32214804591474 120.5084695578432 1
    endloop
  endfacet
  facet normal 0 0 -1
    outer loop
      vertex -32.45641450403612 117.77541301643171 1
      vertex -32.562209074343066 119.92891096721428 1
      vertex -32.45641450403612 120.22458698356829 1
    endloop
  endfacet
  facet normal 0 0 -1
    outer loop
      vertex -32.32214804591474 117.4915304421568 1
      vertex -32.45641450403612 120.22458698356829 1
      vertex -32.32214804591474 120.5084695578432 1
    endloop
  endfacet
  facet normal 0 0 -1
    outer loop
      vertex -32.16070275936814 117.22217525433727 1
      vertex -32.32214804591474 120.5084695578432 1
      vertex -32.16070275936814 120.77782474566273 1
    endloop
  endfacet
  facet normal 0.6715589548470283 0.7409511253549502 0
    outer loop
      vertex -31.76274169979695 116.73725830020305 1
      vertex -31.530058509323666 116.52636654923924 0
      vertex -31.76274169979695 116.73725830020305 0
    endloop
  endfacet
  facet normal 0.8032075314806492 0.5956993044924275 0
    outer loop
      vertex -32.16070275936814 117.22217525433727 1
      vertex -31.973633450760758 116.96994149067633 0
      vertex -32.16070275936814 117.22217525433727 0
    endloop
  endfacet
  facet normal 0.7409511253549507 0.6715589548470277 0
    outer loop
      vertex -31.973633450760758 116.96994149067633 1
      vertex -31.76274169979695 116.73725830020305 0
      vertex -31.973633450760758 116.96994149067633 0
    endloop
  endfacet
  facet normal 0.595699304492442 0.8032075314806384 0
    outer loop
      vertex -31.530058509323666 116.52636654923924 1
      vertex -31.277824745662727 116.33929724063185 0
      vertex -31.530058509323666 116.52636654923924 0
    endloop
  endfacet
  facet normal 0.5141027441931963 0.8577286100002872 0
    outer loop
      vertex -31.277824745662727 116.33929724063185 1
      vertex -31.008469557843192 116.17785195408527 0
      vertex -31.277824745662727 116.33929724063185 0
    endloop
  endfacet
  facet normal 0.6715589548470283 0.7409511253549502 -2.8655590908050608e-18
    outer loop
      vertex -31.76274169979695 116.73725830020305 1
      vertex -31.530058509323666 116.52636654923924 1
      vertex -31.530058509323666 116.52636654923924 0
    endloop
  endfacet
  facet normal 0.8032075314806492 0.5956993044924275 -1.4058641407006202e-18
    outer loop
      vertex -32.16070275936814 117.22217525433727 1
      vertex -31.973633450760758 116.96994149067633 1
      vertex -31.973633450760758 116.96994149067633 0
    endloop
  endfacet
  facet normal 0.7409511253549507 0.6715589548470277 -4.2681683252422926e-19
    outer loop
      vertex -31.973633450760758 116.96994149067633 1
      vertex -31.76274169979695 116.73725830020305 1
      vertex -31.76274169979695 116.73725830020305 0
    endloop
  endfacet
  facet normal 0.595699304492442 0.8032075314806384 -7.755696433458839e-18
    outer loop
      vertex -31.530058509323666 116.52636654923924 1
      vertex -31.277824745662727 116.33929724063185 1
      vertex -31.277824745662727 116.33929724063185 0
    endloop
  endfacet
  facet normal 0.5141027441931963 0.8577286100002872 3.837370032668071e-18
    outer loop
      vertex -31.277824745662727 116.33929724063185 1
      vertex -31.008469557843192 116.17785195408527 1
      vertex -31.008469557843192 116.17785195408527 0
    endloop
  endfacet
  facet normal 0.4275550934302994 0.9039892931234351 0
    outer loop
      vertex -31.008469557843192 116.17785195408527 1
      vertex -30.724586983568287 116.04358549596388 0
      vertex -31.008469557843192 116.17785195408527 0
    endloop
  endfacet
  facet normal 0.3368898533922314 0.9415440651830168 0
    outer loop
      vertex -30.724586983568287 116.04358549596388 1
      vertex -30.42891096721428 115.93779092565693 0
      vertex -30.724586983568287 116.04358549596388 0
    endloop
  endfacet
  facet normal 0.2429801799032583 0.9700312531945454 0
    outer loop
      vertex -30.42891096721428 115.93779092565693 1
      vertex -30.12428903045161 115.86148710270966 0
      vertex -30.42891096721428 115.93779092565693 0
    endloop
  endfacet
  facet normal 0.14673047445536444 0.9891765099647806 0
    outer loop
      vertex -30.12428903045161 115.86148710270966 1
      vertex -29.813654849054593 115.81540887464897 0
      vertex -30.12428903045161 115.86148710270966 0
    endloop
  endfacet
  facet normal 0.4275550934302994 0.9039892931234351 -9.633691844846795e-18
    outer loop
      vertex -31.008469557843192 116.17785195408527 1
      vertex -30.724586983568287 116.04358549596388 1
      vertex -30.724586983568287 116.04358549596388 0
    endloop
  endfacet
  facet normal 0.3368898533922314 0.9415440651830168 -1.9162614014802596e-18
    outer loop
      vertex -30.724586983568287 116.04358549596388 1
      vertex -30.42891096721428 115.93779092565693 1
      vertex -30.42891096721428 115.93779092565693 0
    endloop
  endfacet
  facet normal 0.2429801799032583 0.9700312531945454 -3.759399793625668e-18
    outer loop
      vertex -30.42891096721428 115.93779092565693 1
      vertex -30.12428903045161 115.86148710270966 1
      vertex -30.12428903045161 115.86148710270966 0
    endloop
  endfacet
  facet normal 0.14673047445536444 0.9891765099647806 2.5061906152673715e-18
    outer loop
      vertex -30.12428903045161 115.86148710270966 1
      vertex -29.813654849054593 115.81540887464897 1
      vertex -29.813654849054593 115.81540887464897 0
    endloop
  endfacet
  facet normal 0 0 -1
    outer loop
      vertex -31.530058509323666 116.52636654923924 1
      vertex -31.530058509323666 121.47363345076076 1
      vertex -31.277824745662727 116.33929724063185 1
    endloop
  endfacet
  facet normal 0 0 -1
    outer loop
      vertex -31.277824745662727 116.33929724063185 1
      vertex -31.126798570744754 118.50651604866741 1
      vertex -31.008469557843192 116.17785195408527 1
    endloop
  endfacet
  facet normal 0 0 -1
    outer loop
      vertex -31.277824745662727 116.33929724063185 1
      vertex -31.167334976685492 118.66834645257258 1
      vertex -31.126798570744754 118.50651604866741 1
    endloop
  endfacet
  facet normal 0 0 -1
    outer loop
      vertex -31.277824745662727 116.33929724063185 1
      vertex -31.191814035342734 118.83337086143975 1
      vertex -31.167334976685492 118.66834645257258 1
    endloop
  endfacet
  facet normal 0 0 -1
    outer loop
      vertex -31.277824745662727 116.33929724063185 1
      vertex -31.2 119 1
      vertex -31.191814035342734 118.83337086143975 1
    endloop
  endfacet
  facet normal 0 0 -1
    outer loop
      vertex -31.126798570744754 118.50651604866741 1
      vertex -31.070595205269186 118.34943816497935 1
      vertex -31.008469557843192 116.17785195408527 1
    endloop
  endfacet
  facet normal 0 0 -1
    outer loop
      vertex -31.008469557843192 116.17785195408527 1
      vertex -31.070595205269186 118.34943816497935 1
      vertex -30.999266149392202 118.1986255473958 1
    endloop
  endfacet
  facet normal 0 0 -1
    outer loop
      vertex -31.008469557843192 116.17785195408527 1
      vertex -30.999266149392202 118.1986255473958 1
      vertex -30.913498340914327 118.05553060386667 1
    endloop
  endfacet
  facet normal 0 0 -1
    outer loop
      vertex -30.724586983568287 116.04358549596388 1
      vertex -30.578468583078198 117.68588222928335 1
      vertex -30.42891096721428 115.93779092565693 1
    endloop
  endfacet
  facet normal 0 0 -1
    outer loop
      vertex -31.008469557843192 116.17785195408527 1
      vertex -30.913498340914327 118.05553060386667 1
      vertex -30.724586983568287 116.04358549596388 1
    endloop
  endfacet
  facet normal 0 0 -1
    outer loop
      vertex -30.724586983568287 116.04358549596388 1
      vertex -30.913498340914327 118.05553060386667 1
      vertex -30.814117770716653 117.92153141692181 1
    endloop
  endfacet
  facet normal 0 0 -1
    outer loop
      vertex -30.724586983568287 116.04358549596388 1
      vertex -30.814117770716653 117.92153141692181 1
      vertex -30.702081528017132 117.79791847198287 1
    endloop
  endfacet
  facet normal 0 0 -1
    outer loop
      vertex -30.724586983568287 116.04358549596388 1
      vertex -30.702081528017132 117.79791847198287 1
      vertex -30.578468583078198 117.68588222928335 1
    endloop
  endfacet
  facet normal 0 0 -1
    outer loop
      vertex -30.42891096721428 115.93779092565693 1
      vertex -30.578468583078198 117.68588222928335 1
      vertex -30.444469396133325 117.58650165908567 1
    endloop
  endfacet
  facet normal 0 0 -1
    outer loop
      vertex -30.42891096721428 115.93779092565693 1
      vertex -30.444469396133325 117.58650165908567 1
      vertex -30.301374452604197 117.5007338506078 1
    endloop
  endfacet
  facet normal 0 0 -1
    outer loop
      vertex -30.42891096721428 115.93779092565693 1
      vertex -30.301374452604197 117.5007338506078 1
      vertex -30.12428903045161 115.86148710270966 1
    endloop
  endfacet
  facet normal 0 0 -1
    outer loop
      vertex -30.12428903045161 115.86148710270966 1
      vertex -29.993483951332585 117.37320142925525 1
      vertex -29.813654849054593 115.81540887464897 1
    endloop
  endfacet
  facet normal 0 0 -1
    outer loop
      vertex -30.12428903045161 115.86148710270966 1
      vertex -30.301374452604197 117.5007338506078 1
      vertex -30.150561835020653 117.42940479473081 1
    endloop
  endfacet
  facet normal 0 0 -1
    outer loop
      vertex -30.12428903045161 115.86148710270966 1
      vertex -30.150561835020653 117.42940479473081 1
      vertex -29.993483951332585 117.37320142925525 1
    endloop
  endfacet
  facet normal 0 0 -1
    outer loop
      vertex -29.993483951332585 117.37320142925525 1
      vertex -29.83165354742742 117.3326650233145 1
      vertex -29.813654849054593 115.81540887464897 1
    endloop
  endfacet
  facet normal 0 0 -1
    outer loop
      vertex -29.813654849054593 115.81540887464897 1
      vertex -29.83165354742742 117.3326650233145 1
      vertex -29.666629138560253 117.30818596465727 1
    endloop
  endfacet
  facet normal 0.8032075314806492 -0.5956993044924275 0
    outer loop
      vertex -32.16070275936814 120.77782474566273 1
      vertex -32.16070275936814 120.77782474566273 0
      vertex -31.973633450760758 121.03005850932367 1
    endloop
  endfacet
  facet normal 0.8032075314806492 -0.5956993044924275 0
    outer loop
      vertex -31.973633450760758 121.03005850932367 1
      vertex -32.16070275936814 120.77782474566273 0
      vertex -31.973633450760758 121.03005850932367 0
    endloop
  endfacet
  facet normal 0.7409511253549507 -0.6715589548470277 0
    outer loop
      vertex -31.76274169979695 121.26274169979695 1
      vertex -31.973633450760758 121.03005850932367 0
      vertex -31.76274169979695 121.26274169979695 0
    endloop
  endfacet
  facet normal 0.6715589548470283 -0.7409511253549502 0
    outer loop
      vertex -31.530058509323666 121.47363345076076 1
      vertex -31.76274169979695 121.26274169979695 0
      vertex -31.530058509323666 121.47363345076076 0
    endloop
  endfacet
  facet normal 0.595699304492442 -0.8032075314806384 0
    outer loop
      vertex -31.277824745662727 121.66070275936815 1
      vertex -31.530058509323666 121.47363345076076 0
      vertex -31.277824745662727 121.66070275936815 0
    endloop
  endfacet
  facet normal 0.5141027441931963 -0.8577286100002872 0
    outer loop
      vertex -31.008469557843192 121.82214804591473 1
      vertex -31.277824745662727 121.66070275936815 0
      vertex -31.008469557843192 121.82214804591473 0
    endloop
  endfacet
  facet normal 0.7409511253549507 -0.6715589548470277 0
    outer loop
      vertex -31.973633450760758 121.03005850932367 1
      vertex -31.973633450760758 121.03005850932367 0
      vertex -31.76274169979695 121.26274169979695 1
    endloop
  endfacet
  facet normal 0.6715589548470283 -0.7409511253549502 0
    outer loop
      vertex -31.76274169979695 121.26274169979695 1
      vertex -31.76274169979695 121.26274169979695 0
      vertex -31.530058509323666 121.47363345076076 1
    endloop
  endfacet
  facet normal 0.595699304492442 -0.8032075314806384 0
    outer loop
      vertex -31.530058509323666 121.47363345076076 1
      vertex -31.530058509323666 121.47363345076076 0
      vertex -31.277824745662727 121.66070275936815 1
    endloop
  endfacet
  facet normal 0.5141027441931963 -0.8577286100002872 0
    outer loop
      vertex -31.277824745662727 121.66070275936815 1
      vertex -31.277824745662727 121.66070275936815 0
      vertex -31.008469557843192 121.82214804591473 1
    endloop
  endfacet
  facet normal 0.4275550934302994 -0.9039892931234351 0
    outer loop
      vertex -30.724586983568287 121.95641450403612 1
      vertex -31.008469557843192 121.82214804591473 0
      vertex -30.724586983568287 121.95641450403612 0
    endloop
  endfacet
  facet normal 0.3368898533922314 -0.9415440651830168 0
    outer loop
      vertex -30.42891096721428 122.06220907434307 1
      vertex -30.724586983568287 121.95641450403612 0
      vertex -30.42891096721428 122.06220907434307 0
    endloop
  endfacet
  facet normal 0.2429801799032583 -0.9700312531945454 0
    outer loop
      vertex -30.12428903045161 122.13851289729034 1
      vertex -30.42891096721428 122.06220907434307 0
      vertex -30.12428903045161 122.13851289729034 0
    endloop
  endfacet
  facet normal 0.14673047445536444 -0.9891765099647806 0
    outer loop
      vertex -29.813654849054593 122.18459112535103 1
      vertex -30.12428903045161 122.13851289729034 0
      vertex -29.813654849054593 122.18459112535103 0
    endloop
  endfacet
  facet normal 0.4275550934302994 -0.9039892931234351 0
    outer loop
      vertex -31.008469557843192 121.82214804591473 1
      vertex -31.008469557843192 121.82214804591473 0
      vertex -30.724586983568287 121.95641450403612 1
    endloop
  endfacet
  facet normal 0.3368898533922314 -0.9415440651830168 0
    outer loop
      vertex -30.724586983568287 121.95641450403612 1
      vertex -30.724586983568287 121.95641450403612 0
      vertex -30.42891096721428 122.06220907434307 1
    endloop
  endfacet
  facet normal 0.2429801799032583 -0.9700312531945454 0
    outer loop
      vertex -30.42891096721428 122.06220907434307 1
      vertex -30.42891096721428 122.06220907434307 0
      vertex -30.12428903045161 122.13851289729034 1
    endloop
  endfacet
  facet normal 0.14673047445536444 -0.9891765099647806 0
    outer loop
      vertex -30.12428903045161 122.13851289729034 1
      vertex -30.12428903045161 122.13851289729034 0
      vertex -29.813654849054593 122.18459112535103 1
    endloop
  endfacet
  facet normal 0 0 -1
    outer loop
      vertex -32.16070275936814 117.22217525433727 1
      vertex -32.16070275936814 120.77782474566273 1
      vertex -31.973633450760758 116.96994149067633 1
    endloop
  endfacet
  facet normal 0 0 -1
    outer loop
      vertex -31.973633450760758 116.96994149067633 1
      vertex -31.973633450760758 121.03005850932367 1
      vertex -31.76274169979695 116.73725830020305 1
    endloop
  endfacet
  facet normal 0 0 -1
    outer loop
      vertex -31.76274169979695 116.73725830020305 1
      vertex -31.76274169979695 121.26274169979695 1
      vertex -31.530058509323666 116.52636654923924 1
    endloop
  endfacet
  facet normal 0 0 -1
    outer loop
      vertex -31.973633450760758 116.96994149067633 1
      vertex -32.16070275936814 120.77782474566273 1
      vertex -31.973633450760758 121.03005850932367 1
    endloop
  endfacet
  facet normal 0 0 -1
    outer loop
      vertex -31.76274169979695 116.73725830020305 1
      vertex -31.973633450760758 121.03005850932367 1
      vertex -31.76274169979695 121.26274169979695 1
    endloop
  endfacet
  facet normal 0 0 -1
    outer loop
      vertex -31.530058509323666 116.52636654923924 1
      vertex -31.76274169979695 121.26274169979695 1
      vertex -31.530058509323666 121.47363345076076 1
    endloop
  endfacet
  facet normal 0 0 -1
    outer loop
      vertex -31.277824745662727 116.33929724063185 1
      vertex -31.277824745662727 121.66070275936815 1
      vertex -31.2 119 1
    endloop
  endfacet
  facet normal 0 0 -1
    outer loop
      vertex -31.277824745662727 116.33929724063185 1
      vertex -31.530058509323666 121.47363345076076 1
      vertex -31.277824745662727 121.66070275936815 1
    endloop
  endfacet
  facet normal 0 0 -1
    outer loop
      vertex -31.191814035342734 119.16662913856025 1
      vertex -31.277824745662727 121.66070275936815 1
      vertex -31.167334976685492 119.33165354742742 1
    endloop
  endfacet
  facet normal 0 0 -1
    outer loop
      vertex -31.2 119 1
      vertex -31.277824745662727 121.66070275936815 1
      vertex -31.191814035342734 119.16662913856025 1
    endloop
  endfacet
  facet normal 0 0 -1
    outer loop
      vertex -31.167334976685492 119.33165354742742 1
      vertex -31.277824745662727 121.66070275936815 1
      vertex -31.126798570744754 119.49348395133259 1
    endloop
  endfacet
  facet normal 0 0 -1
    outer loop
      vertex -31.126798570744754 119.49348395133259 1
      vertex -31.277824745662727 121.66070275936815 1
      vertex -31.070595205269186 119.65056183502065 1
    endloop
  endfacet
  facet normal 0 0 -1
    outer loop
      vertex -31.277824745662727 121.66070275936815 1
      vertex -30.999266149392202 119.8013744526042 1
      vertex -31.070595205269186 119.65056183502065 1
    endloop
  endfacet
  facet normal 0 0 -1
    outer loop
      vertex -30.999266149392202 119.8013744526042 1
      vertex -31.008469557843192 121.82214804591473 1
      vertex -30.913498340914327 119.94446939613333 1
    endloop
  endfacet
  facet normal 0 0 -1
    outer loop
      vertex -31.277824745662727 121.66070275936815 1
      vertex -31.008469557843192 121.82214804591473 1
      vertex -30.999266149392202 119.8013744526042 1
    endloop
  endfacet
  facet normal 0 0 -1
    outer loop
      vertex -30.913498340914327 119.94446939613333 1
      vertex -31.008469557843192 121.82214804591473 1
      vertex -30.814117770716653 120.07846858307819 1
    endloop
  endfacet
  facet normal 0 0 -1
    outer loop
      vertex -30.814117770716653 120.07846858307819 1
      vertex -31.008469557843192 121.82214804591473 1
      vertex -30.702081528017132 120.20208152801713 1
    endloop
  endfacet
  facet normal 0 0 -1
    outer loop
      vertex -30.702081528017132 120.20208152801713 1
      vertex -30.724586983568287 121.95641450403612 1
      vertex -30.578468583078198 120.31411777071665 1
    endloop
  endfacet
  facet normal 0 0 -1
    outer loop
      vertex -30.578468583078198 120.31411777071665 1
      vertex -30.724586983568287 121.95641450403612 1
      vertex -30.444469396133325 120.41349834091433 1
    endloop
  endfacet
  facet normal 0 0 -1
    outer loop
      vertex -31.008469557843192 121.82214804591473 1
      vertex -30.724586983568287 121.95641450403612 1
      vertex -30.702081528017132 120.20208152801713 1
    endloop
  endfacet
  facet normal 0 0 -1
    outer loop
      vertex -30.444469396133325 120.41349834091433 1
      vertex -30.724586983568287 121.95641450403612 1
      vertex -30.301374452604197 120.4992661493922 1
    endloop
  endfacet
  facet normal 0 0 -1
    outer loop
      vertex -30.724586983568287 121.95641450403612 1
      vertex -30.42891096721428 122.06220907434307 1
      vertex -30.301374452604197 120.4992661493922 1
    endloop
  endfacet
  facet normal 0 0 -1
    outer loop
      vertex -30.42891096721428 122.06220907434307 1
      vertex -30.150561835020653 120.57059520526919 1
      vertex -30.301374452604197 120.4992661493922 1
    endloop
  endfacet
  facet normal 0 0 -1
    outer loop
      vertex -30.42891096721428 122.06220907434307 1
      vertex -29.993483951332585 120.62679857074475 1
      vertex -30.150561835020653 120.57059520526919 1
    endloop
  endfacet
  facet normal 0 0 -1
    outer loop
      vertex -30.42891096721428 122.06220907434307 1
      vertex -30.12428903045161 122.13851289729034 1
      vertex -29.993483951332585 120.62679857074475 1
    endloop
  endfacet
  facet normal 0 0 -1
    outer loop
      vertex -29.993483951332585 120.62679857074475 1
      vertex -30.12428903045161 122.13851289729034 1
      vertex -29.83165354742742 120.6673349766855 1
    endloop
  endfacet
  facet normal 0 0 -1
    outer loop
      vertex -30.12428903045161 122.13851289729034 1
      vertex -29.666629138560253 120.69181403534273 1
      vertex -29.83165354742742 120.6673349766855 1
    endloop
  endfacet
  facet normal 0 0 -1
    outer loop
      vertex -30.12428903045161 122.13851289729034 1
      vertex -29.813654849054593 122.18459112535103 1
      vertex -29.666629138560253 120.69181403534273 1
    endloop
  endfacet
  facet normal 0.04906767432741541 0.9987954562051725 0
    outer loop
      vertex -29.813654849054593 115.81540887464897 1
      vertex -29.5 115.8 0
      vertex -29.813654849054593 115.81540887464897 0
    endloop
  endfacet
  facet normal -0.04906767432741541 0.9987954562051725 0
    outer loop
      vertex -29.5 115.8 1
      vertex -29.186345150945407 115.81540887464897 0
      vertex -29.5 115.8 0
    endloop
  endfacet
  facet normal -0.14673047445536444 0.9891765099647806 0
    outer loop
      vertex -29.186345150945407 115.81540887464897 1
      vertex -28.87571096954839 115.86148710270966 0
      vertex -29.186345150945407 115.81540887464897 0
    endloop
  endfacet
  facet normal -0.2429801799032583 0.9700312531945454 0
    outer loop
      vertex -28.87571096954839 115.86148710270966 1
      vertex -28.57108903278572 115.93779092565693 0
      vertex -28.87571096954839 115.86148710270966 0
    endloop
  endfacet
  facet normal 0.04906767432741541 0.9987954562051725 -4.0828981297529697e-19
    outer loop
      vertex -29.813654849054593 115.81540887464897 1
      vertex -29.5 115.8 1
      vertex -29.5 115.8 0
    endloop
  endfacet
  facet normal -0.04906767432741541 0.9987954562051725 4.0828981297529697e-19
    outer loop
      vertex -29.5 115.8 1
      vertex -29.186345150945407 115.81540887464897 1
      vertex -29.186345150945407 115.81540887464897 0
    endloop
  endfacet
  facet normal -0.14673047445536444 0.9891765099647806 -2.5061906152673715e-18
    outer loop
      vertex -29.186345150945407 115.81540887464897 1
      vertex -28.87571096954839 115.86148710270966 1
      vertex -28.87571096954839 115.86148710270966 0
    endloop
  endfacet
  facet normal -0.2429801799032583 0.9700312531945454 3.759399793625668e-18
    outer loop
      vertex -28.87571096954839 115.86148710270966 1
      vertex -28.57108903278572 115.93779092565693 1
      vertex -28.57108903278572 115.93779092565693 0
    endloop
  endfacet
  facet normal -0.3368898533922314 0.9415440651830168 0
    outer loop
      vertex -28.57108903278572 115.93779092565693 1
      vertex -28.275413016431713 116.04358549596388 0
      vertex -28.57108903278572 115.93779092565693 0
    endloop
  endfacet
  facet normal -0.4275550934302994 0.9039892931234351 0
    outer loop
      vertex -28.275413016431713 116.04358549596388 1
      vertex -27.991530442156808 116.17785195408527 0
      vertex -28.275413016431713 116.04358549596388 0
    endloop
  endfacet
  facet normal -0.5141027441931963 0.8577286100002872 0
    outer loop
      vertex -27.991530442156808 116.17785195408527 1
      vertex -27.722175254337273 116.33929724063185 0
      vertex -27.991530442156808 116.17785195408527 0
    endloop
  endfacet
  facet normal -0.595699304492442 0.8032075314806384 0
    outer loop
      vertex -27.722175254337273 116.33929724063185 1
      vertex -27.469941490676334 116.52636654923924 0
      vertex -27.722175254337273 116.33929724063185 0
    endloop
  endfacet
  facet normal -0.6715589548470283 0.7409511253549502 0
    outer loop
      vertex -27.469941490676334 116.52636654923924 1
      vertex -27.23725830020305 116.73725830020305 0
      vertex -27.469941490676334 116.52636654923924 0
    endloop
  endfacet
  facet normal -0.3368898533922314 0.9415440651830168 1.9162614014802596e-18
    outer loop
      vertex -28.57108903278572 115.93779092565693 1
      vertex -28.275413016431713 116.04358549596388 1
      vertex -28.275413016431713 116.04358549596388 0
    endloop
  endfacet
  facet normal -0.4275550934302994 0.9039892931234351 9.633691844846795e-18
    outer loop
      vertex -28.275413016431713 116.04358549596388 1
      vertex -27.991530442156808 116.17785195408527 1
      vertex -27.991530442156808 116.17785195408527 0
    endloop
  endfacet
  facet normal -0.5141027441931963 0.8577286100002872 -3.837370032668071e-18
    outer loop
      vertex -27.991530442156808 116.17785195408527 1
      vertex -27.722175254337273 116.33929724063185 1
      vertex -27.722175254337273 116.33929724063185 0
    endloop
  endfacet
  facet normal -0.595699304492442 0.8032075314806384 7.755696433458839e-18
    outer loop
      vertex -27.722175254337273 116.33929724063185 1
      vertex -27.469941490676334 116.52636654923924 1
      vertex -27.469941490676334 116.52636654923924 0
    endloop
  endfacet
  facet normal -0.6715589548470283 0.7409511253549502 2.8655590908050608e-18
    outer loop
      vertex -27.469941490676334 116.52636654923924 1
      vertex -27.23725830020305 116.73725830020305 1
      vertex -27.23725830020305 116.73725830020305 0
    endloop
  endfacet
  facet normal 0 0 -1
    outer loop
      vertex -29.813654849054593 115.81540887464897 1
      vertex -29.666629138560253 117.30818596465727 1
      vertex -29.5 115.8 1
    endloop
  endfacet
  facet normal 0 0 -1
    outer loop
      vertex -29.5 115.8 1
      vertex -29.5 117.3 1
      vertex -29.186345150945407 115.81540887464897 1
    endloop
  endfacet
  facet normal 0 0 -1
    outer loop
      vertex -29.186345150945407 115.81540887464897 1
      vertex -29.333370861439747 117.30818596465727 1
      vertex -28.87571096954839 115.86148710270966 1
    endloop
  endfacet
  facet normal 0 0 -1
    outer loop
      vertex -29.666629138560253 117.30818596465727 1
      vertex -29.5 117.3 1
      vertex -29.5 115.8 1
    endloop
  endfacet
  facet normal 0 0 -1
    outer loop
      vertex -29.186345150945407 115.81540887464897 1
      vertex -29.5 117.3 1
      vertex -29.333370861439747 117.30818596465727 1
    endloop
  endfacet
  facet normal 0 0 -1
    outer loop
      vertex -29.333370861439747 117.30818596465727 1
      vertex -29.16834645257258 117.3326650233145 1
      vertex -28.87571096954839 115.86148710270966 1
    endloop
  endfacet
  facet normal 0 0 -1
    outer loop
      vertex -28.87571096954839 115.86148710270966 1
      vertex -29.006516048667415 117.37320142925525 1
      vertex -28.57108903278572 115.93779092565693 1
    endloop
  endfacet
  facet normal 0 0 -1
    outer loop
      vertex -28.57108903278572 115.93779092565693 1
      vertex -28.698625547395803 117.5007338506078 1
      vertex -28.275413016431713 116.04358549596388 1
    endloop
  endfacet
  facet normal 0 0 -1
    outer loop
      vertex -29.16834645257258 117.3326650233145 1
      vertex -29.006516048667415 117.37320142925525 1
      vertex -28.87571096954839 115.86148710270966 1
    endloop
  endfacet
  facet normal 0 0 -1
    outer loop
      vertex -29.006516048667415 117.37320142925525 1
      vertex -28.849438164979347 117.42940479473081 1
      vertex -28.57108903278572 115.93779092565693 1
    endloop
  endfacet
  facet normal 0 0 -1
    outer loop
      vertex -28.57108903278572 115.93779092565693 1
      vertex -28.849438164979347 117.42940479473081 1
      vertex -28.698625547395803 117.5007338506078 1
    endloop
  endfacet
  facet normal 0 0 -1
    outer loop
      vertex -28.275413016431713 116.04358549596388 1
      vertex -28.698625547395803 117.5007338506078 1
      vertex -28.555530603866675 117.58650165908567 1
    endloop
  endfacet
  facet normal 0 0 -1
    outer loop
      vertex -28.275413016431713 116.04358549596388 1
      vertex -28.297918471982868 117.79791847198287 1
      vertex -27.991530442156808 116.17785195408527 1
    endloop
  endfacet
  facet normal 0 0 -1
    outer loop
      vertex -28.275413016431713 116.04358549596388 1
      vertex -28.555530603866675 117.58650165908567 1
      vertex -28.421531416921802 117.68588222928335 1
    endloop
  endfacet
  facet normal 0 0 -1
    outer loop
      vertex -28.275413016431713 116.04358549596388 1
      vertex -28.421531416921802 117.68588222928335 1
      vertex -28.297918471982868 117.79791847198287 1
    endloop
  endfacet
  facet normal 0 0 -1
    outer loop
      vertex -27.991530442156808 116.17785195408527 1
      vertex -28.297918471982868 117.79791847198287 1
      vertex -28.185882229283347 117.92153141692181 1
    endloop
  endfacet
  facet normal 0 0 -1
    outer loop
      vertex -27.991530442156808 116.17785195408527 1
      vertex -28.185882229283347 117.92153141692181 1
      vertex -28.086501659085673 118.05553060386667 1
    endloop
  endfacet
  facet normal 0 0 -1
    outer loop
      vertex -27.991530442156808 116.17785195408527 1
      vertex -28.000733850607798 118.1986255473958 1
      vertex -27.722175254337273 116.33929724063185 1
    endloop
  endfacet
  facet normal 0 0 -1
    outer loop
      vertex -27.991530442156808 116.17785195408527 1
      vertex -28.086501659085673 118.05553060386667 1
      vertex -28.000733850607798 118.1986255473958 1
    endloop
  endfacet
  facet normal 0 0 -1
    outer loop
      vertex -28.000733850607798 118.1986255473958 1
      vertex -27.929404794730814 118.34943816497935 1
      vertex -27.722175254337273 116.33929724063185 1
    endloop
  endfacet
  facet normal 0 0 -1
    outer loop
      vertex -27.722175254337273 116.33929724063185 1
      vertex -27.929404794730814 118.34943816497935 1
      vertex -27.873201429255246 118.50651604866741 1
    endloop
  endfacet
  facet normal 0 0 -1
    outer loop
      vertex -27.722175254337273 116.33929724063185 1
      vertex -27.873201429255246 118.50651604866741 1
      vertex -27.832665023314508 118.66834645257258 1
    endloop
  endfacet
  facet normal 0 0 -1
    outer loop
      vertex -27.722175254337273 116.33929724063185 1
      vertex -27.832665023314508 118.66834645257258 1
      vertex -27.808185964657266 118.83337086143975 1
    endloop
  endfacet
  facet normal 0 0 -1
    outer loop
      vertex -27.722175254337273 116.33929724063185 1
      vertex -27.808185964657266 118.83337086143975 1
      vertex -27.8 119 1
    endloop
  endfacet
  facet normal 0.04906767432741541 -0.9987954562051725 0
    outer loop
      vertex -29.5 122.2 1
      vertex -29.813654849054593 122.18459112535103 0
      vertex -29.5 122.2 0
    endloop
  endfacet
  facet normal -0.04906767432741541 -0.9987954562051725 0
    outer loop
      vertex -29.186345150945407 122.18459112535103 1
      vertex -29.5 122.2 0
      vertex -29.186345150945407 122.18459112535103 0
    endloop
  endfacet
  facet normal -0.14673047445536444 -0.9891765099647806 0
    outer loop
      vertex -28.87571096954839 122.13851289729034 1
      vertex -29.186345150945407 122.18459112535103 0
      vertex -28.87571096954839 122.13851289729034 0
    endloop
  endfacet
  facet normal -0.2429801799032583 -0.9700312531945454 0
    outer loop
      vertex -28.57108903278572 122.06220907434307 1
      vertex -28.87571096954839 122.13851289729034 0
      vertex -28.57108903278572 122.06220907434307 0
    endloop
  endfacet
  facet normal 0.04906767432741541 -0.9987954562051725 0
    outer loop
      vertex -29.813654849054593 122.18459112535103 1
      vertex -29.813654849054593 122.18459112535103 0
      vertex -29.5 122.2 1
    endloop
  endfacet
  facet normal -0.04906767432741541 -0.9987954562051725 0
    outer loop
      vertex -29.5 122.2 1
      vertex -29.5 122.2 0
      vertex -29.186345150945407 122.18459112535103 1
    endloop
  endfacet
  facet normal -0.14673047445536444 -0.9891765099647806 0
    outer loop
      vertex -29.186345150945407 122.18459112535103 1
      vertex -29.186345150945407 122.18459112535103 0
      vertex -28.87571096954839 122.13851289729034 1
    endloop
  endfacet
  facet normal -0.2429801799032583 -0.9700312531945454 0
    outer loop
      vertex -28.87571096954839 122.13851289729034 1
      vertex -28.87571096954839 122.13851289729034 0
      vertex -28.57108903278572 122.06220907434307 1
    endloop
  endfacet
  facet normal -0.3368898533922314 -0.9415440651830168 0
    outer loop
      vertex -28.275413016431713 121.95641450403612 1
      vertex -28.57108903278572 122.06220907434307 0
      vertex -28.275413016431713 121.95641450403612 0
    endloop
  endfacet
  facet normal -0.4275550934302994 -0.9039892931234351 0
    outer loop
      vertex -27.991530442156808 121.82214804591473 1
      vertex -28.275413016431713 121.95641450403612 0
      vertex -27.991530442156808 121.82214804591473 0
    endloop
  endfacet
  facet normal -0.5141027441931963 -0.8577286100002872 0
    outer loop
      vertex -27.722175254337273 121.66070275936815 1
      vertex -27.991530442156808 121.82214804591473 0
      vertex -27.722175254337273 121.66070275936815 0
    endloop
  endfacet
  facet normal -0.595699304492442 -0.8032075314806384 0
    outer loop
      vertex -27.469941490676334 121.47363345076076 1
      vertex -27.722175254337273 121.66070275936815 0
      vertex -27.469941490676334 121.47363345076076 0
    endloop
  endfacet
  facet normal -0.6715589548470283 -0.7409511253549502 0
    outer loop
      vertex -27.23725830020305 121.26274169979695 1
      vertex -27.469941490676334 121.47363345076076 0
      vertex -27.23725830020305 121.26274169979695 0
    endloop
  endfacet
  facet normal -0.3368898533922314 -0.9415440651830168 0
    outer loop
      vertex -28.57108903278572 122.06220907434307 1
      vertex -28.57108903278572 122.06220907434307 0
      vertex -28.275413016431713 121.95641450403612 1
    endloop
  endfacet
  facet normal -0.4275550934302994 -0.9039892931234351 0
    outer loop
      vertex -28.275413016431713 121.95641450403612 1
      vertex -28.275413016431713 121.95641450403612 0
      vertex -27.991530442156808 121.82214804591473 1
    endloop
  endfacet
  facet normal -0.5141027441931963 -0.8577286100002872 0
    outer loop
      vertex -27.991530442156808 121.82214804591473 1
      vertex -27.991530442156808 121.82214804591473 0
      vertex -27.722175254337273 121.66070275936815 1
    endloop
  endfacet
  facet normal -0.595699304492442 -0.8032075314806384 0
    outer loop
      vertex -27.722175254337273 121.66070275936815 1
      vertex -27.722175254337273 121.66070275936815 0
      vertex -27.469941490676334 121.47363345076076 1
    endloop
  endfacet
  facet normal -0.6715589548470283 -0.7409511253549502 0
    outer loop
      vertex -27.469941490676334 121.47363345076076 1
      vertex -27.469941490676334 121.47363345076076 0
      vertex -27.23725830020305 121.26274169979695 1
    endloop
  endfacet
  facet normal 0 0 -1
    outer loop
      vertex -28.421531416921802 120.31411777071665 1
      vertex -28.555530603866675 120.41349834091433 1
      vertex -28.57108903278572 122.06220907434307 1
    endloop
  endfacet
  facet normal 0 0 -1
    outer loop
      vertex -29.666629138560253 120.69181403534273 1
      vertex -29.813654849054593 122.18459112535103 1
      vertex -29.5 120.7 1
    endloop
  endfacet
  facet normal 0 0 -1
    outer loop
      vertex -29.5 120.7 1
      vertex -29.5 122.2 1
      vertex -29.333370861439747 120.69181403534273 1
    endloop
  endfacet
  facet normal 0 0 -1
    outer loop
      vertex -29.813654849054593 122.18459112535103 1
      vertex -29.5 122.2 1
      vertex -29.5 120.7 1
    endloop
  endfacet
  facet normal 0 0 -1
    outer loop
      vertex -29.333370861439747 120.69181403534273 1
      vertex -29.186345150945407 122.18459112535103 1
      vertex -29.16834645257258 120.6673349766855 1
    endloop
  endfacet
  facet normal 0 0 -1
    outer loop
      vertex -29.16834645257258 120.6673349766855 1
      vertex -29.186345150945407 122.18459112535103 1
      vertex -29.006516048667415 120.62679857074475 1
    endloop
  endfacet
  facet normal 0 0 -1
    outer loop
      vertex -29.333370861439747 120.69181403534273 1
      vertex -29.5 122.2 1
      vertex -29.186345150945407 122.18459112535103 1
    endloop
  endfacet
  facet normal 0 0 -1
    outer loop
      vertex -29.006516048667415 120.62679857074475 1
      vertex -28.87571096954839 122.13851289729034 1
      vertex -28.849438164979347 120.57059520526919 1
    endloop
  endfacet
  facet normal 0 0 -1
    outer loop
      vertex -28.849438164979347 120.57059520526919 1
      vertex -28.87571096954839 122.13851289729034 1
      vertex -28.698625547395803 120.4992661493922 1
    endloop
  endfacet
  facet normal 0 0 -1
    outer loop
      vertex -29.186345150945407 122.18459112535103 1
      vertex -28.87571096954839 122.13851289729034 1
      vertex -29.006516048667415 120.62679857074475 1
    endloop
  endfacet
  facet normal 0 0 -1
    outer loop
      vertex -28.87571096954839 122.13851289729034 1
      vertex -28.57108903278572 122.06220907434307 1
      vertex -28.698625547395803 120.4992661493922 1
    endloop
  endfacet
  facet normal 0 0 -1
    outer loop
      vertex -28.698625547395803 120.4992661493922 1
      vertex -28.57108903278572 122.06220907434307 1
      vertex -28.555530603866675 120.41349834091433 1
    endloop
  endfacet
  facet normal 0 0 -1
    outer loop
      vertex -28.421531416921802 120.31411777071665 1
      vertex -28.275413016431713 121.95641450403612 1
      vertex -28.297918471982868 120.20208152801713 1
    endloop
  endfacet
  facet normal 0 0 -1
    outer loop
      vertex -28.297918471982868 120.20208152801713 1
      vertex -28.275413016431713 121.95641450403612 1
      vertex -28.185882229283347 120.07846858307819 1
    endloop
  endfacet
  facet normal 0 0 -1
    outer loop
      vertex -28.185882229283347 120.07846858307819 1
      vertex -28.275413016431713 121.95641450403612 1
      vertex -28.086501659085673 119.94446939613333 1
    endloop
  endfacet
  facet normal 0 0 -1
    outer loop
      vertex -28.086501659085673 119.94446939613333 1
      vertex -27.991530442156808 121.82214804591473 1
      vertex -28.000733850607798 119.8013744526042 1
    endloop
  endfacet
  facet normal 0 0 -1
    outer loop
      vertex -28.000733850607798 119.8013744526042 1
      vertex -27.991530442156808 121.82214804591473 1
      vertex -27.929404794730814 119.65056183502065 1
    endloop
  endfacet
  facet normal 0 0 -1
    outer loop
      vertex -27.991530442156808 121.82214804591473 1
      vertex -27.873201429255246 119.49348395133259 1
      vertex -27.929404794730814 119.65056183502065 1
    endloop
  endfacet
  facet normal 0 0 -1
    outer loop
      vertex -27.722175254337273 116.33929724063185 1
      vertex -27.722175254337273 121.66070275936815 1
      vertex -27.469941490676334 116.52636654923924 1
    endloop
  endfacet
  facet normal 0 0 -1
    outer loop
      vertex -27.722175254337273 116.33929724063185 1
      vertex -27.8 119 1
      vertex -27.722175254337273 121.66070275936815 1
    endloop
  endfacet
  facet normal 0 0 -1
    outer loop
      vertex -27.469941490676334 116.52636654923924 1
      vertex -27.469941490676334 121.47363345076076 1
      vertex -27.23725830020305 116.73725830020305 1
    endloop
  endfacet
  facet normal 0 0 -1
    outer loop
      vertex -27.832665023314508 119.33165354742742 1
      vertex -27.873201429255246 119.49348395133259 1
      vertex -27.722175254337273 121.66070275936815 1
    endloop
  endfacet
  facet normal 0 0 -1
    outer loop
      vertex -27.808185964657266 119.16662913856025 1
      vertex -27.832665023314508 119.33165354742742 1
      vertex -27.722175254337273 121.66070275936815 1
    endloop
  endfacet
  facet normal 0 0 -1
    outer loop
      vertex -27.8 119 1
      vertex -27.808185964657266 119.16662913856025 1
      vertex -27.722175254337273 121.66070275936815 1
    endloop
  endfacet
  facet normal 0 0 -1
    outer loop
      vertex -27.469941490676334 116.52636654923924 1
      vertex -27.722175254337273 121.66070275936815 1
      vertex -27.469941490676334 121.47363345076076 1
    endloop
  endfacet
  facet normal 0 0 -1
    outer loop
      vertex -27.23725830020305 116.73725830020305 1
      vertex -27.469941490676334 121.47363345076076 1
      vertex -27.23725830020305 121.26274169979695 1
    endloop
  endfacet
  facet normal 0 0 -1
    outer loop
      vertex -28.421531416921802 120.31411777071665 1
      vertex -28.57108903278572 122.06220907434307 1
      vertex -28.275413016431713 121.95641450403612 1
    endloop
  endfacet
  facet normal 0 0 -1
    outer loop
      vertex -28.086501659085673 119.94446939613333 1
      vertex -28.275413016431713 121.95641450403612 1
      vertex -27.991530442156808 121.82214804591473 1
    endloop
  endfacet
  facet normal 0 0 -1
    outer loop
      vertex -27.991530442156808 121.82214804591473 1
      vertex -27.722175254337273 121.66070275936815 1
      vertex -27.873201429255246 119.49348395133259 1
    endloop
  endfacet
  facet normal -0.7409511253549507 0.6715589548470277 0
    outer loop
      vertex -27.23725830020305 116.73725830020305 1
      vertex -27.026366549239242 116.96994149067633 0
      vertex -27.23725830020305 116.73725830020305 0
    endloop
  endfacet
  facet normal -0.8032075314806439 0.5956993044924348 0
    outer loop
      vertex -27.026366549239242 116.96994149067633 1
      vertex -26.839297240631854 117.22217525433727 0
      vertex -27.026366549239242 116.96994149067633 0
    endloop
  endfacet
  facet normal -0.8577286100002662 0.5141027441932312 0
    outer loop
      vertex -26.839297240631854 117.22217525433727 1
      vertex -26.677851954085263 117.4915304421568 0
      vertex -26.839297240631854 117.22217525433727 0
    endloop
  endfacet
  facet normal -0.903989293123448 0.42755509343027215 0
    outer loop
      vertex -26.677851954085263 117.4915304421568 1
      vertex -26.54358549596388 117.77541301643171 0
      vertex -26.677851954085263 117.4915304421568 0
    endloop
  endfacet
  facet normal -0.9415440651830204 0.33688985339222133 0
    outer loop
      vertex -26.54358549596388 117.77541301643171 1
      vertex -26.43779092565693 118.07108903278572 0
      vertex -26.54358549596388 117.77541301643171 0
    endloop
  endfacet
  facet normal -0.7409511253549507 0.6715589548470277 4.2681683252422926e-19
    outer loop
      vertex -27.23725830020305 116.73725830020305 1
      vertex -27.026366549239242 116.96994149067633 1
      vertex -27.026366549239242 116.96994149067633 0
    endloop
  endfacet
  facet normal -0.8032075314806439 0.5956993044924348 4.5807802870797516e-18
    outer loop
      vertex -27.026366549239242 116.96994149067633 1
      vertex -26.839297240631854 117.22217525433727 1
      vertex -26.839297240631854 117.22217525433727 0
    endloop
  endfacet
  facet normal -0.8577286100002662 0.5141027441932312 5.213066281509253e-18
    outer loop
      vertex -26.839297240631854 117.22217525433727 1
      vertex -26.677851954085263 117.4915304421568 1
      vertex -26.677851954085263 117.4915304421568 0
    endloop
  endfacet
  facet normal -0.903989293123448 0.42755509343027215 5.061952478207478e-18
    outer loop
      vertex -26.677851954085263 117.4915304421568 1
      vertex -26.54358549596388 117.77541301643171 1
      vertex -26.54358549596388 117.77541301643171 0
    endloop
  endfacet
  facet normal -0.9415440651830204 0.33688985339222133 -6.61547671855983e-18
    outer loop
      vertex -26.54358549596388 117.77541301643171 1
      vertex -26.43779092565693 118.07108903278572 1
      vertex -26.43779092565693 118.07108903278572 0
    endloop
  endfacet
  facet normal -0.8032075314806439 -0.5956993044924348 0
    outer loop
      vertex -26.839297240631854 120.77782474566273 1
      vertex -27.026366549239242 121.03005850932367 0
      vertex -26.839297240631854 120.77782474566273 0
    endloop
  endfacet
  facet normal -0.8577286100002662 -0.5141027441932312 0
    outer loop
      vertex -26.677851954085263 120.5084695578432 1
      vertex -26.839297240631854 120.77782474566273 0
      vertex -26.677851954085263 120.5084695578432 0
    endloop
  endfacet
  facet normal -0.9700312531945461 0.24298017990325563 0
    outer loop
      vertex -26.43779092565693 118.07108903278572 1
      vertex -26.361487102709663 118.3757109695484 0
      vertex -26.43779092565693 118.07108903278572 0
    endloop
  endfacet
  facet normal -0.9891765099647799 0.14673047445536938 0
    outer loop
      vertex -26.361487102709663 118.3757109695484 1
      vertex -26.31540887464897 118.6863451509454 0
      vertex -26.361487102709663 118.3757109695484 0
    endloop
  endfacet
  facet normal -0.9891765099647799 -0.14673047445536938 0
    outer loop
      vertex -26.31540887464897 119.3136548490546 1
      vertex -26.361487102709663 119.6242890304516 0
      vertex -26.31540887464897 119.3136548490546 0
    endloop
  endfacet
  facet normal -0.9987954562051726 0.0490676743274143 0
    outer loop
      vertex -26.31540887464897 118.6863451509454 1
      vertex -26.3 119 0
      vertex -26.31540887464897 118.6863451509454 0
    endloop
  endfacet
  facet normal -0.9987954562051726 -0.0490676743274143 0
    outer loop
      vertex -26.3 119 1
      vertex -26.31540887464897 119.3136548490546 0
      vertex -26.3 119 0
    endloop
  endfacet
  facet normal -0.9700312531945461 -0.24298017990325563 0
    outer loop
      vertex -26.361487102709663 119.6242890304516 1
      vertex -26.43779092565693 119.92891096721428 0
      vertex -26.361487102709663 119.6242890304516 0
    endloop
  endfacet
  facet normal -0.9415440651830204 -0.33688985339222133 0
    outer loop
      vertex -26.43779092565693 119.92891096721428 1
      vertex -26.54358549596388 120.22458698356829 0
      vertex -26.43779092565693 119.92891096721428 0
    endloop
  endfacet
  facet normal -0.903989293123448 -0.42755509343027215 0
    outer loop
      vertex -26.54358549596388 120.22458698356829 1
      vertex -26.677851954085263 120.5084695578432 0
      vertex -26.54358549596388 120.22458698356829 0
    endloop
  endfacet
  facet normal -0.903989293123448 -0.42755509343027215 0
    outer loop
      vertex -26.677851954085263 120.5084695578432 1
      vertex -26.677851954085263 120.5084695578432 0
      vertex -26.54358549596388 120.22458698356829 1
    endloop
  endfacet
  facet normal -0.8577286100002662 -0.5141027441932312 0
    outer loop
      vertex -26.839297240631854 120.77782474566273 1
      vertex -26.839297240631854 120.77782474566273 0
      vertex -26.677851954085263 120.5084695578432 1
    endloop
  endfacet
  facet normal -0.9700312531945461 0.24298017990325563 5.252150888066646e-18
    outer loop
      vertex -26.43779092565693 118.07108903278572 1
      vertex -26.361487102709663 118.3757109695484 1
      vertex -26.361487102709663 118.3757109695484 0
    endloop
  endfacet
  facet normal -0.9891765099647799 0.14673047445536938 2.4398285191437462e-18
    outer loop
      vertex -26.361487102709663 118.3757109695484 1
      vertex -26.31540887464897 118.6863451509454 1
      vertex -26.31540887464897 118.6863451509454 0
    endloop
  endfacet
  facet normal -0.9891765099647799 -0.14673047445536938 -2.4398285191437462e-18
    outer loop
      vertex -26.31540887464897 119.3136548490546 1
      vertex -26.361487102709663 119.6242890304516 1
      vertex -26.361487102709663 119.6242890304516 0
    endloop
  endfacet
  facet normal -0.9987954562051726 0.0490676743274143 1.042173579182556e-18
    outer loop
      vertex -26.31540887464897 118.6863451509454 1
      vertex -26.3 119 1
      vertex -26.3 119 0
    endloop
  endfacet
  facet normal -0.9987954562051726 -0.0490676743274143 -1.042173579182556e-18
    outer loop
      vertex -26.3 119 1
      vertex -26.31540887464897 119.3136548490546 1
      vertex -26.31540887464897 119.3136548490546 0
    endloop
  endfacet
  facet normal -0.9415440651830204 -0.33688985339222133 0
    outer loop
      vertex -26.54358549596388 120.22458698356829 1
      vertex -26.54358549596388 120.22458698356829 0
      vertex -26.43779092565693 119.92891096721428 1
    endloop
  endfacet
  facet normal -0.9700312531945461 -0.24298017990325563 0
    outer loop
      vertex -26.43779092565693 119.92891096721428 1
      vertex -26.43779092565693 119.92891096721428 0
      vertex -26.361487102709663 119.6242890304516 1
    endloop
  endfacet
  facet normal -0.7409511253549507 -0.6715589548470277 0
    outer loop
      vertex -27.026366549239242 121.03005850932367 1
      vertex -27.23725830020305 121.26274169979695 0
      vertex -27.026366549239242 121.03005850932367 0
    endloop
  endfacet
  facet normal -0.7409511253549507 -0.6715589548470277 0
    outer loop
      vertex -27.23725830020305 121.26274169979695 1
      vertex -27.23725830020305 121.26274169979695 0
      vertex -27.026366549239242 121.03005850932367 1
    endloop
  endfacet
  facet normal -0.8032075314806439 -0.5956993044924348 -4.5807802870797516e-18
    outer loop
      vertex -26.839297240631854 120.77782474566273 1
      vertex -27.026366549239242 121.03005850932367 1
      vertex -27.026366549239242 121.03005850932367 0
    endloop
  endfacet
  facet normal 0 0 -1
    outer loop
      vertex -27.23725830020305 116.73725830020305 1
      vertex -27.23725830020305 121.26274169979695 1
      vertex -27.026366549239242 116.96994149067633 1
    endloop
  endfacet
  facet normal 0 0 -1
    outer loop
      vertex -27.026366549239242 116.96994149067633 1
      vertex -27.026366549239242 121.03005850932367 1
      vertex -26.839297240631854 117.22217525433727 1
    endloop
  endfacet
  facet normal 0 0 -1
    outer loop
      vertex -26.839297240631854 117.22217525433727 1
      vertex -26.839297240631854 120.77782474566273 1
      vertex -26.677851954085263 117.4915304421568 1
    endloop
  endfacet
  facet normal 0 0 -1
    outer loop
      vertex -26.677851954085263 117.4915304421568 1
      vertex -26.677851954085263 120.5084695578432 1
      vertex -26.54358549596388 117.77541301643171 1
    endloop
  endfacet
  facet normal 0 0 -1
    outer loop
      vertex -27.026366549239242 116.96994149067633 1
      vertex -27.23725830020305 121.26274169979695 1
      vertex -27.026366549239242 121.03005850932367 1
    endloop
  endfacet
  facet normal 0 0 -1
    outer loop
      vertex -26.839297240631854 117.22217525433727 1
      vertex -27.026366549239242 121.03005850932367 1
      vertex -26.839297240631854 120.77782474566273 1
    endloop
  endfacet
  facet normal 0 0 -1
    outer loop
      vertex -26.677851954085263 117.4915304421568 1
      vertex -26.839297240631854 120.77782474566273 1
      vertex -26.677851954085263 120.5084695578432 1
    endloop
  endfacet
  facet normal 0 0 -1
    outer loop
      vertex -26.54358549596388 117.77541301643171 1
      vertex -26.54358549596388 120.22458698356829 1
      vertex -26.43779092565693 118.07108903278572 1
    endloop
  endfacet
  facet normal 0 0 -1
    outer loop
      vertex -26.43779092565693 118.07108903278572 1
      vertex -26.43779092565693 119.92891096721428 1
      vertex -26.361487102709663 118.3757109695484 1
    endloop
  endfacet
  facet normal 0 0 -1
    outer loop
      vertex -26.54358549596388 117.77541301643171 1
      vertex -26.677851954085263 120.5084695578432 1
      vertex -26.54358549596388 120.22458698356829 1
    endloop
  endfacet
  facet normal 0 0 -1
    outer loop
      vertex -26.361487102709663 118.3757109695484 1
      vertex -26.361487102709663 119.6242890304516 1
      vertex -26.31540887464897 118.6863451509454 1
    endloop
  endfacet
  facet normal 0 0 -1
    outer loop
      vertex -26.43779092565693 118.07108903278572 1
      vertex -26.54358549596388 120.22458698356829 1
      vertex -26.43779092565693 119.92891096721428 1
    endloop
  endfacet
  facet normal 0 0 -1
    outer loop
      vertex -26.43779092565693 119.92891096721428 1
      vertex -26.361487102709663 119.6242890304516 1
      vertex -26.361487102709663 118.3757109695484 1
    endloop
  endfacet
  facet normal 0 0 -1
    outer loop
      vertex -26.31540887464897 118.6863451509454 1
      vertex -26.361487102709663 119.6242890304516 1
      vertex -26.31540887464897 119.3136548490546 1
    endloop
  endfacet
  facet normal 0 0 -1
    outer loop
      vertex -26.31540887464897 118.6863451509454 1
      vertex -26.31540887464897 119.3136548490546 1
      vertex -26.3 119 1
    endloop
  endfacet
  facet normal 0.8032075314806215 0.5956993044924649 0
    outer loop
      vertex 13.086501659085673 118.05553060386667 1
      vertex 13.086501659085673 118.05553060386667 3
      vertex 13.185882229283347 117.92153141692181 1
    endloop
  endfacet
  facet normal 0.740951125354978 0.6715589548469976 0
    outer loop
      vertex 13.185882229283347 117.92153141692181 1
      vertex 13.185882229283347 117.92153141692181 3
      vertex 13.29791847198287 117.79791847198287 1
    endloop
  endfacet
  facet normal 0.6715589548470066 0.7409511253549699 0
    outer loop
      vertex 13.29791847198287 117.79791847198287 1
      vertex 13.29791847198287 117.79791847198287 3
      vertex 13.421531416921802 117.68588222928335 1
    endloop
  endfacet
  facet normal 0.5956993044924567 0.8032075314806275 0
    outer loop
      vertex 13.421531416921802 117.68588222928335 1
      vertex 13.421531416921802 117.68588222928335 3
      vertex 13.555530603866677 117.58650165908567 1
    endloop
  endfacet
  facet normal 0.5141027441931887 0.8577286100002919 0
    outer loop
      vertex 13.555530603866677 117.58650165908567 1
      vertex 13.555530603866677 117.58650165908567 3
      vertex 13.698625547395803 117.5007338506078 1
    endloop
  endfacet
  facet normal 0.42755509343029674 0.9039892931234363 0
    outer loop
      vertex 13.698625547395803 117.5007338506078 1
      vertex 13.698625547395803 117.5007338506078 3
      vertex 13.849438164979347 117.42940479473081 1
    endloop
  endfacet
  facet normal 0.3368898533922202 0.9415440651830207 -1.0504980084579302e-18
    outer loop
      vertex 14.006516048667415 117.37320142925525 1
      vertex 13.849438164979347 117.42940479473081 1
      vertex 13.849438164979347 117.42940479473081 3
    endloop
  endfacet
  facet normal 0.24298017990329382 0.9700312531945365 0
    outer loop
      vertex 14.006516048667415 117.37320142925525 1
      vertex 14.006516048667415 117.37320142925525 3
      vertex 14.168346452572582 117.3326650233145 1
    endloop
  endfacet
  facet normal 0.14673047445531523 0.9891765099647878 0
    outer loop
      vertex 14.168346452572582 117.3326650233145 1
      vertex 14.168346452572582 117.3326650233145 3
      vertex 14.333370861439747 117.30818596465727 1
    endloop
  endfacet
  facet normal 0.04906767432746035 0.9987954562051702 0
    outer loop
      vertex 14.333370861439747 117.30818596465727 1
      vertex 14.333370861439747 117.30818596465727 3
      vertex 14.5 117.3 1
    endloop
  endfacet
  facet normal -0.04906767432746035 0.9987954562051702 0
    outer loop
      vertex 14.5 117.3 1
      vertex 14.5 117.3 3
      vertex 14.666629138560253 117.30818596465727 1
    endloop
  endfacet
  facet normal 0.9700312531945452 0.24298017990325874 1.1898843664126226e-18
    outer loop
      vertex 12.873201429255245 118.50651604866741 1
      vertex 12.832665023314508 118.66834645257258 1
      vertex 12.832665023314508 118.66834645257258 3
    endloop
  endfacet
  facet normal 0.9891765099647821 0.1467304744553538 0
    outer loop
      vertex 12.808185964657266 118.83337086143975 1
      vertex 12.808185964657266 118.83337086143975 3
      vertex 12.832665023314508 118.66834645257258 1
    endloop
  endfacet
  facet normal 0.9987954562051724 0.04906767432741787 -1.0175603021745209e-19
    outer loop
      vertex 12.808185964657266 118.83337086143975 1
      vertex 12.8 119 1
      vertex 12.8 119 3
    endloop
  endfacet
  facet normal 0.9987954562051724 -0.04906767432741787 1.0175603021745209e-19
    outer loop
      vertex 12.8 119 1
      vertex 12.808185964657266 119.16662913856025 1
      vertex 12.808185964657266 119.16662913856025 3
    endloop
  endfacet
  facet normal 0.9891765099647821 -0.1467304744553538 -9.396119795039673e-19
    outer loop
      vertex 12.808185964657266 119.16662913856025 1
      vertex 12.832665023314508 119.33165354742742 1
      vertex 12.832665023314508 119.33165354742742 3
    endloop
  endfacet
  facet normal 0.9700312531945452 -0.24298017990325874 -1.1898843664126226e-18
    outer loop
      vertex 12.832665023314508 119.33165354742742 1
      vertex 12.873201429255245 119.49348395133259 1
      vertex 12.873201429255245 119.49348395133259 3
    endloop
  endfacet
  facet normal 0.9415440651830158 0.33688985339223376 0
    outer loop
      vertex 12.873201429255245 118.50651604866741 1
      vertex 12.873201429255245 118.50651604866741 3
      vertex 12.929404794730813 118.34943816497935 1
    endloop
  endfacet
  facet normal 0.9039892931234408 0.4275550934302876 0
    outer loop
      vertex 12.929404794730813 118.34943816497935 1
      vertex 12.929404794730813 118.34943816497935 3
      vertex 13.000733850607796 118.1986255473958 1
    endloop
  endfacet
  facet normal 0.8577286100002824 0.5141027441932045 0
    outer loop
      vertex 13.000733850607796 118.1986255473958 1
      vertex 13.000733850607796 118.1986255473958 3
      vertex 13.086501659085673 118.05553060386667 1
    endloop
  endfacet
  facet normal 0.9415440651830158 -0.33688985339223376 -3.603008364805194e-20
    outer loop
      vertex 12.873201429255245 119.49348395133259 1
      vertex 12.929404794730813 119.65056183502065 1
      vertex 12.929404794730813 119.65056183502065 3
    endloop
  endfacet
  facet normal 0.9039892931234408 -0.4275550934302876 -1.9000452049074774e-18
    outer loop
      vertex 12.929404794730813 119.65056183502065 1
      vertex 13.000733850607796 119.8013744526042 1
      vertex 13.000733850607796 119.8013744526042 3
    endloop
  endfacet
  facet normal 0.8577286100002824 -0.5141027441932045 2.2440945882230677e-18
    outer loop
      vertex 13.000733850607796 119.8013744526042 1
      vertex 13.086501659085673 119.94446939613333 1
      vertex 13.086501659085673 119.94446939613333 3
    endloop
  endfacet
  facet normal 0.8032075314806215 -0.5956993044924649 -1.468673264709644e-18
    outer loop
      vertex 13.086501659085673 119.94446939613333 1
      vertex 13.185882229283347 120.07846858307819 1
      vertex 13.185882229283347 120.07846858307819 3
    endloop
  endfacet
  facet normal 0.740951125354978 -0.6715589548469976 -9.093792592397979e-19
    outer loop
      vertex 13.185882229283347 120.07846858307819 1
      vertex 13.29791847198287 120.20208152801713 1
      vertex 13.29791847198287 120.20208152801713 3
    endloop
  endfacet
  facet normal 0.6715589548470066 -0.7409511253549699 2.3944780422048737e-18
    outer loop
      vertex 13.29791847198287 120.20208152801713 1
      vertex 13.421531416921802 120.31411777071665 1
      vertex 13.421531416921802 120.31411777071665 3
    endloop
  endfacet
  facet normal 0.5956993044924567 -0.8032075314806275 -3.217739842140622e-19
    outer loop
      vertex 13.421531416921802 120.31411777071665 1
      vertex 13.555530603866677 120.41349834091433 1
      vertex 13.555530603866677 120.41349834091433 3
    endloop
  endfacet
  facet normal 0.5141027441931887 -0.8577286100002919 -1.7970938666039842e-18
    outer loop
      vertex 13.555530603866677 120.41349834091433 1
      vertex 13.698625547395803 120.4992661493922 1
      vertex 13.698625547395803 120.4992661493922 3
    endloop
  endfacet
  facet normal 0.42755509343029674 -0.9039892931234363 -2.1800295682775644e-18
    outer loop
      vertex 13.698625547395803 120.4992661493922 1
      vertex 13.849438164979347 120.57059520526919 1
      vertex 13.849438164979347 120.57059520526919 3
    endloop
  endfacet
  facet normal 0.3368898533922202 -0.9415440651830207 1.0504980084579302e-18
    outer loop
      vertex 13.849438164979347 120.57059520526919 1
      vertex 14.006516048667415 120.62679857074475 1
      vertex 14.006516048667415 120.62679857074475 3
    endloop
  endfacet
  facet normal 0.24298017990329382 -0.9700312531945365 -5.429043564723009e-19
    outer loop
      vertex 14.006516048667415 120.62679857074475 1
      vertex 14.168346452572582 120.6673349766855 1
      vertex 14.168346452572582 120.6673349766855 3
    endloop
  endfacet
  facet normal 0.14673047445531523 -0.9891765099647878 1.2799196190101195e-18
    outer loop
      vertex 14.168346452572582 120.6673349766855 1
      vertex 14.333370861439747 120.69181403534273 1
      vertex 14.333370861439747 120.69181403534273 3
    endloop
  endfacet
  facet normal 0.04906767432746035 -0.9987954562051702 1.690920394959685e-19
    outer loop
      vertex 14.333370861439747 120.69181403534273 1
      vertex 14.5 120.7 1
      vertex 14.5 120.7 3
    endloop
  endfacet
  facet normal -0.04906767432746035 -0.9987954562051702 -1.690920394959685e-19
    outer loop
      vertex 14.5 120.7 1
      vertex 14.666629138560253 120.69181403534273 1
      vertex 14.666629138560253 120.69181403534273 3
    endloop
  endfacet
  facet normal -0.14673047445531523 0.9891765099647878 0
    outer loop
      vertex 14.666629138560253 117.30818596465727 1
      vertex 14.666629138560253 117.30818596465727 3
      vertex 14.831653547427418 117.3326650233145 1
    endloop
  endfacet
  facet normal -0.24298017990329382 0.9700312531945365 0
    outer loop
      vertex 14.831653547427418 117.3326650233145 1
      vertex 14.831653547427418 117.3326650233145 3
      vertex 14.993483951332585 117.37320142925525 1
    endloop
  endfacet
  facet normal -0.3368898533922202 0.9415440651830207 0
    outer loop
      vertex 14.993483951332585 117.37320142925525 1
      vertex 14.993483951332585 117.37320142925525 3
      vertex 15.150561835020653 117.42940479473081 1
    endloop
  endfacet
  facet normal -0.42755509343029674 0.9039892931234363 0
    outer loop
      vertex 15.150561835020653 117.42940479473081 1
      vertex 15.150561835020653 117.42940479473081 3
      vertex 15.301374452604197 117.5007338506078 1
    endloop
  endfacet
  facet normal -0.5141027441931887 0.8577286100002919 0
    outer loop
      vertex 15.301374452604197 117.5007338506078 1
      vertex 15.301374452604197 117.5007338506078 3
      vertex 15.444469396133323 117.58650165908567 1
    endloop
  endfacet
  facet normal -0.5956993044924567 0.8032075314806275 0
    outer loop
      vertex 15.444469396133323 117.58650165908567 1
      vertex 15.444469396133323 117.58650165908567 3
      vertex 15.578468583078198 117.68588222928335 1
    endloop
  endfacet
  facet normal -0.6715589548470066 0.7409511253549699 0
    outer loop
      vertex 15.578468583078198 117.68588222928335 1
      vertex 15.578468583078198 117.68588222928335 3
      vertex 15.70208152801713 117.79791847198287 1
    endloop
  endfacet
  facet normal -0.740951125354978 0.6715589548469976 0
    outer loop
      vertex 15.70208152801713 117.79791847198287 1
      vertex 15.70208152801713 117.79791847198287 3
      vertex 15.814117770716653 117.92153141692181 1
    endloop
  endfacet
  facet normal -0.8032075314806215 0.5956993044924649 0
    outer loop
      vertex 15.814117770716653 117.92153141692181 1
      vertex 15.814117770716653 117.92153141692181 3
      vertex 15.913498340914327 118.05553060386667 1
    endloop
  endfacet
  facet normal -0.8577286100002824 0.5141027441932045 0
    outer loop
      vertex 15.913498340914327 118.05553060386667 1
      vertex 15.913498340914327 118.05553060386667 3
      vertex 15.999266149392204 118.1986255473958 1
    endloop
  endfacet
  facet normal -0.14673047445531523 -0.9891765099647878 -1.2799196190101195e-18
    outer loop
      vertex 14.666629138560253 120.69181403534273 1
      vertex 14.831653547427418 120.6673349766855 1
      vertex 14.831653547427418 120.6673349766855 3
    endloop
  endfacet
  facet normal -0.24298017990329382 -0.9700312531945365 5.429043564723009e-19
    outer loop
      vertex 14.831653547427418 120.6673349766855 1
      vertex 14.993483951332585 120.62679857074475 1
      vertex 14.993483951332585 120.62679857074475 3
    endloop
  endfacet
  facet normal -0.3368898533922202 -0.9415440651830207 -1.0504980084579302e-18
    outer loop
      vertex 14.993483951332585 120.62679857074475 1
      vertex 15.150561835020653 120.57059520526919 1
      vertex 15.150561835020653 120.57059520526919 3
    endloop
  endfacet
  facet normal -0.42755509343029674 -0.9039892931234363 2.1800295682775644e-18
    outer loop
      vertex 15.150561835020653 120.57059520526919 1
      vertex 15.301374452604197 120.4992661493922 1
      vertex 15.301374452604197 120.4992661493922 3
    endloop
  endfacet
  facet normal -0.5141027441931887 -0.8577286100002919 1.7970938666039842e-18
    outer loop
      vertex 15.301374452604197 120.4992661493922 1
      vertex 15.444469396133323 120.41349834091433 1
      vertex 15.444469396133323 120.41349834091433 3
    endloop
  endfacet
  facet normal -0.5956993044924567 -0.8032075314806275 3.217739842140622e-19
    outer loop
      vertex 15.444469396133323 120.41349834091433 1
      vertex 15.578468583078198 120.31411777071665 1
      vertex 15.578468583078198 120.31411777071665 3
    endloop
  endfacet
  facet normal -0.740951125354978 -0.6715589548469976 9.093792592397979e-19
    outer loop
      vertex 15.70208152801713 120.20208152801713 1
      vertex 15.814117770716653 120.07846858307819 1
      vertex 15.814117770716653 120.07846858307819 3
    endloop
  endfacet
  facet normal -0.8032075314806215 -0.5956993044924649 1.468673264709644e-18
    outer loop
      vertex 15.814117770716653 120.07846858307819 1
      vertex 15.913498340914327 119.94446939613333 1
      vertex 15.913498340914327 119.94446939613333 3
    endloop
  endfacet
  facet normal -0.6715589548470066 -0.7409511253549699 -2.3944780422048737e-18
    outer loop
      vertex 15.578468583078198 120.31411777071665 1
      vertex 15.70208152801713 120.20208152801713 1
      vertex 15.70208152801713 120.20208152801713 3
    endloop
  endfacet
  facet normal -0.9039892931234449 0.42755509343027887 0
    outer loop
      vertex 15.999266149392204 118.1986255473958 1
      vertex 15.999266149392204 118.1986255473958 3
      vertex 16.070595205269186 118.34943816497935 1
    endloop
  endfacet
  facet normal -0.9415440651830158 0.33688985339223376 0
    outer loop
      vertex 16.070595205269186 118.34943816497935 1
      vertex 16.070595205269186 118.34943816497935 3
      vertex 16.126798570744754 118.50651604866741 1
    endloop
  endfacet
  facet normal -0.9700312531945428 0.24298017990326878 0
    outer loop
      vertex 16.126798570744754 118.50651604866741 1
      vertex 16.126798570744754 118.50651604866741 3
      vertex 16.167334976685492 118.66834645257258 1
    endloop
  endfacet
  facet normal -0.9891765099647821 0.1467304744553538 0
    outer loop
      vertex 16.167334976685492 118.66834645257258 1
      vertex 16.167334976685492 118.66834645257258 3
      vertex 16.191814035342734 118.83337086143975 1
    endloop
  endfacet
  facet normal -0.9987954562051724 0.04906767432741787 0
    outer loop
      vertex 16.191814035342734 118.83337086143975 1
      vertex 16.191814035342734 118.83337086143975 3
      vertex 16.2 119 1
    endloop
  endfacet
  facet normal -0.9987954562051724 -0.04906767432741787 0
    outer loop
      vertex 16.2 119 1
      vertex 16.2 119 3
      vertex 16.191814035342734 119.16662913856025 1
    endloop
  endfacet
  facet normal -0.9891765099647821 -0.1467304744553538 0
    outer loop
      vertex 16.191814035342734 119.16662913856025 1
      vertex 16.191814035342734 119.16662913856025 3
      vertex 16.167334976685492 119.33165354742742 1
    endloop
  endfacet
  facet normal -0.9700312531945428 -0.24298017990326878 0
    outer loop
      vertex 16.167334976685492 119.33165354742742 1
      vertex 16.167334976685492 119.33165354742742 3
      vertex 16.126798570744754 119.49348395133259 1
    endloop
  endfacet
  facet normal -0.8577286100002824 -0.5141027441932045 -2.2440945882230677e-18
    outer loop
      vertex 15.913498340914327 119.94446939613333 1
      vertex 15.999266149392204 119.8013744526042 1
      vertex 15.999266149392204 119.8013744526042 3
    endloop
  endfacet
  facet normal -0.9039892931234449 -0.42755509343027887 0
    outer loop
      vertex 16.070595205269186 119.65056183502065 1
      vertex 16.070595205269186 119.65056183502065 3
      vertex 15.999266149392204 119.8013744526042 1
    endloop
  endfacet
  facet normal -0.9415440651830158 -0.33688985339223376 3.603008364805194e-20
    outer loop
      vertex 16.070595205269186 119.65056183502065 1
      vertex 16.126798570744754 119.49348395133259 1
      vertex 16.126798570744754 119.49348395133259 3
    endloop
  endfacet
  facet normal 0.8577286100002824 0.5141027441932045 0
    outer loop
      vertex 13.086501659085673 118.05553060386667 1
      vertex 13.000733850607796 118.1986255473958 3
      vertex 13.086501659085673 118.05553060386667 3
    endloop
  endfacet
  facet normal 0.8032075314806215 0.5956993044924649 0
    outer loop
      vertex 13.185882229283347 117.92153141692181 1
      vertex 13.086501659085673 118.05553060386667 3
      vertex 13.185882229283347 117.92153141692181 3
    endloop
  endfacet
  facet normal 0.740951125354978 0.6715589548469976 0
    outer loop
      vertex 13.29791847198287 117.79791847198287 1
      vertex 13.185882229283347 117.92153141692181 3
      vertex 13.29791847198287 117.79791847198287 3
    endloop
  endfacet
  facet normal 0.6715589548470066 0.7409511253549699 0
    outer loop
      vertex 13.421531416921802 117.68588222928335 1
      vertex 13.29791847198287 117.79791847198287 3
      vertex 13.421531416921802 117.68588222928335 3
    endloop
  endfacet
  facet normal 0.5956993044924567 0.8032075314806275 0
    outer loop
      vertex 13.555530603866677 117.58650165908567 1
      vertex 13.421531416921802 117.68588222928335 3
      vertex 13.555530603866677 117.58650165908567 3
    endloop
  endfacet
  facet normal 0.5141027441931887 0.8577286100002919 0
    outer loop
      vertex 13.698625547395803 117.5007338506078 1
      vertex 13.555530603866677 117.58650165908567 3
      vertex 13.698625547395803 117.5007338506078 3
    endloop
  endfacet
  facet normal 0.3368898533922202 0.9415440651830207 0
    outer loop
      vertex 14.006516048667415 117.37320142925525 1
      vertex 13.849438164979347 117.42940479473081 3
      vertex 14.006516048667415 117.37320142925525 3
    endloop
  endfacet
  facet normal 0.42755509343029674 0.9039892931234363 0
    outer loop
      vertex 13.849438164979347 117.42940479473081 1
      vertex 13.698625547395803 117.5007338506078 3
      vertex 13.849438164979347 117.42940479473081 3
    endloop
  endfacet
  facet normal 0.24298017990329382 0.9700312531945365 0
    outer loop
      vertex 14.168346452572582 117.3326650233145 1
      vertex 14.006516048667415 117.37320142925525 3
      vertex 14.168346452572582 117.3326650233145 3
    endloop
  endfacet
  facet normal 0.14673047445531523 0.9891765099647878 0
    outer loop
      vertex 14.333370861439747 117.30818596465727 1
      vertex 14.168346452572582 117.3326650233145 3
      vertex 14.333370861439747 117.30818596465727 3
    endloop
  endfacet
  facet normal 0.04906767432746035 0.9987954562051702 0
    outer loop
      vertex 14.5 117.3 1
      vertex 14.333370861439747 117.30818596465727 3
      vertex 14.5 117.3 3
    endloop
  endfacet
  facet normal -0.04906767432746035 0.9987954562051702 0
    outer loop
      vertex 14.666629138560253 117.30818596465727 1
      vertex 14.5 117.3 3
      vertex 14.666629138560253 117.30818596465727 3
    endloop
  endfacet
  facet normal 0.9700312531945452 0.24298017990325874 0
    outer loop
      vertex 12.873201429255245 118.50651604866741 1
      vertex 12.832665023314508 118.66834645257258 3
      vertex 12.873201429255245 118.50651604866741 3
    endloop
  endfacet
  facet normal 0.9891765099647821 0.1467304744553538 0
    outer loop
      vertex 12.832665023314508 118.66834645257258 1
      vertex 12.808185964657266 118.83337086143975 3
      vertex 12.832665023314508 118.66834645257258 3
    endloop
  endfacet
  facet normal 0.9987954562051724 0.04906767432741787 0
    outer loop
      vertex 12.808185964657266 118.83337086143975 1
      vertex 12.8 119 3
      vertex 12.808185964657266 118.83337086143975 3
    endloop
  endfacet
  facet normal 0.9987954562051724 -0.04906767432741787 0
    outer loop
      vertex 12.8 119 1
      vertex 12.808185964657266 119.16662913856025 3
      vertex 12.8 119 3
    endloop
  endfacet
  facet normal 0.9891765099647821 -0.1467304744553538 0
    outer loop
      vertex 12.808185964657266 119.16662913856025 1
      vertex 12.832665023314508 119.33165354742742 3
      vertex 12.808185964657266 119.16662913856025 3
    endloop
  endfacet
  facet normal 0.9700312531945452 -0.24298017990325874 0
    outer loop
      vertex 12.832665023314508 119.33165354742742 1
      vertex 12.873201429255245 119.49348395133259 3
      vertex 12.832665023314508 119.33165354742742 3
    endloop
  endfacet
  facet normal 0.9415440651830158 0.33688985339223376 0
    outer loop
      vertex 12.929404794730813 118.34943816497935 1
      vertex 12.873201429255245 118.50651604866741 3
      vertex 12.929404794730813 118.34943816497935 3
    endloop
  endfacet
  facet normal 0.9039892931234408 0.4275550934302876 0
    outer loop
      vertex 13.000733850607796 118.1986255473958 1
      vertex 12.929404794730813 118.34943816497935 3
      vertex 13.000733850607796 118.1986255473958 3
    endloop
  endfacet
  facet normal 0.9415440651830158 -0.33688985339223376 0
    outer loop
      vertex 12.873201429255245 119.49348395133259 1
      vertex 12.929404794730813 119.65056183502065 3
      vertex 12.873201429255245 119.49348395133259 3
    endloop
  endfacet
  facet normal 0.9039892931234408 -0.4275550934302876 0
    outer loop
      vertex 12.929404794730813 119.65056183502065 1
      vertex 13.000733850607796 119.8013744526042 3
      vertex 12.929404794730813 119.65056183502065 3
    endloop
  endfacet
  facet normal 0.8577286100002824 -0.5141027441932045 0
    outer loop
      vertex 13.000733850607796 119.8013744526042 1
      vertex 13.086501659085673 119.94446939613333 3
      vertex 13.000733850607796 119.8013744526042 3
    endloop
  endfacet
  facet normal 0.8032075314806215 -0.5956993044924649 0
    outer loop
      vertex 13.086501659085673 119.94446939613333 1
      vertex 13.185882229283347 120.07846858307819 3
      vertex 13.086501659085673 119.94446939613333 3
    endloop
  endfacet
  facet normal 0.740951125354978 -0.6715589548469976 0
    outer loop
      vertex 13.185882229283347 120.07846858307819 1
      vertex 13.29791847198287 120.20208152801713 3
      vertex 13.185882229283347 120.07846858307819 3
    endloop
  endfacet
  facet normal 0.6715589548470066 -0.7409511253549699 0
    outer loop
      vertex 13.29791847198287 120.20208152801713 1
      vertex 13.421531416921802 120.31411777071665 3
      vertex 13.29791847198287 120.20208152801713 3
    endloop
  endfacet
  facet normal 0.5956993044924567 -0.8032075314806275 0
    outer loop
      vertex 13.421531416921802 120.31411777071665 1
      vertex 13.555530603866677 120.41349834091433 3
      vertex 13.421531416921802 120.31411777071665 3
    endloop
  endfacet
  facet normal 0.5141027441931887 -0.8577286100002919 0
    outer loop
      vertex 13.555530603866677 120.41349834091433 1
      vertex 13.698625547395803 120.4992661493922 3
      vertex 13.555530603866677 120.41349834091433 3
    endloop
  endfacet
  facet normal 0.42755509343029674 -0.9039892931234363 0
    outer loop
      vertex 13.698625547395803 120.4992661493922 1
      vertex 13.849438164979347 120.57059520526919 3
      vertex 13.698625547395803 120.4992661493922 3
    endloop
  endfacet
  facet normal 0.3368898533922202 -0.9415440651830207 0
    outer loop
      vertex 13.849438164979347 120.57059520526919 1
      vertex 14.006516048667415 120.62679857074475 3
      vertex 13.849438164979347 120.57059520526919 3
    endloop
  endfacet
  facet normal 0.24298017990329382 -0.9700312531945365 0
    outer loop
      vertex 14.006516048667415 120.62679857074475 1
      vertex 14.168346452572582 120.6673349766855 3
      vertex 14.006516048667415 120.62679857074475 3
    endloop
  endfacet
  facet normal 0.14673047445531523 -0.9891765099647878 0
    outer loop
      vertex 14.168346452572582 120.6673349766855 1
      vertex 14.333370861439747 120.69181403534273 3
      vertex 14.168346452572582 120.6673349766855 3
    endloop
  endfacet
  facet normal 0.04906767432746035 -0.9987954562051702 0
    outer loop
      vertex 14.333370861439747 120.69181403534273 1
      vertex 14.5 120.7 3
      vertex 14.333370861439747 120.69181403534273 3
    endloop
  endfacet
  facet normal -0.04906767432746035 -0.9987954562051702 0
    outer loop
      vertex 14.5 120.7 1
      vertex 14.666629138560253 120.69181403534273 3
      vertex 14.5 120.7 3
    endloop
  endfacet
  facet normal -0.14673047445531523 0.9891765099647878 0
    outer loop
      vertex 14.831653547427418 117.3326650233145 1
      vertex 14.666629138560253 117.30818596465727 3
      vertex 14.831653547427418 117.3326650233145 3
    endloop
  endfacet
  facet normal -0.24298017990329382 0.9700312531945365 0
    outer loop
      vertex 14.993483951332585 117.37320142925525 1
      vertex 14.831653547427418 117.3326650233145 3
      vertex 14.993483951332585 117.37320142925525 3
    endloop
  endfacet
  facet normal -0.3368898533922202 0.9415440651830207 0
    outer loop
      vertex 15.150561835020653 117.42940479473081 1
      vertex 14.993483951332585 117.37320142925525 3
      vertex 15.150561835020653 117.42940479473081 3
    endloop
  endfacet
  facet normal -0.42755509343029674 0.9039892931234363 0
    outer loop
      vertex 15.301374452604197 117.5007338506078 1
      vertex 15.150561835020653 117.42940479473081 3
      vertex 15.301374452604197 117.5007338506078 3
    endloop
  endfacet
  facet normal -0.5141027441931887 0.8577286100002919 0
    outer loop
      vertex 15.444469396133323 117.58650165908567 1
      vertex 15.301374452604197 117.5007338506078 3
      vertex 15.444469396133323 117.58650165908567 3
    endloop
  endfacet
  facet normal -0.5956993044924567 0.8032075314806275 0
    outer loop
      vertex 15.578468583078198 117.68588222928335 1
      vertex 15.444469396133323 117.58650165908567 3
      vertex 15.578468583078198 117.68588222928335 3
    endloop
  endfacet
  facet normal -0.6715589548470066 0.7409511253549699 0
    outer loop
      vertex 15.70208152801713 117.79791847198287 1
      vertex 15.578468583078198 117.68588222928335 3
      vertex 15.70208152801713 117.79791847198287 3
    endloop
  endfacet
  facet normal -0.740951125354978 0.6715589548469976 0
    outer loop
      vertex 15.814117770716653 117.92153141692181 1
      vertex 15.70208152801713 117.79791847198287 3
      vertex 15.814117770716653 117.92153141692181 3
    endloop
  endfacet
  facet normal -0.8032075314806215 0.5956993044924649 0
    outer loop
      vertex 15.913498340914327 118.05553060386667 1
      vertex 15.814117770716653 117.92153141692181 3
      vertex 15.913498340914327 118.05553060386667 3
    endloop
  endfacet
  facet normal -0.14673047445531523 -0.9891765099647878 0
    outer loop
      vertex 14.666629138560253 120.69181403534273 1
      vertex 14.831653547427418 120.6673349766855 3
      vertex 14.666629138560253 120.69181403534273 3
    endloop
  endfacet
  facet normal -0.24298017990329382 -0.9700312531945365 0
    outer loop
      vertex 14.831653547427418 120.6673349766855 1
      vertex 14.993483951332585 120.62679857074475 3
      vertex 14.831653547427418 120.6673349766855 3
    endloop
  endfacet
  facet normal -0.3368898533922202 -0.9415440651830207 0
    outer loop
      vertex 14.993483951332585 120.62679857074475 1
      vertex 15.150561835020653 120.57059520526919 3
      vertex 14.993483951332585 120.62679857074475 3
    endloop
  endfacet
  facet normal -0.42755509343029674 -0.9039892931234363 0
    outer loop
      vertex 15.150561835020653 120.57059520526919 1
      vertex 15.301374452604197 120.4992661493922 3
      vertex 15.150561835020653 120.57059520526919 3
    endloop
  endfacet
  facet normal -0.5141027441931887 -0.8577286100002919 0
    outer loop
      vertex 15.301374452604197 120.4992661493922 1
      vertex 15.444469396133323 120.41349834091433 3
      vertex 15.301374452604197 120.4992661493922 3
    endloop
  endfacet
  facet normal -0.5956993044924567 -0.8032075314806275 0
    outer loop
      vertex 15.444469396133323 120.41349834091433 1
      vertex 15.578468583078198 120.31411777071665 3
      vertex 15.444469396133323 120.41349834091433 3
    endloop
  endfacet
  facet normal -0.6715589548470066 -0.7409511253549699 0
    outer loop
      vertex 15.578468583078198 120.31411777071665 1
      vertex 15.70208152801713 120.20208152801713 3
      vertex 15.578468583078198 120.31411777071665 3
    endloop
  endfacet
  facet normal -0.740951125354978 -0.6715589548469976 0
    outer loop
      vertex 15.70208152801713 120.20208152801713 1
      vertex 15.814117770716653 120.07846858307819 3
      vertex 15.70208152801713 120.20208152801713 3
    endloop
  endfacet
  facet normal -0.8032075314806215 -0.5956993044924649 0
    outer loop
      vertex 15.814117770716653 120.07846858307819 1
      vertex 15.913498340914327 119.94446939613333 3
      vertex 15.814117770716653 120.07846858307819 3
    endloop
  endfacet
  facet normal -0.8577286100002824 -0.5141027441932045 0
    outer loop
      vertex 15.913498340914327 119.94446939613333 1
      vertex 15.999266149392204 119.8013744526042 3
      vertex 15.913498340914327 119.94446939613333 3
    endloop
  endfacet
  facet normal -0.8577286100002824 0.5141027441932045 0
    outer loop
      vertex 15.999266149392204 118.1986255473958 1
      vertex 15.913498340914327 118.05553060386667 3
      vertex 15.999266149392204 118.1986255473958 3
    endloop
  endfacet
  facet normal -0.9039892931234449 0.42755509343027887 0
    outer loop
      vertex 16.070595205269186 118.34943816497935 1
      vertex 15.999266149392204 118.1986255473958 3
      vertex 16.070595205269186 118.34943816497935 3
    endloop
  endfacet
  facet normal -0.9415440651830158 0.33688985339223376 0
    outer loop
      vertex 16.126798570744754 118.50651604866741 1
      vertex 16.070595205269186 118.34943816497935 3
      vertex 16.126798570744754 118.50651604866741 3
    endloop
  endfacet
  facet normal -0.9700312531945428 0.24298017990326878 0
    outer loop
      vertex 16.167334976685492 118.66834645257258 1
      vertex 16.126798570744754 118.50651604866741 3
      vertex 16.167334976685492 118.66834645257258 3
    endloop
  endfacet
  facet normal -0.9891765099647821 0.1467304744553538 0
    outer loop
      vertex 16.191814035342734 118.83337086143975 1
      vertex 16.167334976685492 118.66834645257258 3
      vertex 16.191814035342734 118.83337086143975 3
    endloop
  endfacet
  facet normal -0.9987954562051724 0.04906767432741787 0
    outer loop
      vertex 16.2 119 1
      vertex 16.191814035342734 118.83337086143975 3
      vertex 16.2 119 3
    endloop
  endfacet
  facet normal -0.9987954562051724 -0.04906767432741787 0
    outer loop
      vertex 16.191814035342734 119.16662913856025 1
      vertex 16.2 119 3
      vertex 16.191814035342734 119.16662913856025 3
    endloop
  endfacet
  facet normal -0.9891765099647821 -0.1467304744553538 0
    outer loop
      vertex 16.167334976685492 119.33165354742742 1
      vertex 16.191814035342734 119.16662913856025 3
      vertex 16.167334976685492 119.33165354742742 3
    endloop
  endfacet
  facet normal -0.9700312531945428 -0.24298017990326878 0
    outer loop
      vertex 16.126798570744754 119.49348395133259 1
      vertex 16.167334976685492 119.33165354742742 3
      vertex 16.126798570744754 119.49348395133259 3
    endloop
  endfacet
  facet normal -0.9039892931234449 -0.42755509343027887 0
    outer loop
      vertex 15.999266149392204 119.8013744526042 1
      vertex 16.070595205269186 119.65056183502065 3
      vertex 15.999266149392204 119.8013744526042 3
    endloop
  endfacet
  facet normal -0.9415440651830158 -0.33688985339223376 0
    outer loop
      vertex 16.070595205269186 119.65056183502065 1
      vertex 16.126798570744754 119.49348395133259 3
      vertex 16.070595205269186 119.65056183502065 3
    endloop
  endfacet
  facet normal 0.9415440651830221 0.33688985339221633 0
    outer loop
      vertex 11.437790925656932 118.07108903278572 1
      vertex 11.543585495963882 117.77541301643171 0
      vertex 11.437790925656932 118.07108903278572 0
    endloop
  endfacet
  facet normal 0.903989293123448 0.42755509343027215 0
    outer loop
      vertex 11.543585495963882 117.77541301643171 1
      vertex 11.677851954085263 117.4915304421568 0
      vertex 11.543585495963882 117.77541301643171 0
    endloop
  endfacet
  facet normal 0.8577286100002662 0.5141027441932312 0
    outer loop
      vertex 11.677851954085263 117.4915304421568 1
      vertex 11.839297240631854 117.22217525433727 0
      vertex 11.677851954085263 117.4915304421568 0
    endloop
  endfacet
  facet normal 0.8032075314806439 0.5956993044924348 0
    outer loop
      vertex 11.839297240631854 117.22217525433727 1
      vertex 12.026366549239242 116.96994149067633 0
      vertex 11.839297240631854 117.22217525433727 0
    endloop
  endfacet
  facet normal 0.7409511253549536 0.6715589548470247 0
    outer loop
      vertex 12.026366549239242 116.96994149067633 1
      vertex 12.237258300203047 116.73725830020305 0
      vertex 12.026366549239242 116.96994149067633 0
    endloop
  endfacet
  facet normal 0.9415440651830221 0.33688985339221633 0
    outer loop
      vertex 11.543585495963882 117.77541301643171 1
      vertex 11.543585495963882 117.77541301643171 0
      vertex 11.437790925656932 118.07108903278572 1
    endloop
  endfacet
  facet normal 0.8577286100002662 0.5141027441932312 0
    outer loop
      vertex 11.839297240631854 117.22217525433727 1
      vertex 11.839297240631854 117.22217525433727 0
      vertex 11.677851954085263 117.4915304421568 1
    endloop
  endfacet
  facet normal 0.903989293123448 0.42755509343027215 -5.061952478207478e-18
    outer loop
      vertex 11.543585495963882 117.77541301643171 1
      vertex 11.677851954085263 117.4915304421568 1
      vertex 11.677851954085263 117.4915304421568 0
    endloop
  endfacet
  facet normal 0.8032075314806439 0.5956993044924348 -4.5807802870797516e-18
    outer loop
      vertex 11.839297240631854 117.22217525433727 1
      vertex 12.026366549239242 116.96994149067633 1
      vertex 12.026366549239242 116.96994149067633 0
    endloop
  endfacet
  facet normal 0.7409511253549536 0.6715589548470247 -9.996691070448534e-18
    outer loop
      vertex 12.026366549239242 116.96994149067633 1
      vertex 12.237258300203047 116.73725830020305 1
      vertex 12.237258300203047 116.73725830020305 0
    endloop
  endfacet
  facet normal 0.9987954562051726 0.0490676743274143 0
    outer loop
      vertex 11.3 119 1
      vertex 11.31540887464897 118.6863451509454 0
      vertex 11.3 119 0
    endloop
  endfacet
  facet normal 0.9987954562051726 -0.0490676743274143 0
    outer loop
      vertex 11.31540887464897 119.3136548490546 1
      vertex 11.3 119 0
      vertex 11.31540887464897 119.3136548490546 0
    endloop
  endfacet
  facet normal 0.9700312531945448 0.24298017990326096 0
    outer loop
      vertex 11.361487102709663 118.3757109695484 1
      vertex 11.437790925656932 118.07108903278572 0
      vertex 11.361487102709663 118.3757109695484 0
    endloop
  endfacet
  facet normal 0.9891765099647799 0.14673047445536938 0
    outer loop
      vertex 11.31540887464897 118.6863451509454 1
      vertex 11.361487102709663 118.3757109695484 0
      vertex 11.31540887464897 118.6863451509454 0
    endloop
  endfacet
  facet normal 0.9891765099647799 -0.14673047445536938 0
    outer loop
      vertex 11.361487102709663 119.6242890304516 1
      vertex 11.31540887464897 119.3136548490546 0
      vertex 11.361487102709663 119.6242890304516 0
    endloop
  endfacet
  facet normal 0.9700312531945448 -0.24298017990326096 0
    outer loop
      vertex 11.437790925656932 119.92891096721428 1
      vertex 11.361487102709663 119.6242890304516 0
      vertex 11.437790925656932 119.92891096721428 0
    endloop
  endfacet
  facet normal 0.9415440651830221 -0.33688985339221633 0
    outer loop
      vertex 11.543585495963882 120.22458698356829 1
      vertex 11.437790925656932 119.92891096721428 0
      vertex 11.543585495963882 120.22458698356829 0
    endloop
  endfacet
  facet normal 0.903989293123448 -0.42755509343027215 0
    outer loop
      vertex 11.677851954085263 120.5084695578432 1
      vertex 11.543585495963882 120.22458698356829 0
      vertex 11.677851954085263 120.5084695578432 0
    endloop
  endfacet
  facet normal 0.8577286100002662 -0.5141027441932312 0
    outer loop
      vertex 11.839297240631854 120.77782474566273 1
      vertex 11.677851954085263 120.5084695578432 0
      vertex 11.839297240631854 120.77782474566273 0
    endloop
  endfacet
  facet normal 0.9987954562051726 0.0490676743274143 -1.042173579182556e-18
    outer loop
      vertex 11.3 119 1
      vertex 11.31540887464897 118.6863451509454 1
      vertex 11.31540887464897 118.6863451509454 0
    endloop
  endfacet
  facet normal 0.9987954562051726 -0.0490676743274143 0
    outer loop
      vertex 11.3 119 1
      vertex 11.3 119 0
      vertex 11.31540887464897 119.3136548490546 1
    endloop
  endfacet
  facet normal 0.9700312531945448 0.24298017990326096 -4.8812864816709925e-18
    outer loop
      vertex 11.361487102709663 118.3757109695484 1
      vertex 11.437790925656932 118.07108903278572 1
      vertex 11.437790925656932 118.07108903278572 0
    endloop
  endfacet
  facet normal 0.9891765099647799 0.14673047445536938 0
    outer loop
      vertex 11.361487102709663 118.3757109695484 1
      vertex 11.361487102709663 118.3757109695484 0
      vertex 11.31540887464897 118.6863451509454 1
    endloop
  endfacet
  facet normal 0.9891765099647799 -0.14673047445536938 0
    outer loop
      vertex 11.31540887464897 119.3136548490546 1
      vertex 11.31540887464897 119.3136548490546 0
      vertex 11.361487102709663 119.6242890304516 1
    endloop
  endfacet
  facet normal 0.9700312531945448 -0.24298017990326096 0
    outer loop
      vertex 11.361487102709663 119.6242890304516 1
      vertex 11.361487102709663 119.6242890304516 0
      vertex 11.437790925656932 119.92891096721428 1
    endloop
  endfacet
  facet normal 0.9415440651830221 -0.33688985339221633 0
    outer loop
      vertex 11.437790925656932 119.92891096721428 1
      vertex 11.437790925656932 119.92891096721428 0
      vertex 11.543585495963882 120.22458698356829 1
    endloop
  endfacet
  facet normal 0.903989293123448 -0.42755509343027215 0
    outer loop
      vertex 11.543585495963882 120.22458698356829 1
      vertex 11.543585495963882 120.22458698356829 0
      vertex 11.677851954085263 120.5084695578432 1
    endloop
  endfacet
  facet normal 0.8577286100002662 -0.5141027441932312 0
    outer loop
      vertex 11.677851954085263 120.5084695578432 1
      vertex 11.677851954085263 120.5084695578432 0
      vertex 11.839297240631854 120.77782474566273 1
    endloop
  endfacet
  facet normal 0.8032075314806439 -0.5956993044924348 0
    outer loop
      vertex 11.839297240631854 120.77782474566273 1
      vertex 11.839297240631854 120.77782474566273 0
      vertex 12.026366549239242 121.03005850932367 1
    endloop
  endfacet
  facet normal 0.8032075314806439 -0.5956993044924348 0
    outer loop
      vertex 12.026366549239242 121.03005850932367 1
      vertex 11.839297240631854 120.77782474566273 0
      vertex 12.026366549239242 121.03005850932367 0
    endloop
  endfacet
  facet normal 0.7409511253549536 -0.6715589548470247 0
    outer loop
      vertex 12.237258300203047 121.26274169979695 1
      vertex 12.026366549239242 121.03005850932367 0
      vertex 12.237258300203047 121.26274169979695 0
    endloop
  endfacet
  facet normal 0.7409511253549536 -0.6715589548470247 0
    outer loop
      vertex 12.026366549239242 121.03005850932367 1
      vertex 12.026366549239242 121.03005850932367 0
      vertex 12.237258300203047 121.26274169979695 1
    endloop
  endfacet
  facet normal 0 0 -1
    outer loop
      vertex 11.3 119 1
      vertex 11.31540887464897 119.3136548490546 1
      vertex 11.31540887464897 118.6863451509454 1
    endloop
  endfacet
  facet normal 0 0 -1
    outer loop
      vertex 11.361487102709663 118.3757109695484 1
      vertex 11.31540887464897 118.6863451509454 1
      vertex 11.31540887464897 119.3136548490546 1
    endloop
  endfacet
  facet normal 0 0 -1
    outer loop
      vertex 11.361487102709663 118.3757109695484 1
      vertex 11.361487102709663 119.6242890304516 1
      vertex 11.437790925656932 118.07108903278572 1
    endloop
  endfacet
  facet normal 0 0 -1
    outer loop
      vertex 11.543585495963882 117.77541301643171 1
      vertex 11.437790925656932 118.07108903278572 1
      vertex 11.437790925656932 119.92891096721428 1
    endloop
  endfacet
  facet normal 0 0 -1
    outer loop
      vertex 11.543585495963882 117.77541301643171 1
      vertex 11.543585495963882 120.22458698356829 1
      vertex 11.677851954085263 117.4915304421568 1
    endloop
  endfacet
  facet normal 0 0 -1
    outer loop
      vertex 11.361487102709663 118.3757109695484 1
      vertex 11.31540887464897 119.3136548490546 1
      vertex 11.361487102709663 119.6242890304516 1
    endloop
  endfacet
  facet normal 0 0 -1
    outer loop
      vertex 11.361487102709663 119.6242890304516 1
      vertex 11.437790925656932 119.92891096721428 1
      vertex 11.437790925656932 118.07108903278572 1
    endloop
  endfacet
  facet normal 0 0 -1
    outer loop
      vertex 11.543585495963882 117.77541301643171 1
      vertex 11.437790925656932 119.92891096721428 1
      vertex 11.543585495963882 120.22458698356829 1
    endloop
  endfacet
  facet normal 0 0 -1
    outer loop
      vertex 11.839297240631854 117.22217525433727 1
      vertex 11.677851954085263 117.4915304421568 1
      vertex 11.677851954085263 120.5084695578432 1
    endloop
  endfacet
  facet normal 0 0 -1
    outer loop
      vertex 11.839297240631854 117.22217525433727 1
      vertex 11.839297240631854 120.77782474566273 1
      vertex 12.026366549239242 116.96994149067633 1
    endloop
  endfacet
  facet normal 0 0 -1
    outer loop
      vertex 11.677851954085263 117.4915304421568 1
      vertex 11.543585495963882 120.22458698356829 1
      vertex 11.677851954085263 120.5084695578432 1
    endloop
  endfacet
  facet normal 0 0 -1
    outer loop
      vertex 11.839297240631854 117.22217525433727 1
      vertex 11.677851954085263 120.5084695578432 1
      vertex 11.839297240631854 120.77782474566273 1
    endloop
  endfacet
  facet normal 0 0 -1
    outer loop
      vertex 12.026366549239242 116.96994149067633 1
      vertex 12.026366549239242 121.03005850932367 1
      vertex 12.237258300203047 116.73725830020305 1
    endloop
  endfacet
  facet normal 0 0 -1
    outer loop
      vertex 12.026366549239242 116.96994149067633 1
      vertex 11.839297240631854 120.77782474566273 1
      vertex 12.026366549239242 121.03005850932367 1
    endloop
  endfacet
  facet normal 0 0 -1
    outer loop
      vertex 12.237258300203047 116.73725830020305 1
      vertex 12.026366549239242 121.03005850932367 1
      vertex 12.237258300203047 121.26274169979695 1
    endloop
  endfacet
  facet normal 0.6715589548470254 0.7409511253549527 0
    outer loop
      vertex 12.237258300203047 116.73725830020305 1
      vertex 12.469941490676334 116.52636654923924 0
      vertex 12.237258300203047 116.73725830020305 0
    endloop
  endfacet
  facet normal 0.595699304492442 0.8032075314806384 0
    outer loop
      vertex 12.469941490676334 116.52636654923924 1
      vertex 12.722175254337273 116.33929724063185 0
      vertex 12.469941490676334 116.52636654923924 0
    endloop
  endfacet
  facet normal 0.5141027441931963 0.8577286100002872 0
    outer loop
      vertex 12.722175254337273 116.33929724063185 1
      vertex 12.991530442156808 116.17785195408527 0
      vertex 12.722175254337273 116.33929724063185 0
    endloop
  endfacet
  facet normal 0.4275550934302994 0.9039892931234351 0
    outer loop
      vertex 12.991530442156808 116.17785195408527 1
      vertex 13.275413016431713 116.04358549596388 0
      vertex 12.991530442156808 116.17785195408527 0
    endloop
  endfacet
  facet normal 0.3368898533922314 0.9415440651830168 0
    outer loop
      vertex 13.275413016431713 116.04358549596388 1
      vertex 13.571089032785721 115.93779092565693 0
      vertex 13.275413016431713 116.04358549596388 0
    endloop
  endfacet
  facet normal 0.6715589548470254 0.7409511253549527 -2.6067755126738997e-18
    outer loop
      vertex 12.237258300203047 116.73725830020305 1
      vertex 12.469941490676334 116.52636654923924 1
      vertex 12.469941490676334 116.52636654923924 0
    endloop
  endfacet
  facet normal 0.595699304492442 0.8032075314806384 -7.755696433458839e-18
    outer loop
      vertex 12.469941490676334 116.52636654923924 1
      vertex 12.722175254337273 116.33929724063185 1
      vertex 12.722175254337273 116.33929724063185 0
    endloop
  endfacet
  facet normal 0.5141027441931963 0.8577286100002872 3.837370032668071e-18
    outer loop
      vertex 12.722175254337273 116.33929724063185 1
      vertex 12.991530442156808 116.17785195408527 1
      vertex 12.991530442156808 116.17785195408527 0
    endloop
  endfacet
  facet normal 0.3368898533922314 0.9415440651830168 -1.9162614014802596e-18
    outer loop
      vertex 13.275413016431713 116.04358549596388 1
      vertex 13.571089032785721 115.93779092565693 1
      vertex 13.571089032785721 115.93779092565693 0
    endloop
  endfacet
  facet normal 0.4275550934302994 0.9039892931234351 0
    outer loop
      vertex 13.275413016431713 116.04358549596388 1
      vertex 13.275413016431713 116.04358549596388 0
      vertex 12.991530442156808 116.17785195408527 1
    endloop
  endfacet
  facet normal 0.2429801799032583 0.9700312531945454 0
    outer loop
      vertex 13.571089032785721 115.93779092565693 1
      vertex 13.87571096954839 115.86148710270966 0
      vertex 13.571089032785721 115.93779092565693 0
    endloop
  endfacet
  facet normal 0.14673047445536444 0.9891765099647806 0
    outer loop
      vertex 13.87571096954839 115.86148710270966 1
      vertex 14.186345150945407 115.81540887464897 0
      vertex 13.87571096954839 115.86148710270966 0
    endloop
  endfacet
  facet normal 0.04906767432741541 0.9987954562051725 0
    outer loop
      vertex 14.186345150945407 115.81540887464897 1
      vertex 14.5 115.8 0
      vertex 14.186345150945407 115.81540887464897 0
    endloop
  endfacet
  facet normal -0.04906767432741541 0.9987954562051725 0
    outer loop
      vertex 14.5 115.8 1
      vertex 14.813654849054593 115.81540887464897 0
      vertex 14.5 115.8 0
    endloop
  endfacet
  facet normal 0.2429801799032583 0.9700312531945454 -3.759399793625668e-18
    outer loop
      vertex 13.571089032785721 115.93779092565693 1
      vertex 13.87571096954839 115.86148710270966 1
      vertex 13.87571096954839 115.86148710270966 0
    endloop
  endfacet
  facet normal 0.14673047445536444 0.9891765099647806 2.5061906152673715e-18
    outer loop
      vertex 13.87571096954839 115.86148710270966 1
      vertex 14.186345150945407 115.81540887464897 1
      vertex 14.186345150945407 115.81540887464897 0
    endloop
  endfacet
  facet normal 0.04906767432741541 0.9987954562051725 -4.0828981297529697e-19
    outer loop
      vertex 14.186345150945407 115.81540887464897 1
      vertex 14.5 115.8 1
      vertex 14.5 115.8 0
    endloop
  endfacet
  facet normal -0.04906767432741541 0.9987954562051725 4.0828981297529697e-19
    outer loop
      vertex 14.5 115.8 1
      vertex 14.813654849054593 115.81540887464897 1
      vertex 14.813654849054593 115.81540887464897 0
    endloop
  endfacet
  facet normal 0 0 -1
    outer loop
      vertex 12.469941490676334 116.52636654923924 1
      vertex 12.469941490676334 121.47363345076076 1
      vertex 12.722175254337273 116.33929724063185 1
    endloop
  endfacet
  facet normal 0 0 -1
    outer loop
      vertex 12.722175254337273 116.33929724063185 1
      vertex 12.873201429255245 118.50651604866741 1
      vertex 12.991530442156808 116.17785195408527 1
    endloop
  endfacet
  facet normal 0 0 -1
    outer loop
      vertex 12.722175254337273 116.33929724063185 1
      vertex 12.808185964657266 118.83337086143975 1
      vertex 12.832665023314508 118.66834645257258 1
    endloop
  endfacet
  facet normal 0 0 -1
    outer loop
      vertex 12.722175254337273 116.33929724063185 1
      vertex 12.8 119 1
      vertex 12.808185964657266 118.83337086143975 1
    endloop
  endfacet
  facet normal 0 0 -1
    outer loop
      vertex 12.722175254337273 116.33929724063185 1
      vertex 12.832665023314508 118.66834645257258 1
      vertex 12.873201429255245 118.50651604866741 1
    endloop
  endfacet
  facet normal 0 0 -1
    outer loop
      vertex 13.275413016431713 116.04358549596388 1
      vertex 13.421531416921802 117.68588222928335 1
      vertex 13.571089032785721 115.93779092565693 1
    endloop
  endfacet
  facet normal 0 0 -1
    outer loop
      vertex 13.275413016431713 116.04358549596388 1
      vertex 12.991530442156808 116.17785195408527 1
      vertex 13.086501659085673 118.05553060386667 1
    endloop
  endfacet
  facet normal 0 0 -1
    outer loop
      vertex 12.873201429255245 118.50651604866741 1
      vertex 12.929404794730813 118.34943816497935 1
      vertex 12.991530442156808 116.17785195408527 1
    endloop
  endfacet
  facet normal 0 0 -1
    outer loop
      vertex 12.929404794730813 118.34943816497935 1
      vertex 13.000733850607796 118.1986255473958 1
      vertex 12.991530442156808 116.17785195408527 1
    endloop
  endfacet
  facet normal 0 0 -1
    outer loop
      vertex 12.991530442156808 116.17785195408527 1
      vertex 13.000733850607796 118.1986255473958 1
      vertex 13.086501659085673 118.05553060386667 1
    endloop
  endfacet
  facet normal 0 0 -1
    outer loop
      vertex 13.275413016431713 116.04358549596388 1
      vertex 13.086501659085673 118.05553060386667 1
      vertex 13.185882229283347 117.92153141692181 1
    endloop
  endfacet
  facet normal 0 0 -1
    outer loop
      vertex 13.275413016431713 116.04358549596388 1
      vertex 13.185882229283347 117.92153141692181 1
      vertex 13.29791847198287 117.79791847198287 1
    endloop
  endfacet
  facet normal 0 0 -1
    outer loop
      vertex 13.275413016431713 116.04358549596388 1
      vertex 13.29791847198287 117.79791847198287 1
      vertex 13.421531416921802 117.68588222928335 1
    endloop
  endfacet
  facet normal 0 0 -1
    outer loop
      vertex 13.571089032785721 115.93779092565693 1
      vertex 13.698625547395803 117.5007338506078 1
      vertex 13.87571096954839 115.86148710270966 1
    endloop
  endfacet
  facet normal 0 0 -1
    outer loop
      vertex 13.87571096954839 115.86148710270966 1
      vertex 14.006516048667415 117.37320142925525 1
      vertex 14.186345150945407 115.81540887464897 1
    endloop
  endfacet
  facet normal 0 0 -1
    outer loop
      vertex 13.571089032785721 115.93779092565693 1
      vertex 13.421531416921802 117.68588222928335 1
      vertex 13.555530603866677 117.58650165908567 1
    endloop
  endfacet
  facet normal 0 0 -1
    outer loop
      vertex 13.571089032785721 115.93779092565693 1
      vertex 13.555530603866677 117.58650165908567 1
      vertex 13.698625547395803 117.5007338506078 1
    endloop
  endfacet
  facet normal 0 0 -1
    outer loop
      vertex 13.87571096954839 115.86148710270966 1
      vertex 13.698625547395803 117.5007338506078 1
      vertex 13.849438164979347 117.42940479473081 1
    endloop
  endfacet
  facet normal 0 0 -1
    outer loop
      vertex 13.87571096954839 115.86148710270966 1
      vertex 13.849438164979347 117.42940479473081 1
      vertex 14.006516048667415 117.37320142925525 1
    endloop
  endfacet
  facet normal 0 0 -1
    outer loop
      vertex 14.186345150945407 115.81540887464897 1
      vertex 14.333370861439747 117.30818596465727 1
      vertex 14.5 115.8 1
    endloop
  endfacet
  facet normal 0 0 -1
    outer loop
      vertex 14.5 115.8 1
      vertex 14.5 117.3 1
      vertex 14.813654849054593 115.81540887464897 1
    endloop
  endfacet
  facet normal 0 0 -1
    outer loop
      vertex 14.006516048667415 117.37320142925525 1
      vertex 14.168346452572582 117.3326650233145 1
      vertex 14.186345150945407 115.81540887464897 1
    endloop
  endfacet
  facet normal 0 0 -1
    outer loop
      vertex 14.186345150945407 115.81540887464897 1
      vertex 14.168346452572582 117.3326650233145 1
      vertex 14.333370861439747 117.30818596465727 1
    endloop
  endfacet
  facet normal 0 0 -1
    outer loop
      vertex 14.5 115.8 1
      vertex 14.333370861439747 117.30818596465727 1
      vertex 14.5 117.3 1
    endloop
  endfacet
  facet normal 0 0 -1
    outer loop
      vertex 14.5 117.3 1
      vertex 14.666629138560253 117.30818596465727 1
      vertex 14.813654849054593 115.81540887464897 1
    endloop
  endfacet
  facet normal 0.6715589548470254 -0.7409511253549527 0
    outer loop
      vertex 12.469941490676334 121.47363345076076 1
      vertex 12.237258300203047 121.26274169979695 0
      vertex 12.469941490676334 121.47363345076076 0
    endloop
  endfacet
  facet normal 0.595699304492442 -0.8032075314806384 0
    outer loop
      vertex 12.722175254337273 121.66070275936815 1
      vertex 12.469941490676334 121.47363345076076 0
      vertex 12.722175254337273 121.66070275936815 0
    endloop
  endfacet
  facet normal 0.5141027441931963 -0.8577286100002872 0
    outer loop
      vertex 12.991530442156808 121.82214804591473 1
      vertex 12.722175254337273 121.66070275936815 0
      vertex 12.991530442156808 121.82214804591473 0
    endloop
  endfacet
  facet normal 0.4275550934302994 -0.9039892931234351 0
    outer loop
      vertex 13.275413016431713 121.95641450403612 1
      vertex 12.991530442156808 121.82214804591473 0
      vertex 13.275413016431713 121.95641450403612 0
    endloop
  endfacet
  facet normal 0.3368898533922314 -0.9415440651830168 0
    outer loop
      vertex 13.571089032785721 122.06220907434307 1
      vertex 13.275413016431713 121.95641450403612 0
      vertex 13.571089032785721 122.06220907434307 0
    endloop
  endfacet
  facet normal 0.6715589548470254 -0.7409511253549527 0
    outer loop
      vertex 12.237258300203047 121.26274169979695 1
      vertex 12.237258300203047 121.26274169979695 0
      vertex 12.469941490676334 121.47363345076076 1
    endloop
  endfacet
  facet normal 0.595699304492442 -0.8032075314806384 0
    outer loop
      vertex 12.469941490676334 121.47363345076076 1
      vertex 12.469941490676334 121.47363345076076 0
      vertex 12.722175254337273 121.66070275936815 1
    endloop
  endfacet
  facet normal 0.5141027441931963 -0.8577286100002872 0
    outer loop
      vertex 12.722175254337273 121.66070275936815 1
      vertex 12.722175254337273 121.66070275936815 0
      vertex 12.991530442156808 121.82214804591473 1
    endloop
  endfacet
  facet normal 0.4275550934302994 -0.9039892931234351 0
    outer loop
      vertex 12.991530442156808 121.82214804591473 1
      vertex 12.991530442156808 121.82214804591473 0
      vertex 13.275413016431713 121.95641450403612 1
    endloop
  endfacet
  facet normal 0.3368898533922314 -0.9415440651830168 0
    outer loop
      vertex 13.275413016431713 121.95641450403612 1
      vertex 13.275413016431713 121.95641450403612 0
      vertex 13.571089032785721 122.06220907434307 1
    endloop
  endfacet
  facet normal 0.2429801799032583 -0.9700312531945454 0
    outer loop
      vertex 13.87571096954839 122.13851289729034 1
      vertex 13.571089032785721 122.06220907434307 0
      vertex 13.87571096954839 122.13851289729034 0
    endloop
  endfacet
  facet normal 0.14673047445536444 -0.9891765099647806 0
    outer loop
      vertex 14.186345150945407 122.18459112535103 1
      vertex 13.87571096954839 122.13851289729034 0
      vertex 14.186345150945407 122.18459112535103 0
    endloop
  endfacet
  facet normal 0.04906767432741541 -0.9987954562051725 0
    outer loop
      vertex 14.5 122.2 1
      vertex 14.186345150945407 122.18459112535103 0
      vertex 14.5 122.2 0
    endloop
  endfacet
  facet normal -0.04906767432741541 -0.9987954562051725 0
    outer loop
      vertex 14.813654849054593 122.18459112535103 1
      vertex 14.5 122.2 0
      vertex 14.813654849054593 122.18459112535103 0
    endloop
  endfacet
  facet normal 0.2429801799032583 -0.9700312531945454 0
    outer loop
      vertex 13.571089032785721 122.06220907434307 1
      vertex 13.571089032785721 122.06220907434307 0
      vertex 13.87571096954839 122.13851289729034 1
    endloop
  endfacet
  facet normal 0.14673047445536444 -0.9891765099647806 0
    outer loop
      vertex 13.87571096954839 122.13851289729034 1
      vertex 13.87571096954839 122.13851289729034 0
      vertex 14.186345150945407 122.18459112535103 1
    endloop
  endfacet
  facet normal 0.04906767432741541 -0.9987954562051725 0
    outer loop
      vertex 14.186345150945407 122.18459112535103 1
      vertex 14.186345150945407 122.18459112535103 0
      vertex 14.5 122.2 1
    endloop
  endfacet
  facet normal -0.04906767432741541 -0.9987954562051725 0
    outer loop
      vertex 14.5 122.2 1
      vertex 14.5 122.2 0
      vertex 14.813654849054593 122.18459112535103 1
    endloop
  endfacet
  facet normal 0 0 -1
    outer loop
      vertex 12.237258300203047 116.73725830020305 1
      vertex 12.237258300203047 121.26274169979695 1
      vertex 12.469941490676334 116.52636654923924 1
    endloop
  endfacet
  facet normal 0 0 -1
    outer loop
      vertex 12.722175254337273 116.33929724063185 1
      vertex 12.722175254337273 121.66070275936815 1
      vertex 12.8 119 1
    endloop
  endfacet
  facet normal 0 0 -1
    outer loop
      vertex 12.469941490676334 116.52636654923924 1
      vertex 12.237258300203047 121.26274169979695 1
      vertex 12.469941490676334 121.47363345076076 1
    endloop
  endfacet
  facet normal 0 0 -1
    outer loop
      vertex 12.722175254337273 116.33929724063185 1
      vertex 12.469941490676334 121.47363345076076 1
      vertex 12.722175254337273 121.66070275936815 1
    endloop
  endfacet
  facet normal 0 0 -1
    outer loop
      vertex 12.8 119 1
      vertex 12.722175254337273 121.66070275936815 1
      vertex 12.808185964657266 119.16662913856025 1
    endloop
  endfacet
  facet normal 0 0 -1
    outer loop
      vertex 12.808185964657266 119.16662913856025 1
      vertex 12.722175254337273 121.66070275936815 1
      vertex 12.832665023314508 119.33165354742742 1
    endloop
  endfacet
  facet normal 0 0 -1
    outer loop
      vertex 12.832665023314508 119.33165354742742 1
      vertex 12.722175254337273 121.66070275936815 1
      vertex 12.873201429255245 119.49348395133259 1
    endloop
  endfacet
  facet normal 0 0 -1
    outer loop
      vertex 12.873201429255245 119.49348395133259 1
      vertex 12.722175254337273 121.66070275936815 1
      vertex 12.929404794730813 119.65056183502065 1
    endloop
  endfacet
  facet normal 0 0 -1
    outer loop
      vertex 12.929404794730813 119.65056183502065 1
      vertex 12.722175254337273 121.66070275936815 1
      vertex 13.000733850607796 119.8013744526042 1
    endloop
  endfacet
  facet normal 0 0 -1
    outer loop
      vertex 13.000733850607796 119.8013744526042 1
      vertex 12.991530442156808 121.82214804591473 1
      vertex 13.086501659085673 119.94446939613333 1
    endloop
  endfacet
  facet normal 0 0 -1
    outer loop
      vertex 13.086501659085673 119.94446939613333 1
      vertex 12.991530442156808 121.82214804591473 1
      vertex 13.185882229283347 120.07846858307819 1
    endloop
  endfacet
  facet normal 0 0 -1
    outer loop
      vertex 13.185882229283347 120.07846858307819 1
      vertex 12.991530442156808 121.82214804591473 1
      vertex 13.29791847198287 120.20208152801713 1
    endloop
  endfacet
  facet normal 0 0 -1
    outer loop
      vertex 13.29791847198287 120.20208152801713 1
      vertex 13.275413016431713 121.95641450403612 1
      vertex 13.421531416921802 120.31411777071665 1
    endloop
  endfacet
  facet normal 0 0 -1
    outer loop
      vertex 13.275413016431713 121.95641450403612 1
      vertex 13.555530603866677 120.41349834091433 1
      vertex 13.421531416921802 120.31411777071665 1
    endloop
  endfacet
  facet normal 0 0 -1
    outer loop
      vertex 12.722175254337273 121.66070275936815 1
      vertex 12.991530442156808 121.82214804591473 1
      vertex 13.000733850607796 119.8013744526042 1
    endloop
  endfacet
  facet normal 0 0 -1
    outer loop
      vertex 13.29791847198287 120.20208152801713 1
      vertex 12.991530442156808 121.82214804591473 1
      vertex 13.275413016431713 121.95641450403612 1
    endloop
  endfacet
  facet normal 0 0 -1
    outer loop
      vertex 13.275413016431713 121.95641450403612 1
      vertex 13.698625547395803 120.4992661493922 1
      vertex 13.555530603866677 120.41349834091433 1
    endloop
  endfacet
  facet normal 0 0 -1
    outer loop
      vertex 13.275413016431713 121.95641450403612 1
      vertex 13.571089032785721 122.06220907434307 1
      vertex 13.698625547395803 120.4992661493922 1
    endloop
  endfacet
  facet normal 0 0 -1
    outer loop
      vertex 13.698625547395803 120.4992661493922 1
      vertex 13.571089032785721 122.06220907434307 1
      vertex 13.849438164979347 120.57059520526919 1
    endloop
  endfacet
  facet normal 0 0 -1
    outer loop
      vertex 13.571089032785721 122.06220907434307 1
      vertex 14.006516048667415 120.62679857074475 1
      vertex 13.849438164979347 120.57059520526919 1
    endloop
  endfacet
  facet normal 0 0 -1
    outer loop
      vertex 13.571089032785721 122.06220907434307 1
      vertex 13.87571096954839 122.13851289729034 1
      vertex 14.006516048667415 120.62679857074475 1
    endloop
  endfacet
  facet normal 0 0 -1
    outer loop
      vertex 14.006516048667415 120.62679857074475 1
      vertex 13.87571096954839 122.13851289729034 1
      vertex 14.168346452572582 120.6673349766855 1
    endloop
  endfacet
  facet normal 0 0 -1
    outer loop
      vertex 13.87571096954839 122.13851289729034 1
      vertex 14.333370861439747 120.69181403534273 1
      vertex 14.168346452572582 120.6673349766855 1
    endloop
  endfacet
  facet normal 0 0 -1
    outer loop
      vertex 14.333370861439747 120.69181403534273 1
      vertex 14.186345150945407 122.18459112535103 1
      vertex 14.5 120.7 1
    endloop
  endfacet
  facet normal 0 0 -1
    outer loop
      vertex 13.87571096954839 122.13851289729034 1
      vertex 14.186345150945407 122.18459112535103 1
      vertex 14.333370861439747 120.69181403534273 1
    endloop
  endfacet
  facet normal 0 0 -1
    outer loop
      vertex 14.5 120.7 1
      vertex 14.186345150945407 122.18459112535103 1
      vertex 14.5 122.2 1
    endloop
  endfacet
  facet normal 0 0 -1
    outer loop
      vertex 14.5 120.7 1
      vertex 14.5 122.2 1
      vertex 14.666629138560253 120.69181403534273 1
    endloop
  endfacet
  facet normal 0 0 -1
    outer loop
      vertex 14.5 122.2 1
      vertex 14.813654849054593 122.18459112535103 1
      vertex 14.666629138560253 120.69181403534273 1
    endloop
  endfacet
  facet normal -0.14673047445536444 0.9891765099647806 0
    outer loop
      vertex 14.813654849054593 115.81540887464897 1
      vertex 15.12428903045161 115.86148710270966 0
      vertex 14.813654849054593 115.81540887464897 0
    endloop
  endfacet
  facet normal -0.2429801799032583 0.9700312531945454 0
    outer loop
      vertex 15.12428903045161 115.86148710270966 1
      vertex 15.428910967214279 115.93779092565693 0
      vertex 15.12428903045161 115.86148710270966 0
    endloop
  endfacet
  facet normal -0.3368898533922314 0.9415440651830168 0
    outer loop
      vertex 15.428910967214279 115.93779092565693 1
      vertex 15.724586983568287 116.04358549596388 0
      vertex 15.428910967214279 115.93779092565693 0
    endloop
  endfacet
  facet normal -0.4275550934302994 0.9039892931234351 0
    outer loop
      vertex 15.724586983568287 116.04358549596388 1
      vertex 16.008469557843192 116.17785195408527 0
      vertex 15.724586983568287 116.04358549596388 0
    endloop
  endfacet
  facet normal -0.14673047445536444 0.9891765099647806 -2.5061906152673715e-18
    outer loop
      vertex 14.813654849054593 115.81540887464897 1
      vertex 15.12428903045161 115.86148710270966 1
      vertex 15.12428903045161 115.86148710270966 0
    endloop
  endfacet
  facet normal -0.2429801799032583 0.9700312531945454 3.759399793625668e-18
    outer loop
      vertex 15.12428903045161 115.86148710270966 1
      vertex 15.428910967214279 115.93779092565693 1
      vertex 15.428910967214279 115.93779092565693 0
    endloop
  endfacet
  facet normal -0.3368898533922314 0.9415440651830168 1.9162614014802596e-18
    outer loop
      vertex 15.428910967214279 115.93779092565693 1
      vertex 15.724586983568287 116.04358549596388 1
      vertex 15.724586983568287 116.04358549596388 0
    endloop
  endfacet
  facet normal -0.4275550934302994 0.9039892931234351 9.633691844846795e-18
    outer loop
      vertex 15.724586983568287 116.04358549596388 1
      vertex 16.008469557843192 116.17785195408527 1
      vertex 16.008469557843192 116.17785195408527 0
    endloop
  endfacet
  facet normal -0.5141027441931963 0.8577286100002872 0
    outer loop
      vertex 16.008469557843192 116.17785195408527 1
      vertex 16.277824745662727 116.33929724063185 0
      vertex 16.008469557843192 116.17785195408527 0
    endloop
  endfacet
  facet normal -0.595699304492442 0.8032075314806384 0
    outer loop
      vertex 16.277824745662727 116.33929724063185 1
      vertex 16.530058509323666 116.52636654923924 0
      vertex 16.277824745662727 116.33929724063185 0
    endloop
  endfacet
  facet normal -0.6715589548470283 0.7409511253549502 0
    outer loop
      vertex 16.530058509323666 116.52636654923924 1
      vertex 16.76274169979695 116.73725830020305 0
      vertex 16.530058509323666 116.52636654923924 0
    endloop
  endfacet
  facet normal -0.7409511253549507 0.6715589548470277 0
    outer loop
      vertex 16.76274169979695 116.73725830020305 1
      vertex 16.973633450760758 116.96994149067633 0
      vertex 16.76274169979695 116.73725830020305 0
    endloop
  endfacet
  facet normal -0.8032075314806439 0.5956993044924348 0
    outer loop
      vertex 16.973633450760758 116.96994149067633 1
      vertex 17.160702759368146 117.22217525433727 0
      vertex 16.973633450760758 116.96994149067633 0
    endloop
  endfacet
  facet normal -0.5141027441931963 0.8577286100002872 -3.837370032668071e-18
    outer loop
      vertex 16.008469557843192 116.17785195408527 1
      vertex 16.277824745662727 116.33929724063185 1
      vertex 16.277824745662727 116.33929724063185 0
    endloop
  endfacet
  facet normal -0.595699304492442 0.8032075314806384 7.755696433458839e-18
    outer loop
      vertex 16.277824745662727 116.33929724063185 1
      vertex 16.530058509323666 116.52636654923924 1
      vertex 16.530058509323666 116.52636654923924 0
    endloop
  endfacet
  facet normal -0.6715589548470283 0.7409511253549502 2.8655590908050608e-18
    outer loop
      vertex 16.530058509323666 116.52636654923924 1
      vertex 16.76274169979695 116.73725830020305 1
      vertex 16.76274169979695 116.73725830020305 0
    endloop
  endfacet
  facet normal -0.7409511253549507 0.6715589548470277 4.2681683252422926e-19
    outer loop
      vertex 16.76274169979695 116.73725830020305 1
      vertex 16.973633450760758 116.96994149067633 1
      vertex 16.973633450760758 116.96994149067633 0
    endloop
  endfacet
  facet normal -0.8032075314806439 0.5956993044924348 4.5807802870797516e-18
    outer loop
      vertex 16.973633450760758 116.96994149067633 1
      vertex 17.160702759368146 117.22217525433727 1
      vertex 17.160702759368146 117.22217525433727 0
    endloop
  endfacet
  facet normal 0 0 -1
    outer loop
      vertex 14.813654849054593 115.81540887464897 1
      vertex 14.666629138560253 117.30818596465727 1
      vertex 15.12428903045161 115.86148710270966 1
    endloop
  endfacet
  facet normal 0 0 -1
    outer loop
      vertex 15.12428903045161 115.86148710270966 1
      vertex 14.993483951332585 117.37320142925525 1
      vertex 15.428910967214279 115.93779092565693 1
    endloop
  endfacet
  facet normal 0 0 -1
    outer loop
      vertex 14.666629138560253 117.30818596465727 1
      vertex 14.831653547427418 117.3326650233145 1
      vertex 15.12428903045161 115.86148710270966 1
    endloop
  endfacet
  facet normal 0 0 -1
    outer loop
      vertex 14.831653547427418 117.3326650233145 1
      vertex 14.993483951332585 117.37320142925525 1
      vertex 15.12428903045161 115.86148710270966 1
    endloop
  endfacet
  facet normal 0 0 -1
    outer loop
      vertex 14.993483951332585 117.37320142925525 1
      vertex 15.150561835020653 117.42940479473081 1
      vertex 15.428910967214279 115.93779092565693 1
    endloop
  endfacet
  facet normal 0 0 -1
    outer loop
      vertex 15.428910967214279 115.93779092565693 1
      vertex 15.150561835020653 117.42940479473081 1
      vertex 15.301374452604197 117.5007338506078 1
    endloop
  endfacet
  facet normal 0 0 -1
    outer loop
      vertex 15.428910967214279 115.93779092565693 1
      vertex 15.301374452604197 117.5007338506078 1
      vertex 15.724586983568287 116.04358549596388 1
    endloop
  endfacet
  facet normal 0 0 -1
    outer loop
      vertex 15.724586983568287 116.04358549596388 1
      vertex 15.70208152801713 117.79791847198287 1
      vertex 16.008469557843192 116.17785195408527 1
    endloop
  endfacet
  facet normal 0 0 -1
    outer loop
      vertex 15.724586983568287 116.04358549596388 1
      vertex 15.301374452604197 117.5007338506078 1
      vertex 15.444469396133323 117.58650165908567 1
    endloop
  endfacet
  facet normal 0 0 -1
    outer loop
      vertex 15.724586983568287 116.04358549596388 1
      vertex 15.444469396133323 117.58650165908567 1
      vertex 15.578468583078198 117.68588222928335 1
    endloop
  endfacet
  facet normal 0 0 -1
    outer loop
      vertex 15.724586983568287 116.04358549596388 1
      vertex 15.578468583078198 117.68588222928335 1
      vertex 15.70208152801713 117.79791847198287 1
    endloop
  endfacet
  facet normal 0 0 -1
    outer loop
      vertex 16.008469557843192 116.17785195408527 1
      vertex 15.70208152801713 117.79791847198287 1
      vertex 15.814117770716653 117.92153141692181 1
    endloop
  endfacet
  facet normal 0 0 -1
    outer loop
      vertex 16.008469557843192 116.17785195408527 1
      vertex 15.814117770716653 117.92153141692181 1
      vertex 15.913498340914327 118.05553060386667 1
    endloop
  endfacet
  facet normal 0 0 -1
    outer loop
      vertex 16.008469557843192 116.17785195408527 1
      vertex 15.999266149392204 118.1986255473958 1
      vertex 16.277824745662727 116.33929724063185 1
    endloop
  endfacet
  facet normal 0 0 -1
    outer loop
      vertex 16.008469557843192 116.17785195408527 1
      vertex 15.913498340914327 118.05553060386667 1
      vertex 15.999266149392204 118.1986255473958 1
    endloop
  endfacet
  facet normal 0 0 -1
    outer loop
      vertex 15.999266149392204 118.1986255473958 1
      vertex 16.070595205269186 118.34943816497935 1
      vertex 16.277824745662727 116.33929724063185 1
    endloop
  endfacet
  facet normal 0 0 -1
    outer loop
      vertex 16.070595205269186 118.34943816497935 1
      vertex 16.126798570744754 118.50651604866741 1
      vertex 16.277824745662727 116.33929724063185 1
    endloop
  endfacet
  facet normal 0 0 -1
    outer loop
      vertex 16.277824745662727 116.33929724063185 1
      vertex 16.126798570744754 118.50651604866741 1
      vertex 16.167334976685492 118.66834645257258 1
    endloop
  endfacet
  facet normal 0 0 -1
    outer loop
      vertex 16.277824745662727 116.33929724063185 1
      vertex 16.167334976685492 118.66834645257258 1
      vertex 16.191814035342734 118.83337086143975 1
    endloop
  endfacet
  facet normal 0 0 -1
    outer loop
      vertex 16.277824745662727 116.33929724063185 1
      vertex 16.191814035342734 118.83337086143975 1
      vertex 16.2 119 1
    endloop
  endfacet
  facet normal -0.14673047445536444 -0.9891765099647806 0
    outer loop
      vertex 15.12428903045161 122.13851289729034 1
      vertex 14.813654849054593 122.18459112535103 0
      vertex 15.12428903045161 122.13851289729034 0
    endloop
  endfacet
  facet normal -0.2429801799032583 -0.9700312531945454 0
    outer loop
      vertex 15.428910967214279 122.06220907434307 1
      vertex 15.12428903045161 122.13851289729034 0
      vertex 15.428910967214279 122.06220907434307 0
    endloop
  endfacet
  facet normal -0.3368898533922314 -0.9415440651830168 0
    outer loop
      vertex 15.724586983568287 121.95641450403612 1
      vertex 15.428910967214279 122.06220907434307 0
      vertex 15.724586983568287 121.95641450403612 0
    endloop
  endfacet
  facet normal -0.4275550934302994 -0.9039892931234351 0
    outer loop
      vertex 16.008469557843192 121.82214804591473 1
      vertex 15.724586983568287 121.95641450403612 0
      vertex 16.008469557843192 121.82214804591473 0
    endloop
  endfacet
  facet normal -0.14673047445536444 -0.9891765099647806 0
    outer loop
      vertex 14.813654849054593 122.18459112535103 1
      vertex 14.813654849054593 122.18459112535103 0
      vertex 15.12428903045161 122.13851289729034 1
    endloop
  endfacet
  facet normal -0.2429801799032583 -0.9700312531945454 0
    outer loop
      vertex 15.12428903045161 122.13851289729034 1
      vertex 15.12428903045161 122.13851289729034 0
      vertex 15.428910967214279 122.06220907434307 1
    endloop
  endfacet
  facet normal -0.3368898533922314 -0.9415440651830168 0
    outer loop
      vertex 15.428910967214279 122.06220907434307 1
      vertex 15.428910967214279 122.06220907434307 0
      vertex 15.724586983568287 121.95641450403612 1
    endloop
  endfacet
  facet normal -0.4275550934302994 -0.9039892931234351 0
    outer loop
      vertex 15.724586983568287 121.95641450403612 1
      vertex 15.724586983568287 121.95641450403612 0
      vertex 16.008469557843192 121.82214804591473 1
    endloop
  endfacet
  facet normal -0.8032075314806439 -0.5956993044924348 0
    outer loop
      vertex 17.160702759368146 120.77782474566273 1
      vertex 16.973633450760758 121.03005850932367 0
      vertex 17.160702759368146 120.77782474566273 0
    endloop
  endfacet
  facet normal -0.5141027441931963 -0.8577286100002872 0
    outer loop
      vertex 16.277824745662727 121.66070275936815 1
      vertex 16.008469557843192 121.82214804591473 0
      vertex 16.277824745662727 121.66070275936815 0
    endloop
  endfacet
  facet normal -0.595699304492442 -0.8032075314806384 0
    outer loop
      vertex 16.530058509323666 121.47363345076076 1
      vertex 16.277824745662727 121.66070275936815 0
      vertex 16.530058509323666 121.47363345076076 0
    endloop
  endfacet
  facet normal -0.6715589548470283 -0.7409511253549502 0
    outer loop
      vertex 16.76274169979695 121.26274169979695 1
      vertex 16.530058509323666 121.47363345076076 0
      vertex 16.76274169979695 121.26274169979695 0
    endloop
  endfacet
  facet normal -0.7409511253549507 -0.6715589548470277 0
    outer loop
      vertex 16.973633450760758 121.03005850932367 1
      vertex 16.76274169979695 121.26274169979695 0
      vertex 16.973633450760758 121.03005850932367 0
    endloop
  endfacet
  facet normal -0.5141027441931963 -0.8577286100002872 0
    outer loop
      vertex 16.008469557843192 121.82214804591473 1
      vertex 16.008469557843192 121.82214804591473 0
      vertex 16.277824745662727 121.66070275936815 1
    endloop
  endfacet
  facet normal -0.595699304492442 -0.8032075314806384 0
    outer loop
      vertex 16.277824745662727 121.66070275936815 1
      vertex 16.277824745662727 121.66070275936815 0
      vertex 16.530058509323666 121.47363345076076 1
    endloop
  endfacet
  facet normal -0.6715589548470283 -0.7409511253549502 0
    outer loop
      vertex 16.530058509323666 121.47363345076076 1
      vertex 16.530058509323666 121.47363345076076 0
      vertex 16.76274169979695 121.26274169979695 1
    endloop
  endfacet
  facet normal -0.7409511253549507 -0.6715589548470277 0
    outer loop
      vertex 16.76274169979695 121.26274169979695 1
      vertex 16.76274169979695 121.26274169979695 0
      vertex 16.973633450760758 121.03005850932367 1
    endloop
  endfacet
  facet normal -0.8032075314806439 -0.5956993044924348 -4.5807802870797516e-18
    outer loop
      vertex 17.160702759368146 120.77782474566273 1
      vertex 16.973633450760758 121.03005850932367 1
      vertex 16.973633450760758 121.03005850932367 0
    endloop
  endfacet
  facet normal 0 0 -1
    outer loop
      vertex 15.444469396133323 120.41349834091433 1
      vertex 15.428910967214279 122.06220907434307 1
      vertex 15.578468583078198 120.31411777071665 1
    endloop
  endfacet
  facet normal 0 0 -1
    outer loop
      vertex 15.578468583078198 120.31411777071665 1
      vertex 15.724586983568287 121.95641450403612 1
      vertex 15.70208152801713 120.20208152801713 1
    endloop
  endfacet
  facet normal 0 0 -1
    outer loop
      vertex 15.70208152801713 120.20208152801713 1
      vertex 15.724586983568287 121.95641450403612 1
      vertex 15.814117770716653 120.07846858307819 1
    endloop
  endfacet
  facet normal 0 0 -1
    outer loop
      vertex 15.724586983568287 121.95641450403612 1
      vertex 15.913498340914327 119.94446939613333 1
      vertex 15.814117770716653 120.07846858307819 1
    endloop
  endfacet
  facet normal 0 0 -1
    outer loop
      vertex 14.666629138560253 120.69181403534273 1
      vertex 14.813654849054593 122.18459112535103 1
      vertex 14.831653547427418 120.6673349766855 1
    endloop
  endfacet
  facet normal 0 0 -1
    outer loop
      vertex 14.831653547427418 120.6673349766855 1
      vertex 14.813654849054593 122.18459112535103 1
      vertex 14.993483951332585 120.62679857074475 1
    endloop
  endfacet
  facet normal 0 0 -1
    outer loop
      vertex 14.813654849054593 122.18459112535103 1
      vertex 15.12428903045161 122.13851289729034 1
      vertex 14.993483951332585 120.62679857074475 1
    endloop
  endfacet
  facet normal 0 0 -1
    outer loop
      vertex 14.993483951332585 120.62679857074475 1
      vertex 15.12428903045161 122.13851289729034 1
      vertex 15.150561835020653 120.57059520526919 1
    endloop
  endfacet
  facet normal 0 0 -1
    outer loop
      vertex 15.150561835020653 120.57059520526919 1
      vertex 15.12428903045161 122.13851289729034 1
      vertex 15.301374452604197 120.4992661493922 1
    endloop
  endfacet
  facet normal 0 0 -1
    outer loop
      vertex 15.301374452604197 120.4992661493922 1
      vertex 15.12428903045161 122.13851289729034 1
      vertex 15.428910967214279 122.06220907434307 1
    endloop
  endfacet
  facet normal 0 0 -1
    outer loop
      vertex 15.301374452604197 120.4992661493922 1
      vertex 15.428910967214279 122.06220907434307 1
      vertex 15.444469396133323 120.41349834091433 1
    endloop
  endfacet
  facet normal 0 0 -1
    outer loop
      vertex 15.578468583078198 120.31411777071665 1
      vertex 15.428910967214279 122.06220907434307 1
      vertex 15.724586983568287 121.95641450403612 1
    endloop
  endfacet
  facet normal 0 0 -1
    outer loop
      vertex 15.724586983568287 121.95641450403612 1
      vertex 16.008469557843192 121.82214804591473 1
      vertex 15.913498340914327 119.94446939613333 1
    endloop
  endfacet
  facet normal 0 0 -1
    outer loop
      vertex 16.277824745662727 116.33929724063185 1
      vertex 16.2 119 1
      vertex 16.277824745662727 121.66070275936815 1
    endloop
  endfacet
  facet normal 0 0 -1
    outer loop
      vertex 16.277824745662727 116.33929724063185 1
      vertex 16.277824745662727 121.66070275936815 1
      vertex 16.530058509323666 116.52636654923924 1
    endloop
  endfacet
  facet normal 0 0 -1
    outer loop
      vertex 16.191814035342734 119.16662913856025 1
      vertex 16.167334976685492 119.33165354742742 1
      vertex 16.277824745662727 121.66070275936815 1
    endloop
  endfacet
  facet normal 0 0 -1
    outer loop
      vertex 16.2 119 1
      vertex 16.191814035342734 119.16662913856025 1
      vertex 16.277824745662727 121.66070275936815 1
    endloop
  endfacet
  facet normal 0 0 -1
    outer loop
      vertex 16.167334976685492 119.33165354742742 1
      vertex 16.126798570744754 119.49348395133259 1
      vertex 16.277824745662727 121.66070275936815 1
    endloop
  endfacet
  facet normal 0 0 -1
    outer loop
      vertex 15.913498340914327 119.94446939613333 1
      vertex 16.008469557843192 121.82214804591473 1
      vertex 15.999266149392204 119.8013744526042 1
    endloop
  endfacet
  facet normal 0 0 -1
    outer loop
      vertex 16.070595205269186 119.65056183502065 1
      vertex 15.999266149392204 119.8013744526042 1
      vertex 16.008469557843192 121.82214804591473 1
    endloop
  endfacet
  facet normal 0 0 -1
    outer loop
      vertex 16.070595205269186 119.65056183502065 1
      vertex 16.008469557843192 121.82214804591473 1
      vertex 16.126798570744754 119.49348395133259 1
    endloop
  endfacet
  facet normal 0 0 -1
    outer loop
      vertex 16.530058509323666 116.52636654923924 1
      vertex 16.277824745662727 121.66070275936815 1
      vertex 16.530058509323666 121.47363345076076 1
    endloop
  endfacet
  facet normal 0 0 -1
    outer loop
      vertex 16.530058509323666 116.52636654923924 1
      vertex 16.530058509323666 121.47363345076076 1
      vertex 16.76274169979695 116.73725830020305 1
    endloop
  endfacet
  facet normal 0 0 -1
    outer loop
      vertex 16.76274169979695 116.73725830020305 1
      vertex 16.76274169979695 121.26274169979695 1
      vertex 16.973633450760758 116.96994149067633 1
    endloop
  endfacet
  facet normal 0 0 -1
    outer loop
      vertex 16.973633450760758 116.96994149067633 1
      vertex 16.973633450760758 121.03005850932367 1
      vertex 17.160702759368146 117.22217525433727 1
    endloop
  endfacet
  facet normal 0 0 -1
    outer loop
      vertex 16.76274169979695 116.73725830020305 1
      vertex 16.530058509323666 121.47363345076076 1
      vertex 16.76274169979695 121.26274169979695 1
    endloop
  endfacet
  facet normal 0 0 -1
    outer loop
      vertex 16.973633450760758 116.96994149067633 1
      vertex 16.76274169979695 121.26274169979695 1
      vertex 16.973633450760758 121.03005850932367 1
    endloop
  endfacet
  facet normal 0 0 -1
    outer loop
      vertex 17.160702759368146 117.22217525433727 1
      vertex 16.973633450760758 121.03005850932367 1
      vertex 17.160702759368146 120.77782474566273 1
    endloop
  endfacet
  facet normal 0 0 -1
    outer loop
      vertex 16.008469557843192 121.82214804591473 1
      vertex 16.277824745662727 121.66070275936815 1
      vertex 16.126798570744754 119.49348395133259 1
    endloop
  endfacet
  facet normal -0.8577286100002662 0.5141027441932312 0
    outer loop
      vertex 17.160702759368146 117.22217525433727 1
      vertex 17.322148045914737 117.4915304421568 0
      vertex 17.160702759368146 117.22217525433727 0
    endloop
  endfacet
  facet normal -0.903989293123448 0.42755509343027215 0
    outer loop
      vertex 17.322148045914737 117.4915304421568 1
      vertex 17.45641450403612 117.77541301643171 0
      vertex 17.322148045914737 117.4915304421568 0
    endloop
  endfacet
  facet normal -0.9415440651830204 0.33688985339222133 0
    outer loop
      vertex 17.45641450403612 117.77541301643171 1
      vertex 17.56220907434307 118.07108903278572 0
      vertex 17.45641450403612 117.77541301643171 0
    endloop
  endfacet
  facet normal -0.8577286100002662 0.5141027441932312 5.213066281509253e-18
    outer loop
      vertex 17.160702759368146 117.22217525433727 1
      vertex 17.322148045914737 117.4915304421568 1
      vertex 17.322148045914737 117.4915304421568 0
    endloop
  endfacet
  facet normal -0.903989293123448 0.42755509343027215 5.061952478207478e-18
    outer loop
      vertex 17.322148045914737 117.4915304421568 1
      vertex 17.45641450403612 117.77541301643171 1
      vertex 17.45641450403612 117.77541301643171 0
    endloop
  endfacet
  facet normal -0.9415440651830204 0.33688985339222133 -6.61547671855983e-18
    outer loop
      vertex 17.45641450403612 117.77541301643171 1
      vertex 17.56220907434307 118.07108903278572 1
      vertex 17.56220907434307 118.07108903278572 0
    endloop
  endfacet
  facet normal -0.9700312531945461 0.24298017990325563 0
    outer loop
      vertex 17.56220907434307 118.07108903278572 1
      vertex 17.638512897290337 118.3757109695484 0
      vertex 17.56220907434307 118.07108903278572 0
    endloop
  endfacet
  facet normal -0.9891765099647799 0.14673047445536938 0
    outer loop
      vertex 17.638512897290337 118.3757109695484 1
      vertex 17.68459112535103 118.6863451509454 0
      vertex 17.638512897290337 118.3757109695484 0
    endloop
  endfacet
  facet normal -0.9987954562051726 0.0490676743274143 0
    outer loop
      vertex 17.68459112535103 118.6863451509454 1
      vertex 17.7 119 0
      vertex 17.68459112535103 118.6863451509454 0
    endloop
  endfacet
  facet normal -0.9987954562051726 -0.0490676743274143 0
    outer loop
      vertex 17.7 119 1
      vertex 17.68459112535103 119.3136548490546 0
      vertex 17.7 119 0
    endloop
  endfacet
  facet normal -0.9891765099647799 -0.14673047445536938 0
    outer loop
      vertex 17.68459112535103 119.3136548490546 1
      vertex 17.638512897290337 119.6242890304516 0
      vertex 17.68459112535103 119.3136548490546 0
    endloop
  endfacet
  facet normal -0.8577286100002662 -0.5141027441932312 0
    outer loop
      vertex 17.322148045914737 120.5084695578432 1
      vertex 17.160702759368146 120.77782474566273 0
      vertex 17.322148045914737 120.5084695578432 0
    endloop
  endfacet
  facet normal -0.903989293123448 -0.42755509343027215 0
    outer loop
      vertex 17.45641450403612 120.22458698356829 1
      vertex 17.322148045914737 120.5084695578432 0
      vertex 17.45641450403612 120.22458698356829 0
    endloop
  endfacet
  facet normal -0.9700312531945461 -0.24298017990325563 0
    outer loop
      vertex 17.638512897290337 119.6242890304516 1
      vertex 17.56220907434307 119.92891096721428 0
      vertex 17.638512897290337 119.6242890304516 0
    endloop
  endfacet
  facet normal -0.9415440651830204 -0.33688985339222133 0
    outer loop
      vertex 17.56220907434307 119.92891096721428 1
      vertex 17.45641450403612 120.22458698356829 0
      vertex 17.56220907434307 119.92891096721428 0
    endloop
  endfacet
  facet normal -0.9700312531945461 0.24298017990325563 5.252150888066646e-18
    outer loop
      vertex 17.56220907434307 118.07108903278572 1
      vertex 17.638512897290337 118.3757109695484 1
      vertex 17.638512897290337 118.3757109695484 0
    endloop
  endfacet
  facet normal -0.9891765099647799 0.14673047445536938 2.4398285191437462e-18
    outer loop
      vertex 17.638512897290337 118.3757109695484 1
      vertex 17.68459112535103 118.6863451509454 1
      vertex 17.68459112535103 118.6863451509454 0
    endloop
  endfacet
  facet normal -0.9987954562051726 0.0490676743274143 1.042173579182556e-18
    outer loop
      vertex 17.68459112535103 118.6863451509454 1
      vertex 17.7 119 1
      vertex 17.7 119 0
    endloop
  endfacet
  facet normal -0.9987954562051726 -0.0490676743274143 -1.042173579182556e-18
    outer loop
      vertex 17.7 119 1
      vertex 17.68459112535103 119.3136548490546 1
      vertex 17.68459112535103 119.3136548490546 0
    endloop
  endfacet
  facet normal -0.9891765099647799 -0.14673047445536938 -2.4398285191437462e-18
    outer loop
      vertex 17.68459112535103 119.3136548490546 1
      vertex 17.638512897290337 119.6242890304516 1
      vertex 17.638512897290337 119.6242890304516 0
    endloop
  endfacet
  facet normal -0.9415440651830204 -0.33688985339222133 0
    outer loop
      vertex 17.45641450403612 120.22458698356829 1
      vertex 17.45641450403612 120.22458698356829 0
      vertex 17.56220907434307 119.92891096721428 1
    endloop
  endfacet
  facet normal -0.8577286100002662 -0.5141027441932312 0
    outer loop
      vertex 17.160702759368146 120.77782474566273 1
      vertex 17.160702759368146 120.77782474566273 0
      vertex 17.322148045914737 120.5084695578432 1
    endloop
  endfacet
  facet normal -0.903989293123448 -0.42755509343027215 -5.061952478207478e-18
    outer loop
      vertex 17.45641450403612 120.22458698356829 1
      vertex 17.322148045914737 120.5084695578432 1
      vertex 17.322148045914737 120.5084695578432 0
    endloop
  endfacet
  facet normal -0.9700312531945461 -0.24298017990325563 -5.252150888066646e-18
    outer loop
      vertex 17.638512897290337 119.6242890304516 1
      vertex 17.56220907434307 119.92891096721428 1
      vertex 17.56220907434307 119.92891096721428 0
    endloop
  endfacet
  facet normal 0 0 -1
    outer loop
      vertex 17.160702759368146 117.22217525433727 1
      vertex 17.160702759368146 120.77782474566273 1
      vertex 17.322148045914737 117.4915304421568 1
    endloop
  endfacet
  facet normal 0 0 -1
    outer loop
      vertex 17.322148045914737 117.4915304421568 1
      vertex 17.322148045914737 120.5084695578432 1
      vertex 17.45641450403612 117.77541301643171 1
    endloop
  endfacet
  facet normal 0 0 -1
    outer loop
      vertex 17.45641450403612 117.77541301643171 1
      vertex 17.45641450403612 120.22458698356829 1
      vertex 17.56220907434307 118.07108903278572 1
    endloop
  endfacet
  facet normal 0 0 -1
    outer loop
      vertex 17.45641450403612 117.77541301643171 1
      vertex 17.322148045914737 120.5084695578432 1
      vertex 17.45641450403612 120.22458698356829 1
    endloop
  endfacet
  facet normal 0 0 -1
    outer loop
      vertex 17.56220907434307 118.07108903278572 1
      vertex 17.56220907434307 119.92891096721428 1
      vertex 17.638512897290337 118.3757109695484 1
    endloop
  endfacet
  facet normal 0 0 -1
    outer loop
      vertex 17.56220907434307 118.07108903278572 1
      vertex 17.45641450403612 120.22458698356829 1
      vertex 17.56220907434307 119.92891096721428 1
    endloop
  endfacet
  facet normal 0 0 -1
    outer loop
      vertex 17.638512897290337 118.3757109695484 1
      vertex 17.56220907434307 119.92891096721428 1
      vertex 17.638512897290337 119.6242890304516 1
    endloop
  endfacet
  facet normal 0 0 -1
    outer loop
      vertex 17.638512897290337 118.3757109695484 1
      vertex 17.638512897290337 119.6242890304516 1
      vertex 17.68459112535103 118.6863451509454 1
    endloop
  endfacet
  facet normal 0 0 -1
    outer loop
      vertex 17.68459112535103 118.6863451509454 1
      vertex 17.68459112535103 119.3136548490546 1
      vertex 17.7 119 1
    endloop
  endfacet
  facet normal 0 0 -1
    outer loop
      vertex 17.68459112535103 118.6863451509454 1
      vertex 17.638512897290337 119.6242890304516 1
      vertex 17.68459112535103 119.3136548490546 1
    endloop
  endfacet
  facet normal 0 0 -1
    outer loop
      vertex 17.322148045914737 117.4915304421568 1
      vertex 17.160702759368146 120.77782474566273 1
      vertex 17.322148045914737 120.5084695578432 1
    endloop
  endfacet
endsolid OpenSCAD_Model
